-- phpMyAdmin SQL Dump
-- version 4.9.0.1
-- https://www.phpmyadmin.net/
--
-- Host: 127.0.0.1
-- Generation Time: Jan 07, 2021 at 03:57 AM
-- Server version: 10.3.15-MariaDB
-- PHP Version: 7.3.6

SET SQL_MODE = "NO_AUTO_VALUE_ON_ZERO";
SET AUTOCOMMIT = 0;
START TRANSACTION;
SET time_zone = "+00:00";


/*!40101 SET @OLD_CHARACTER_SET_CLIENT=@@CHARACTER_SET_CLIENT */;
/*!40101 SET @OLD_CHARACTER_SET_RESULTS=@@CHARACTER_SET_RESULTS */;
/*!40101 SET @OLD_COLLATION_CONNECTION=@@COLLATION_CONNECTION */;
/*!40101 SET NAMES utf8mb4 */;

--
-- Database: `db_simita`
--

-- --------------------------------------------------------

--
-- Table structure for table `aplikasi_lokal`
--

CREATE TABLE `aplikasi_lokal` (
  `id_aplikasi_lokal` int(11) NOT NULL,
  `nama_aplikasi` varchar(50) DEFAULT NULL,
  `link_aplikasi` varchar(100) DEFAULT NULL,
  `username` varchar(50) DEFAULT NULL,
  `password` varchar(50) DEFAULT NULL,
  `jenis_database` varchar(50) DEFAULT NULL,
  `id_unit` int(11) DEFAULT NULL
) ENGINE=InnoDB DEFAULT CHARSET=latin1;

--
-- Dumping data for table `aplikasi_lokal`
--

INSERT INTO `aplikasi_lokal` (`id_aplikasi_lokal`, `nama_aplikasi`, `link_aplikasi`, `username`, `password`, `jenis_database`, `id_unit`) VALUES
(7, 'AMS', 'ams.plnsumut.co.id', 'root', 'root', 'MYSQL', 1),
(8, 'Maharaja', 'http://simkat.plnsumut.co.id/', '-', '-', '-', 1),
(9, 'Smartlock', '-', '-', '-', '-', 1),
(10, 'SIMPRO', 'https://simpro.plnsmdn.com', '-', '-', '-', 88),
(11, 'AMS', 'http://amskitsbu.pln.co.id', '-', '-', '-', 85),
(12, 'Adkon', '10.35.2.35', '-', '-', '-', 107),
(13, 'Cloud', '10.35.2.60/owncloud', '-', '-', '-', 107),
(14, 'Sistem Informasi Manajemen Kendaraan', 'http://simk.plnuipsumbagut.co.id', '-', '-', '-', 107),
(17, 'PRTG Network', '10.43.202.31', '-', '-', '-', 103),
(18, 'Helpdesk P3BS', '10.43.203.34/~helpdesk', '-', '-', '-', 103),
(19, 'Database Offline SCADA', '10.43.10.79', '-', '-', '-', 103),
(20, 'SMANGKA', '10.43.203.33/~Keuangan', '-', '-', '-', 103),
(21, 'Logsheet', '10.43.203.26/~logsheet', '-', '-', '-', 103),
(22, 'MONITA ', 'http://10.43.50.5', '-', '-', 'MYSQL', 109),
(23, 'SIOPUNG', 'http://siopung.plnuipkitsum.co.id', '-', '-', 'MYSQL', 110),
(24, 'absensi', '10.26.30.13/absen', 'sti', 'STI@sumut', 'My SQL', 85),
(25, 'KITSBU-LIVE', 'http://10.26.30.10:8008/login', '-', '-', '-', 85),
(26, 'Portal KITSBU', '10.26.30.12/portal', '-', '-', '-', 85),
(27, 'PRTG', '10.26.30.39', '-', '-', '-', 85),
(28, 'Helpdesk IT', '10.26.30.12/helpdesk', '-', '-', '-', 85),
(29, 'SIPAT', '10.26.30.3/sipat', '-', '-', '-', 85),
(30, 'Unifi Controller', '10.26.30.3:8443', '-', '-', '-', 85);

-- --------------------------------------------------------

--
-- Table structure for table `data_network`
--

CREATE TABLE `data_network` (
  `data_id` int(11) NOT NULL,
  `tanggal_aktivasi` date NOT NULL,
  `service_id` varchar(20) NOT NULL,
  `service` varchar(11) NOT NULL,
  `asman` varchar(20) NOT NULL,
  `id_unit` int(11) NOT NULL,
  `keterangan` text NOT NULL,
  `no_aktivasi` varchar(30) NOT NULL,
  `scada` tinyint(1) NOT NULL COMMENT '1: scada, 0: non scada',
  `volume` int(11) NOT NULL,
  `kapasitas` varchar(11) NOT NULL
) ENGINE=InnoDB DEFAULT CHARSET=latin1;

--
-- Dumping data for table `data_network`
--

INSERT INTO `data_network` (`data_id`, `tanggal_aktivasi`, `service_id`, `service`, `asman`, `id_unit`, `keterangan`, `no_aktivasi`, `scada`, `volume`, `kapasitas`) VALUES
(1, '2020-10-06', '10000027260001', 'Internet', 'Asman Sumut 2', 264, 'KANTOR WILAYAH  SUMUT\r\n', '6988.BA/R8/AKV/ICON+/2013', 1, 1, '10 Mbps'),
(2, '2020-11-09', '990000320519096', 'IPVPN', 'Asman Sumut 1', 8, '[UIW SU - UP2D] GH PETISAH (CCTV) /JL. ROTAN PASAR PETISAH\r\n', '45547.BA/R8/AKV/ICON+/2017', 0, 1, '512 Kbps'),
(3, '2020-10-13', '990000320498066', 'VSAT IP', 'Asman Sumut 2', 266, '[UIW SU - UP2D] GH LETNAN (CCTV)\r\n', '47217.BA/R8/AKV/ICON+/2017', 0, 2, '512 Kbps');

-- --------------------------------------------------------

--
-- Table structure for table `hi`
--

CREATE TABLE `hi` (
  `id_hi` int(11) NOT NULL,
  `id_hi_standard` int(11) NOT NULL,
  `bobot_kondisi` int(11) NOT NULL,
  `bobot_port` int(11) NOT NULL,
  `bobot_urgensi` int(11) NOT NULL,
  `bobot_standard` int(11) NOT NULL,
  `bobot_lifetime` int(11) NOT NULL,
  `bobot_gangguan` int(11) NOT NULL,
  `updated_at` datetime NOT NULL,
  `status` int(11) NOT NULL
) ENGINE=InnoDB DEFAULT CHARSET=latin1;

--
-- Dumping data for table `hi`
--

INSERT INTO `hi` (`id_hi`, `id_hi_standard`, `bobot_kondisi`, `bobot_port`, `bobot_urgensi`, `bobot_standard`, `bobot_lifetime`, `bobot_gangguan`, `updated_at`, `status`) VALUES
(1, 1, 500, 1600, 2500, 230, 0, 0, '2020-10-20 00:00:00', 1),
(2, 2, 100, 250, 900, 0, 0, 0, '2020-10-20 00:00:00', 0),
(3, 3, 0, 0, 0, 0, 0, 0, '2020-10-19 00:00:00', 1),
(4, 4, 100, 250, 900, 0, 0, 0, '2020-10-19 00:00:00', 1),
(5, 5, 0, 0, 0, 230, 0, 230, '2020-10-27 02:17:24', 1),
(6, 6, 100, 1200, 1600, 0, 250, 0, '2020-10-22 00:00:00', 1),
(7, 7, 100, 1200, 1600, 125, 0, 0, '2020-10-27 04:35:05', 1),
(8, 8, 100, 250, 900, 63, 0, 63, '2020-10-27 02:15:24', 1),
(9, 9, 100, 250, 900, 63, 125, 63, '2020-10-27 04:34:45', 1),
(10, 10, 500, 1600, 2500, 230, 0, 0, '2020-10-27 06:29:49', 1),
(11, 11, 0, 0, 0, 230, 460, 0, '2020-10-27 06:30:18', 1);

-- --------------------------------------------------------

--
-- Table structure for table `hi_standard`
--

CREATE TABLE `hi_standard` (
  `id_hi_standard` int(11) NOT NULL,
  `bobot_kondisi` int(11) NOT NULL,
  `bobot_port` int(11) NOT NULL,
  `bobot_urgensi` int(11) NOT NULL,
  `bobot_standard` float NOT NULL,
  `bobot_lifetime` int(11) NOT NULL,
  `bobot_gangguan` float NOT NULL
) ENGINE=InnoDB DEFAULT CHARSET=latin1;

--
-- Dumping data for table `hi_standard`
--

INSERT INTO `hi_standard` (`id_hi_standard`, `bobot_kondisi`, `bobot_port`, `bobot_urgensi`, `bobot_standard`, `bobot_lifetime`, `bobot_gangguan`) VALUES
(1, 500, 1600, 2500, 230, 460, 230),
(2, 100, 250, 900, 62.5, 125, 62.5),
(3, 500, 1600, 2500, 230, 460, 230),
(4, 100, 250, 900, 62.5, 125, 62.5),
(5, 500, 1600, 2500, 230, 460, 230),
(6, 100, 1200, 1600, 125, 250, 125),
(7, 100, 1200, 1600, 125, 250, 125),
(8, 100, 250, 900, 62.5, 125, 62.5),
(9, 100, 250, 900, 62.5, 125, 62.5),
(10, 500, 1600, 2500, 230, 460, 230),
(11, 500, 1600, 2500, 230, 460, 230);

-- --------------------------------------------------------

--
-- Table structure for table `it_support`
--

CREATE TABLE `it_support` (
  `id` int(11) NOT NULL,
  `nama` varchar(64) NOT NULL,
  `no_hp` char(12) NOT NULL,
  `email` varchar(64) NOT NULL,
  `penempatan` varchar(64) NOT NULL
) ENGINE=InnoDB DEFAULT CHARSET=latin1;

--
-- Dumping data for table `it_support`
--

INSERT INTO `it_support` (`id`, `nama`, `no_hp`, `email`, `penempatan`) VALUES
(2, 'Alfahri Harriza', '085261090890', 'fahrial.ramadhan98@gmail.com', 'Aceh Selatan');

-- --------------------------------------------------------

--
-- Table structure for table `komputer`
--

CREATE TABLE `komputer` (
  `id_komputer` int(11) NOT NULL,
  `id_merek` int(11) DEFAULT NULL,
  `spesifikasi` varchar(200) DEFAULT NULL,
  `ip_address` varchar(50) DEFAULT NULL,
  `nama_pengguna` varchar(50) DEFAULT NULL,
  `id_unit` int(11) DEFAULT NULL,
  `status_kepemilikan` varchar(50) DEFAULT NULL,
  `tahun` int(4) DEFAULT NULL,
  `id_vendor` int(11) DEFAULT NULL
) ENGINE=InnoDB DEFAULT CHARSET=latin1;

--
-- Dumping data for table `komputer`
--

INSERT INTO `komputer` (`id_komputer`, `id_merek`, `spesifikasi`, `ip_address`, `nama_pengguna`, `id_unit`, `status_kepemilikan`, `tahun`, `id_vendor`) VALUES
(1, 8, 'Intel Core i3', '10.16.107.146', 'WSUKWLAHLI09P', 1, 'Sewa', 2016, 3),
(2, 8, 'Intel Core i3', '10.16.103.76', 'WSUKWLAHLI04P', 1, 'Sewa', 2016, 3),
(3, 8, 'Intel Core i3', '10.16.103.77', 'WSUKWLAHLI11P', 1, 'Sewa', 2016, 3),
(4, 8, 'Intel Core i3', '10.16.103.78', 'WSUKWLAHLI03P', 1, 'Sewa', 2016, 3),
(5, 8, 'Intel Core i3', '10.16.103.80', 'WSUKWLAHLI06P', 1, 'Sewa', 2016, 3),
(6, 8, 'Intel Core i3', '10.16.103.81', 'WSUKWLAHLI10P', 1, 'Sewa', 2016, 3),
(7, 8, 'Intel Core i3', '10.16.102.122', 'WSUKWLMSDM01P', 1, 'Sewa', 2016, 3),
(8, 8, 'Intel Core i3', '10.16.102.121', 'WSUKWLSAHL02P', 1, 'Sewa', 2016, 3),
(9, 8, 'Intel Core i3', '10.16.102.79', 'WSUKWLSFAS01P', 1, 'Sewa', 2016, 3),
(10, 8, 'Intel Core i3', '10.16.102.119', 'WSUKWLSFAS10P', 1, 'Sewa', 2016, 3),
(11, 8, 'Intel Core i3', '10.16.102.120', 'WSUKWLAHLI13P', 1, 'Sewa', 2016, 3),
(12, 8, 'Intel Core i3', '10.16.102.81', 'WSUKWDMADMUMUMPC', 1, 'Sewa', 2016, 3),
(13, 8, 'Intel Core i3', '10.16.102.76', 'WSUKWLSFAS06P', 1, 'Sewa', 2016, 3),
(14, 8, 'Intel Core i3', '10.16.102.77', 'WSUKWLSFAS08P', 1, 'Sewa', 2016, 3),
(15, 8, 'Intel Core i3', '10.16.102.78', 'WSUKWLSFAS09P', 1, 'Sewa', 2016, 3),
(16, 8, 'Intel Core i3', '10.16.102.83', 'WSUKWLSFAS07P', 1, 'Sewa', 2016, 3),
(17, 8, 'Intel Core i3', '10.16.102.80', 'WSUKWLSFAS05P', 1, 'Sewa', 2016, 3),
(18, 8, 'Intel Core i3', '10.16.102.91', 'WSUKWDMBANGSDM1', 1, 'Sewa', 2016, 3),
(19, 8, 'Intel Core i3', '10.16.102.92', 'WSUKWLSPAD01P', 1, 'Sewa', 2016, 3),
(20, 8, 'Intel Core i3', '10.16.102.93', 'WSUKWLSPAD02P', 1, 'Sewa', 2016, 3),
(21, 8, 'Intel Core i3', '10.16.102.94', 'WSUKWLSPAD04P', 1, 'Sewa', 2016, 3),
(22, 8, 'Intel Core i3', '10.16.102.96', 'WSUKWLSPAD05P', 1, 'Sewa', 2016, 3),
(23, 8, 'Intel Core i3', '10.16.105.80', 'WSUKWLSHHM04P', 1, 'Sewa', 2016, 3),
(24, 8, 'Intel Core i3', '10.16.105.76', 'WSUKWLKAHL10P', 1, 'Sewa', 2016, 3),
(25, 8, 'Intel Core i3', '10.16.105.77', 'WSUKWLSHHM05P', 1, 'Sewa', 2016, 3),
(26, 8, 'Intel Core i3', '10.16.105.78', 'WSUKWLSHHM06P', 1, 'Sewa', 2016, 3),
(27, 8, 'Intel Core i3', '10.16.105.79', 'WSUKWLSHHM08P', 1, 'Sewa', 2016, 3),
(28, 8, 'Intel Core i3', '10.16.105.81', 'WSUKWLRPDN02P', 1, 'Sewa', 2016, 3),
(29, 8, 'Intel Core i3', '10.16.105.87', 'WSUKWLSHHM09P', 1, 'Sewa', 2016, 3),
(30, 8, 'Intel Core i3', '10.16.105.88', 'WSUKWLSHHM10P', 1, 'Sewa', 2016, 3),
(31, 8, 'Intel Core i3', '10.16.105.84', 'WSUKWDMKUMHUMASPC', 1, 'Sewa', 2016, 3),
(32, 8, 'Intel Core i3', '10.16.105.86', 'WSUKWLSHHM03P', 1, 'Sewa', 2016, 3),
(33, 8, 'Intel Core i3', '10.16.105.110', 'WSUKWDMADMPEGPC', 1, 'Sewa', 2016, 3),
(34, 8, 'Intel Core i3', '10.16.105.91', 'WSUKWLSADM15P', 1, 'Sewa', 2016, 3),
(35, 8, 'Intel Core i3', '10.16.105.92', 'WSUKWLSADM13P', 1, 'Sewa', 2016, 3),
(36, 8, 'Intel Core i3', '10.16.105.93', 'WSUKWLSADM11P', 1, 'Sewa', 2016, 3),
(37, 8, 'Intel Core i3', '10.16.105.94', 'WSUKWLSADM10P', 1, 'Sewa', 2016, 3),
(38, 8, 'Intel Core i3', '10.16.105.95', 'WSUKWLSADM12P', 1, 'Sewa', 2016, 3),
(39, 8, 'Intel Core i3', '10.16.105.170', 'WSUKWLSADM04P', 1, 'Sewa', 2016, 3),
(40, 8, 'Intel Core i3', '10.16.105.97', 'WSUKWLSADM09P', 1, 'Sewa', 2016, 3),
(41, 8, 'Intel Core i3', '10.16.105.98', 'WSUKWLSADM02P', 1, 'Sewa', 2016, 3),
(42, 8, 'Intel Core i3', '10.16.105.99', 'WSUKWLADM05P', 1, 'Sewa', 2016, 3),
(43, 8, 'Intel Core i3', '10.16.105.102', 'WSUKWLSADM14P', 1, 'Sewa', 2016, 3),
(44, 8, 'Intel Core i3', '10.16.109.76', 'WSUKWLSADM06P', 1, 'Sewa', 2016, 3),
(45, 8, 'Intel Core i3', '10.16.109.77', 'WSUKWLSADM06-P', 1, 'Sewa', 2016, 3),
(46, 8, 'Intel Core i3', '10.16.105.128', 'WSUKWLSADM07P', 1, 'Sewa', 2016, 3),
(47, 8, 'Intel Core i3', '10.16.105.130', 'WSUKWLSFAS14P', 1, 'Sewa', 2016, 3),
(48, 8, 'Intel Core i3', '10.16.105.125', 'WSUKWLSFAS18P', 1, 'Sewa', 2016, 3),
(49, 8, 'Intel Core i3', '10.16.105.126', 'WSUKWLSFAS16P', 1, 'Sewa', 2016, 3),
(50, 8, 'Intel Core i3', '10.16.105.127', 'WSUKWLSFAS17P', 1, 'Sewa', 2016, 3),
(51, 8, 'Intel Core i3', '10.16.105.131', 'WSUKWLSFAS122PR', 1, 'Sewa', 2016, 3),
(52, 8, 'Intel Core i3', '10.16.109.72', 'WSUKWLSFAS13P', 1, 'Sewa', 2016, 3),
(53, 8, 'Intel Core i3', '10.16.109.111', 'WSUKWLSFAS03P', 1, 'Sewa', 2016, 3),
(54, 8, 'Intel Core i3', '10.16.103.142', 'WSUKWLMDIS01P', 1, 'Sewa', 2016, 3),
(55, 8, 'Intel Core i3', '10.16.103.220', 'WSUKWLDAHL02P', 1, 'Sewa', 2016, 3),
(56, 8, 'Intel Core i3', '10.16.103.101', 'WSUKWDMOPHARDISPC', 1, 'Sewa', 2016, 3),
(57, 8, 'Intel Core i3', '10.16.103.92', 'WSUKWLDPOL04P', 1, 'Sewa', 2016, 3),
(58, 8, 'Intel Core i3', '10.16.103.93', 'WSUKWLDPOL05P', 1, 'Sewa', 2016, 3),
(59, 8, 'Intel Core i3', '10.16.103.107', 'WSUKWOPHARDIS0', 1, 'Sewa', 2016, 3),
(60, 8, 'Intel Core i3', '10.16.103.100', 'WSUKWLDREN01P', 1, 'Sewa', 2016, 3),
(61, 8, 'Intel Core i3', '10.16.103.88', 'WSUKWLNIPP02P', 1, 'Sewa', 2016, 3),
(62, 8, 'Intel Core i3', '10.16.103.94', 'WSUKWLDPOL07P', 1, 'Sewa', 2016, 3),
(63, 8, 'Intel Core i3', '10.16.103.86', 'WSUKWDMKONSPC', 1, 'Sewa', 2016, 3),
(64, 8, 'Intel Core i3', '10.16.103.87', 'WSUKWLUPK210P', 1, 'Sewa', 2016, 3),
(65, 8, 'Intel Core i3', '10.16.103.89', 'WSUKWLDKON02P', 1, 'Sewa', 2016, 3),
(66, 8, 'Intel Core i3', '10.16.103.95', 'WSUKWDMDALOPDISCPC1', 1, 'Sewa', 2016, 3),
(67, 8, 'Intel Core i3', '10.16.103.217', 'WSUKWLDPOL13P', 1, 'Sewa', 2016, 3),
(68, 8, 'Intel Core i3', '10.16.103.91', 'WSUKWLDPOL03P', 1, 'Sewa', 2016, 3),
(69, 8, 'Intel Core i3', '10.16.103.99', 'WSUKWLUPK212P', 1, 'Sewa', 2016, 3),
(70, 8, 'Intel Core i3', '10.16.103.96', 'WSUKWLDPOL02P', 1, 'Sewa', 2016, 3),
(71, 8, 'Intel Core i3', '10.16.103.97', 'WSUKWLDREN02-P', 1, 'Sewa', 2016, 3),
(72, 8, 'Intel Core i3', '10.16.103.98', 'WSUKWLDPOL01P', 1, 'Sewa', 2016, 3),
(73, 8, 'Intel Core i3', '10.16.103.135', 'WSUKWDMEFESIENSIPC', 1, 'Sewa', 2016, 3),
(74, 8, 'Intel Core i3', '10.16.103.127', 'WSUKWLDAHL01P', 1, 'Sewa', 2016, 3),
(75, 8, 'Intel Core i3', '10.16.103.128', 'WSUKWLDEFF08P', 1, 'Sewa', 2016, 3),
(76, 8, 'Intel Core i3', '10.16.103.129', 'WSUKWLDEFF09P', 1, 'Sewa', 2016, 3),
(77, 8, 'Intel Core i3', '10.16.103.130', 'WSUKWLDEFF01P', 1, 'Sewa', 2016, 3),
(78, 8, 'Intel Core i3', '10.16.103.131', 'WSUKWLDEFF06P', 1, 'Sewa', 2016, 3),
(79, 8, 'Intel Core i3', '10.16.103.132', 'WSUKWLDEFF05P', 1, 'Sewa', 2016, 3),
(80, 8, 'Intel Core i3', '10.16.103.133', 'WSUKWLDEFF02P', 1, 'Sewa', 2016, 3),
(81, 8, 'Intel Core i3', '10.16.103.134', 'WSUKWLDEFF07P', 1, 'Sewa', 2016, 3),
(82, 8, 'Intel Core i3', '10.16.103.136', 'WSUKWLDEFF04P', 1, 'Sewa', 2016, 3),
(83, 8, 'Intel Core i3', '10.16.103.38', 'WSU-KWLSFAS04P', 1, 'Sewa', 2016, 3),
(84, 8, 'Intel Core i3', '10.16.103.126', 'WSUKWLDEFF03P', 1, 'Sewa', 2016, 3),
(85, 8, 'Intel Core i3', '10.16.106.150', 'WSUKWLAHLI12P', 1, 'Sewa', 2016, 3),
(86, 8, 'Intel Core i3', '10.16.106.151', 'WSUKWLAHLI02P', 1, 'Sewa', 2016, 3),
(87, 8, 'Intel Core i3', '10.16.103.102', 'WSUKWLDPOL09P', 1, 'Sewa', 2016, 3),
(88, 8, 'Intel Core i3', '10.16.103.106', 'WSUKWLDPOL10-P', 1, 'Sewa', 2016, 3),
(89, 8, 'Intel Core i3', '10.16.103.103', 'WSUKWLDREN03P', 1, 'Sewa', 2016, 3),
(90, 8, 'Intel Core i3', '10.16.103.105', 'WSUKWLAHLI01P', 1, 'Sewa', 2016, 3),
(91, 8, 'Intel Core i3', '10.16.103.106', 'WSUKWLAHLI01P', 1, 'Sewa', 2016, 3),
(92, 8, 'Intel Core i3', '10.16.103.111', 'WSUKWLDPOL12P', 1, 'Sewa', 2016, 3),
(93, 8, 'Intel Core i3', '10.16.103.108', 'WSUKWLDPOL11P', 1, 'Sewa', 2016, 3),
(94, 8, 'Intel Core i3', '10.16.103.90', 'WSUKWLDKON01P', 1, 'Sewa', 2016, 3),
(95, 8, 'Intel Core i3', '10.16.105.116', 'WSUKWLRPDN04P', 1, 'Sewa', 2016, 3),
(96, 8, 'Intel Core i3', '10.16.105.117', 'WSUKWILSADM-08P', 1, 'Sewa', 2016, 3),
(97, 8, 'Intel Core i3', '10.16.105.118', 'WSUKWLRPDN01P', 1, 'Sewa', 2016, 3),
(98, 8, 'Intel Core i3', '10.16.105.120', 'WSUKWLPPDN02', 1, 'Sewa', 2016, 3),
(99, 8, 'Intel Core i3', '10.16.105.122', 'WSUKWLRPDN03P', 1, 'Sewa', 2016, 3),
(100, 8, 'Intel Core i3', '10.16.105.123', 'WSUKWLSADM01-P', 1, 'Sewa', 2016, 3),
(101, 8, 'Intel Core i3', '10.16.105.106', 'WSUKPJLAKDAN', 1, 'Sewa', 2016, 3),
(102, 8, 'Intel Core i3', '10.16.105.108', 'WSUKWLNAHL02P', 1, 'Sewa', 2016, 3),
(103, 8, 'Intel Core i3', '10.16.105.109', 'WSUKWLPPDN01P', 1, 'Sewa', 2016, 3),
(104, 8, 'Intel Core i3', '10.16.105.110', 'WSUKWLPPDN02P', 1, 'Sewa', 2016, 3),
(105, 8, 'Intel Core i3', '10.16.105.173', 'WSUKWLRPER03', 1, 'Sewa', 2016, 3),
(106, 8, 'Intel Core i3', '10.16.105.111', 'WSUKWLPPDN04P', 1, 'Sewa', 2016, 3),
(107, 8, 'Intel Core i3', '10.16.106.111', 'WSUKWRENMES', 1, 'Sewa', 2016, 3),
(108, 8, 'Intel Core i3', '10.16.106.76', 'WSUKWLRPER05P', 1, 'Sewa', 2016, 3),
(109, 8, 'Intel Core i3', '10.16.106.77', 'WSUKWLNADM-13P', 1, 'Sewa', 2016, 3),
(110, 8, 'Intel Core i3', '10.16.106.184', 'WSUKWLRPER01', 1, 'Sewa', 2016, 3),
(111, 8, 'Intel Core i3', '10.16.106.79', 'WSUKWDMRENUSPC', 1, 'Sewa', 2016, 3),
(112, 8, 'Intel Core i3', '10.16.106.80', 'WSUKWLMREN01P', 1, 'Sewa', 2016, 3),
(113, 8, 'Intel Core i3', '10.16.106.91', 'WSUKWLRSIS05P', 1, 'Sewa', 2016, 3),
(114, 8, 'Intel Core i3', '10.16.106.92', 'WSUKWLRSIS01Pb', 1, 'Sewa', 2016, 3),
(115, 8, 'Intel Core i3', '10.16.106.93', 'WSUKWLRSIS02P', 1, 'Sewa', 2016, 3),
(116, 8, 'Intel Core i3', '10.16.106.94', 'WSUKWLRSIS04P', 1, 'Sewa', 2016, 3),
(117, 8, 'Intel Core i3', '10.16.106.95', 'WSUKWLRSIS03P13', 1, 'Sewa', 2016, 3),
(118, 8, 'Intel Core i3', '10.16.106.96', 'WSUKWLKKEU10', 1, 'Sewa', 2016, 3),
(119, 8, 'Intel Core i3', '10.16.106.97', 'WSUKWLDMRENSISPC', 1, 'Sewa', 2016, 3),
(120, 8, 'Intel Core i3', '10.16.106.99', 'WSUKWLRSIS06P', 1, 'Sewa', 2016, 3),
(121, 8, 'Intel Core i3', '10.16.106.112', 'WSUKWLREN01P', 1, 'Sewa', 2016, 3),
(122, 8, 'Intel Core i3', '10.16.107.142', 'WSUKWLMAGA-01P', 1, 'Sewa', 2016, 3),
(123, 8, 'Intel Core i3', '10.16.107.76', 'WSUKWLNADM05P', 1, 'Sewa', 2016, 3),
(124, 8, 'Intel Core i3', '10.16.107.78', 'WSUKWLNADM04P', 1, 'Sewa', 2016, 3),
(125, 8, 'Intel Core i3', '10.16.107.80', 'WSUKWDMADMAGAPC', 1, 'Sewa', 2016, 3),
(126, 8, 'Intel Core i3', '10.16.107.81', 'WSUKWPEJRENPGDNPC', 1, 'Sewa', 2016, 3),
(127, 8, 'Intel Core i3', '10.16.107.82', 'WSUKWLNADM10P', 1, 'Sewa', 2016, 3),
(128, 8, 'Intel Core i3', '10.16.107.83', 'WSUKWLNADM06P', 1, 'Sewa', 2016, 3),
(129, 8, 'Intel Core i3', '10.16.107.84', 'WSUKWLNADM07P', 1, 'Sewa', 2016, 3),
(130, 8, 'Intel Core i3', '10.16.107.85', 'WSUKWLNADM09P', 1, 'Sewa', 2016, 3),
(131, 8, 'Intel Core i3', '10.16.107.86', 'WSUKWLNADM12P', 1, 'Sewa', 2016, 3),
(132, 8, 'Intel Core i3', '10.16.107.87', 'WSUKWLNADM08P', 1, 'Sewa', 2016, 3),
(133, 8, 'Intel Core i3', '10.16.107.118', 'WSUKWLNSAR06P', 1, 'Sewa', 2016, 3),
(134, 8, 'Intel Core i3', '10.16.107.119', 'WSUKWLNSAR08', 1, 'Sewa', 2016, 3),
(135, 8, 'Intel Core i3', '10.16.107.88', 'WSUKWLNADM11P', 1, 'Sewa', 2016, 3),
(136, 8, 'Intel Core i3', '10.16.107.91', 'WSUKWLNREV02P', 1, 'Sewa', 2016, 3),
(137, 8, 'Intel Core i3', '10.16.107.100', 'WSUKWLNADM01P', 1, 'Sewa', 2016, 3),
(138, 8, 'Intel Core i3', '10.16.107.102', 'WSUKWDMREVASPC', 1, 'Sewa', 2016, 3),
(139, 8, 'Intel Core i3', '10.16.107.104', 'WSUKWLNADM14P', 1, 'Sewa', 2016, 3),
(140, 8, 'Intel Core i3', '10.16.107.106', 'WSUKWLNSAR01P', 1, 'Sewa', 2016, 3),
(141, 8, 'Intel Core i3', '10.16.107.107', 'WSUKWLNSAR02P', 1, 'Sewa', 2016, 3),
(142, 8, 'Intel Core i3', '10.16.107.108', 'WSUKWLNIPP01P', 1, 'Sewa', 2016, 3),
(143, 8, 'Intel Core i3', '10.16.107.109', 'WSUKWLUPK06P', 1, 'Sewa', 2016, 3),
(144, 8, 'Intel Core i3', '10.16.107.123', 'WSUKWLNIPP03P', 1, 'Sewa', 2016, 3),
(145, 8, 'Intel Core i3', '10.16.107.113', 'WSUKWLNSAR04P', 1, 'Sewa', 2016, 3),
(146, 8, 'Intel Core i3', '10.16.107.111', 'WSUKWLNSAR05P', 1, 'Sewa', 2016, 3),
(147, 8, 'Intel Core i3', '10.16.107.117', 'WSUKWLNSAR03P', 1, 'Sewa', 2016, 3),
(148, 8, 'Intel Core i3', '10.16.107.110', 'WSUKWDMIPPC', 1, 'Sewa', 2016, 3),
(149, 8, 'Intel Core i3', 'DHCP', 'WSUKWLKANG06', 1, 'Sewa', 2016, 3),
(150, 8, 'Intel Core i3', '10.16.107.135', 'WSUKWLBSI01P', 1, 'Sewa', 2016, 3),
(151, 8, 'Intel Core i3', '10.16.107.222', 'WSUKWLBSI02P', 1, 'Sewa', 2016, 3),
(152, 8, 'Intel Core i3', '10.16.107.141', 'WSUKWLNAHL01P', 1, 'Sewa', 2016, 3),
(153, 8, 'Intel Core i3', '10.16.107.79', 'WSUKWLNADM14P', 1, 'Sewa', 2016, 3),
(154, 8, 'Intel Core i3', '10.16.107.90', 'WSUKWLSHHM07P', 1, 'Sewa', 2016, 3),
(155, 8, 'Intel Core i3', '10.16.115.142', 'WSUKWLMKEU01P', 1, 'Sewa', 2016, 3),
(156, 8, 'Intel Core i3', '10.16.115.141', 'WSUKWLKAN02P', 1, 'Sewa', 2016, 3),
(157, 8, 'Intel Core i3', '10.16.115.84', 'WSUKWDMANG01', 1, 'Sewa', 2016, 3),
(158, 8, 'Intel Core i3', '10.16.115.76', 'WSUKWLKKEU16P', 1, 'Sewa', 2016, 3),
(159, 8, 'Intel Core i3', '10.16.115.78', 'WSUSBGKOTAPKT1', 1, 'Sewa', 2016, 3),
(160, 8, 'Intel Core i3', '10.16.115.79', 'WSUKWLKANG03P', 1, 'Sewa', 2016, 3),
(161, 8, 'Intel Core i3', '10.16.115.80', 'WSUKWLKANG04P', 1, 'Sewa', 2016, 3),
(162, 8, 'Intel Core i3', '10.16.115.81', 'WSUKWLKANG05', 1, 'Sewa', 2016, 3),
(163, 8, 'Intel Core i3', '10.16.115.82', 'WSUKWLKANG-02', 1, 'Sewa', 2016, 3),
(164, 8, 'Intel Core i3', '10.16.115.83', 'WSUKWLKANG02-', 1, 'Sewa', 2016, 3),
(165, 8, 'Intel Core i3', '10.16.115.104', 'WSUKWDMAKUNPC', 1, 'Sewa', 2016, 3),
(166, 8, 'Intel Core i3', '10.16.115.98', 'WSUKWLKAKT06', 1, 'Sewa', 2016, 3),
(167, 8, 'Intel Core i3', '10.16.115.99', 'WSUKWLKAKT03', 1, 'Sewa', 2016, 3),
(168, 8, 'Intel Core i3', '10.16.115.100', 'WSUKWLKAKT02', 1, 'Sewa', 2016, 3),
(169, 8, 'Intel Core i3', '10.16.115.101', 'WSUKWLKAKT05', 1, 'Sewa', 2016, 3),
(170, 8, 'Intel Core i3', '10.16.115.102', 'WSUKWLKKEU06', 1, 'Sewa', 2016, 3),
(171, 8, 'Intel Core i3', '10.16.115.128', 'WSUKWDMKEUPC', 1, 'Sewa', 2016, 3),
(172, 8, 'Intel Core i3', '10.16.115.117', 'WSUKWLKKEU07', 1, 'Sewa', 2016, 3),
(173, 8, 'Intel Core i3', '10.16.115.118', 'WSUKWLKKEU08', 1, 'Sewa', 2016, 3),
(174, 8, 'Intel Core i3', '10.16.115.119', 'WSUKWLKKEU01KU', 1, 'Sewa', 2016, 3),
(175, 8, 'Intel Core i3', '10.16.115.126', 'WSUKWLKKEU15P', 1, 'Sewa', 2016, 3),
(176, 8, 'Intel Core i3', '10.16.115.127', 'WSUKWLKKEU17Q', 1, 'Sewa', 2016, 3),
(177, 8, 'Intel Core i3', '10.16.115.136', 'WSUKWLKKEU02', 1, 'Sewa', 2016, 3),
(178, 8, 'Intel Core i3', '10.16.115.137', 'WSUKWLKKEU04', 1, 'Sewa', 2016, 3),
(179, 8, 'Intel Core i3', '10.16.115.123', 'WSUKWLKKEU-03', 1, 'Sewa', 2016, 3),
(180, 8, 'Intel Core i3', '10.16.115.130', 'WSUKWLNSAR07P', 1, 'Sewa', 2016, 3),
(181, 8, 'Intel Core i3', '10.16.115.77', 'WSUKWLKAN04P', 1, 'Sewa', 2016, 3),
(182, 8, 'Intel Core i3', '10.16.115.96', 'WSUKWLKAKT04', 1, 'Sewa', 2016, 3),
(183, 8, 'Intel Core i3', '10.16.115.97', 'WSUKWLKAKT01', 1, 'Sewa', 2016, 3),
(184, 8, 'Intel Core i3', '10.16.115.103', 'WSUKWLKANG07', 1, 'Sewa', 2016, 3),
(185, 8, 'Intel Core i3', '10.16.107.137', 'WSUKLLAHLI05P', 1, 'Sewa', 2016, 3),
(186, 8, 'Intel Core i3', '10.16.107.128', 'WSUKWLUPK505P', 1, 'Sewa', 2016, 3),
(187, 8, 'Intel Core i3', '10.16.107.127', 'WSUKWLUPK214P', 1, 'Sewa', 2016, 3),
(188, 8, 'Intel Core i3', '10.16.107.128', 'WSUKWLUPK207P-', 1, 'Sewa', 2016, 3),
(189, 8, 'Intel Core i3', '10.16.107.129', 'WSUKWLUPK201P', 1, 'Sewa', 2016, 3),
(190, 8, 'Intel Core i3', '10.16.107.131', 'WSUKWLUPK203P', 1, 'Sewa', 2016, 3),
(191, 8, 'Intel Core i3', '10.16.107.132', 'WSUKWLUPK211-P', 1, 'Sewa', 2016, 3),
(192, 8, 'Intel Core i3', '10.16.107.139', 'WSUKWLDREN02P', 1, 'Sewa', 2016, 3),
(193, 8, 'Intel Core i3', '10.16.107.140', 'WSUKWLUPK209P', 1, 'Sewa', 2016, 3),
(194, 8, 'Intel Core i3', '10.16.107.143', 'WSUKWLUPK215P', 1, 'Sewa', 2016, 3),
(195, 8, 'Intel Core i3', '10.16.107.151', 'WSUKWLPPDN05P', 1, 'Sewa', 2016, 3),
(196, 8, 'Intel Core i3', '10.16.107.145', 'WSUKWLUPPK216P', 1, 'Sewa', 2016, 3),
(197, 8, 'Intel Core i3', '10.16.107.144', 'WSUKWLUPPK218P', 1, 'Sewa', 2016, 3),
(198, 8, 'Intel Core i3', '10.16.107.134', 'WSUKWLUPK202P', 1, 'Sewa', 2016, 3),
(199, 8, 'Intel Core i3', '10.16.107.133', 'WSUKWLUPK208P', 1, 'Sewa', 2016, 3),
(200, 8, 'Intel Core i3', '10.16.114.51', 'WSUAPDAMA01P', 1, 'Sewa', 2016, 3),
(201, 8, 'Intel Core i3', '10.16.114.88', 'WSUAPDAOPR07P', 1, 'Sewa', 2016, 3),
(202, 8, 'Intel Core i3', '10.16.114.71', 'WSUAPDAOPR02X', 1, 'Sewa', 2016, 3),
(203, 8, 'Intel Core i3', '10.16.114.76', 'WSUKWLPPDN03P', 1, 'Sewa', 2016, 3),
(204, 8, 'Intel Core i3', '10.16.114.77', 'WSUAPDAOPR11P', 1, 'Sewa', 2016, 3),
(205, 8, 'Intel Core i3', '10.16.114.78', 'WSUAPDAOPR06', 1, 'Sewa', 2016, 3),
(206, 8, 'Intel Core i3', '10.16.114.79', 'WSUAPDASCD01P', 1, 'Sewa', 2016, 3),
(207, 8, 'Intel Core i3', '10.16.114.80', 'WSUAPDASCD02P', 1, 'Sewa', 2016, 3),
(208, 8, 'Intel Core i3', '10.16.114.96', 'WSUAPDAOPR01P', 1, 'Sewa', 2016, 3),
(209, 8, 'Intel Core i3', '10.16.114.97', 'WSUAPDAREN01P', 1, 'Sewa', 2016, 3),
(210, 8, 'Intel Core i3', '10.16.114.98', 'WSUAPDAREN02Z', 1, 'Sewa', 2016, 3),
(211, 8, 'Intel Core i3', '10.16.114.99', 'WSUAPDAOPR05-P', 1, 'Sewa', 2016, 3),
(212, 8, 'Intel Core i3', '10.16.114.100', 'WSUAPDROPR02P', 1, 'Sewa', 2016, 3),
(213, 8, 'Intel Core i3', '10.16.114.101', 'WSUAPDOPR-15', 1, 'Sewa', 2016, 3),
(214, 8, 'Intel Core i3', '10.16.114.102', 'WSUAPDAREN02-P', 1, 'Sewa', 2016, 3),
(215, 8, 'Intel Core i3', '10.16.114.103', 'WSUAPDAREN13', 1, 'Sewa', 2016, 3),
(216, 8, 'Intel Core i3', '10.16.114.104', 'WSUAPDAREN11', 1, 'Sewa', 2016, 3),
(217, 8, 'Intel Core i3', '10.16.114.105', 'WSUAPDAOP11Z', 1, 'Sewa', 2016, 3),
(218, 8, 'Intel Core i3', '10.16.114.117', 'WSUAPDADPSPV1', 1, 'Sewa', 2016, 3),
(219, 8, 'Intel Core i3', '10.16.114.106', 'WSUAPDAOPR-01', 1, 'Sewa', 2016, 3),
(220, 8, 'Intel Core i3', '10.16.114.108', 'WSUAPDAOPR04P', 1, 'Sewa', 2016, 3),
(221, 8, 'Intel Core i3', '10.16.114.111', 'WSUAPDAOP8-A', 1, 'Sewa', 2016, 3),
(222, 8, 'Intel Core i3', '10.16.114.112', 'WSUAPPKEU11P', 1, 'Sewa', 2016, 3),
(223, 8, 'Intel Core i3', '10.16.114.113', 'WSUAPDAOPR-10P', 1, 'Sewa', 2016, 3),
(224, 8, 'Intel Core i3', '10.16.114.114', 'WSUAPDAREN04', 1, 'Sewa', 2016, 3),
(225, 8, 'Intel Core i3', '10.16.114.115', 'WSUAPDAOPR01LZ', 1, 'Sewa', 2016, 3),
(226, 8, 'Intel Core i3', '10.16.114.85', 'WSUAPDAOPR09P', 1, 'Sewa', 2016, 3),
(227, 8, 'Intel Core i3', 'DHCP', 'WSUKWLKKEU09', 1, 'Sewa', 2016, 3),
(228, 8, 'Intel Core i3', '10.16.106.122', 'WSUKWLSHHM02PA', 1, 'Sewa', 2016, 3),
(229, 8, 'Intel Core i3', '10.16.106.123', 'WSUKWLSHHM01P', 1, 'Sewa', 2016, 3),
(230, 8, 'Intel Core i3', 'DHCP', 'WSUKWLSFAS12P', 1, 'Sewa', 2016, 3),
(231, 8, 'Intel Core i3', 'DHCP', 'WSUKWLAHLI08P', 1, 'Sewa', 2016, 3),
(232, 8, 'Intel Core i3', 'DHCP', 'WSUKWLUPK204P', 1, 'Sewa', 2016, 3),
(233, 32, 'Intel Core i3', 'DHCP', 'WSUKWLPLNPC1', 1, 'Sewa', 2016, 3),
(234, 32, 'Intel Core i3', '10.16.105.85', 'WSUKWMAGA', 1, 'Aset PLN', 2012, 0),
(235, 32, 'Intel Core i3', '10.16.107.202', 'WSUKWMAGA', 1, 'Aset PLN', 2012, 0),
(236, 32, 'Intel Core i3', '10.16.105.107', 'WSUKKWPGDN-01', 1, 'Aset PLN', 2012, 0),
(237, 32, 'Intel Core i3', '10.16.105.121', 'WSUKWLPGDN03', 1, 'Aset PLN', 2012, 0),
(238, 32, 'Intel Core i3', '10.16.115.120', 'WSUKWERP03', 1, 'Aset PLN', 2012, 0),
(239, 32, 'Intel Core i3', '10.16.115.121', 'WSUKWERP01', 1, 'Aset PLN', 2012, 0),
(240, 32, 'Intel Core i3', '10.16.115.116', 'WSUKWERP04-', 1, 'Aset PLN', 2012, 0),
(241, 32, 'Intel Core i3', '10.16.115.122', 'WSUKWERP05', 1, 'Aset PLN', 2012, 0),
(242, 32, 'Intel Core i3', '10.16.115.124', 'WSUKWERP05-', 1, 'Aset PLN', 2012, 0),
(243, 32, 'Intel Core i3', '10.16.115.125', 'WSUKWERP02', 1, 'Aset PLN', 2012, 0),
(244, 32, 'Intel Core i3', '10.16.115.129', 'WSUKWKEUPJK09', 1, 'Aset PLN', 2012, 0),
(245, 32, 'Intel Dual Core   @ 2.70GHz', '10.16.23.67', 'PDKB-PC', 6, 'Aset PLN', 2014, 0),
(246, 8, 'Intel  Core   i3-6100 CPU @ 3.70GHz', '10.16.21.140', 'WSUMCEN01', 6, 'Sewa', 2016, 3),
(247, 8, 'Intel  Core   i3-6100 CPU @ 3.70GHz', '10.16.21.141', 'WSUMCEN02', 6, 'Sewa', 2016, 3),
(248, 8, 'Intel  Core   i3-6100 CPU @ 3.70GHz', '10.16.21.142', 'WSUMCEN03', 6, 'Sewa', 2016, 3),
(249, 8, 'Intel  Core   i3-6100 CPU @ 3.70GHz', '10.16.21.91', 'WSUMDNAAHL01P', 6, 'Sewa', 2016, 3),
(250, 8, 'Intel  Core   i3-6100 CPU @ 3.70GHz', '10.16.22.92', 'WSUMDNAAHL02P', 6, 'Sewa', 2016, 3),
(251, 8, 'Intel  Core   i3-6100 CPU @ 3.70GHz', '10.16.23.74', 'WSUMDNAAHL-06P', 6, 'Sewa', 2016, 3),
(252, 8, 'Intel  Core   i3-6100 CPU @ 3.70GHz', '10.16.2.85', 'WSUMDNAAHL07P', 6, 'Sewa', 2016, 3),
(253, 8, 'Intel  Core   i3-6100 CPU @ 3.70GHz', '10.16.2.44', 'WSUMDNAAHL09P', 6, 'Sewa', 2016, 3),
(254, 8, 'Intel  Core   i3-6100 CPU @ 3.70GHz', '10.16.23.40', 'WSUMDNAJAR01AM', 6, 'Sewa', 2016, 3),
(255, 8, 'Intel  Core   i3-6100 CPU @ 3.70GHz', '10.16.199.182', 'WSUMDNAJAR01P-', 6, 'Sewa', 2016, 3),
(256, 8, 'Intel  Core   i3-6100 CPU @ 3.70GHz', '10.16.22.147', 'WSUMDNAJAR02P', 6, 'Sewa', 2016, 3),
(257, 8, 'Intel  Core   i3-6100 CPU @ 3.70GHz', '10.16.23.58', 'WSUMDNAJAR03P', 6, 'Sewa', 2016, 3),
(258, 8, 'Intel  Core   i3-6100 CPU @ 3.70GHz', '10.16.21.150', 'WSUMDNAJAR04-P', 6, 'Sewa', 2016, 3),
(259, 8, 'Intel  Core   i3-6100 CPU @ 3.70GHz', '10.16.21.84', 'WSUMDNAJAR06P', 6, 'Sewa', 2016, 3),
(260, 8, 'Intel  Core   i3-6100 CPU @ 3.70GHz', '10.16.23.36', 'WSUMDNAJAR09P', 6, 'Sewa', 2016, 3),
(261, 8, 'Intel  Core   i3-6100 CPU @ 3.70GHz', '10.16.23.47', 'WSUMDNAJAR10P', 6, 'Sewa', 2016, 3),
(262, 8, 'Intel  Core   i3-6100 CPU @ 3.70GHz', '10.16.23.96', 'WSUMDNAJAR11P', 6, 'Sewa', 2016, 3),
(263, 8, 'Intel  Core   i3-6100 CPU @ 3.70GHz', '10.16.23.123', 'WSUMDNAJAR12P', 6, 'Sewa', 2016, 3),
(264, 8, 'Intel  Core   i3-6100 CPU @ 3.70GHz', '10.16.23.43', 'WSUMDNAJAR13P', 6, 'Sewa', 2016, 3),
(265, 8, 'Intel  Core   i3-6100 CPU @ 3.70GHz', '10.16.21.42', 'WSUMDNAJAR14P', 6, 'Sewa', 2016, 3),
(266, 8, 'Intel  Core   i3-6100 CPU @ 3.70GHz', '10.16.23.102', 'WSUMDNAJAR15P', 6, 'Sewa', 2016, 3),
(267, 8, 'Intel  Core   i3-6100 CPU @ 3.70GHz', '10.16.23.82', 'WSUMDNAJAR17P', 6, 'Sewa', 2016, 3),
(268, 8, 'Intel  Core   i3-6100 CPU @ 3.70GHz', '10.16.23.80', 'WSUMDNAJAR18P', 6, 'Sewa', 2016, 3),
(269, 8, 'Intel  Core   i3-6100 CPU @ 3.70GHz', '10.16.23.92', 'WSUMDNAJAR16P-', 6, 'Sewa', 2016, 3),
(270, 8, 'Intel  Core   i3-6100 CPU @ 3.70GHz', '10.16.23.28', 'WSUMDNAJAR19P', 6, 'Sewa', 2016, 3),
(271, 8, 'Intel  Core   i3-6100 CPU @ 3.70GHz', '10.16.22.46', 'WSUMDNAJAR20P', 6, 'Sewa', 2016, 3),
(272, 8, 'Intel  Core   i3-6100 CPU @ 3.70GHz', '10.16.23.223', 'WSUMDNAJAR21P', 6, 'Sewa', 2016, 3),
(273, 8, 'Intel  Core   i3-6100 CPU @ 3.70GHz', '10.16.23.131', 'WSUMDNAJAR22P-', 6, 'Sewa', 2016, 3),
(274, 8, 'Intel  Core   i3-6100 CPU @ 3.70GHz', '10.16.23.160', 'WSUMDNAJAR23P', 6, 'Sewa', 2016, 3),
(275, 8, 'Intel  Core   i3-6100 CPU @ 3.70GHz', '10.16.23.217', 'WSUMDNAJAR24P', 6, 'Sewa', 2016, 3),
(276, 8, 'Intel  Core   i3-6100 CPU @ 3.70GHz', '10.16.22.129', 'WSUMDNAJAR25P', 6, 'Sewa', 2016, 3),
(277, 8, 'Intel  Core   i3-6100 CPU @ 3.70GHz', '10.16.23.64', 'WSUMDNAJAR27P', 6, 'Sewa', 2016, 3),
(278, 8, 'Intel  Core   i3-6100 CPU @ 3.70GHz', '10..16.23.53', 'WSUMDNAJAR28P', 6, 'Sewa', 2016, 3),
(279, 8, 'Intel  Core   i3-6100 CPU @ 3.70GHz', '10.16.199.111', 'WSUMDNAJAR29P', 6, 'Sewa', 2016, 3),
(280, 8, 'Intel  Core   i3-6100 CPU @ 3.70GHz', '10.16.23.218', 'WSUMDNAJAR30P', 6, 'Sewa', 2016, 3),
(281, 8, 'Intel  Core   i3-6100 CPU @ 3.70GHz', '10.16.23.61', 'WSUMDNAJAR31P', 6, 'Sewa', 2016, 3),
(282, 8, 'Intel  Core   i3-6100 CPU @ 3.70GHz', '10.16.23.', 'WSUMDNAJAR35P', 6, 'Sewa', 2016, 3),
(283, 8, 'Intel  Core   i3-6100 CPU @ 3.70GHz', '10.16.23.101', 'WSUMDNAJAR36P', 6, 'Sewa', 2016, 3),
(284, 8, 'Intel  Core   i3-6100 CPU @ 3.70GHz', '10.16.23.62', 'WSUMDNAJAR37P', 6, 'Sewa', 2016, 3),
(285, 8, 'Intel  Core   i3-6100 CPU @ 3.70GHz', '10.16.22.30', 'WSUMDNAPAD01AM', 6, 'Sewa', 2016, 3),
(286, 8, 'Intel  Core   i3-6100 CPU @ 3.70GHz', '10.16.21.33', 'WSUMDNAPAD02P', 6, 'Sewa', 2016, 3),
(287, 8, 'Intel  Core   i3-6100 CPU @ 3.70GHz', '10.16.21.43', 'WSUMDNAPAD03P', 6, 'Sewa', 2016, 3),
(288, 8, 'Intel  Core   i3-6100 CPU @ 3.70GHz', '10.16.21.71', 'WSUMDNAPAD05P', 6, 'Sewa', 2016, 3),
(289, 8, 'Intel  Core   i3-6100 CPU @ 3.70GHz', '10.16.21.78', 'WSUMDNAPAD06P-', 6, 'Sewa', 2016, 3),
(290, 8, 'Intel  Core   i3-6100 CPU @ 3.70GHz', '10.16.21.72', 'WSUMDNAPAD-07P', 6, 'Sewa', 2016, 3),
(291, 8, 'Intel  Core   i3-6100 CPU @ 3.70GHz', '10.16.21.90', 'WSUMDNAPAD08P', 6, 'Sewa', 2016, 3),
(292, 8, 'Intel  Core   i3-6100 CPU @ 3.70GHz', '10.16.22.146', 'WSUMDNAPAD09P', 6, 'Sewa', 2016, 3),
(293, 8, 'Intel  Core   i3-6100 CPU @ 3.70GHz', '10.16.23.57', 'WSUMDNAPAD11P', 6, 'Sewa', 2016, 3),
(294, 8, 'Intel  Core   i3-6100 CPU @ 3.70GHz', '10.16.22.51', 'WSUMDNAPAD12P', 6, 'Sewa', 2016, 3),
(295, 8, 'Intel  Core   i3-6100 CPU @ 3.70GHz', '10.16.22.74', 'WSUMDNAPAD13P', 6, 'Sewa', 2016, 3),
(296, 8, 'Intel  Core   i3-6100 CPU @ 3.70GHz', '10.16.22.78', 'WSUMDNAPAD14P', 6, 'Sewa', 2016, 3),
(297, 8, 'Intel  Core   i3-6100 CPU @ 3.70GHz', '10.16.22.68', 'WSUMDNAPAD17-P', 6, 'Sewa', 2016, 3),
(298, 8, 'Intel  Core   i3-6100 CPU @ 3.70GHz', '10.16.22.86', 'WSUMDNAPAD18-P', 6, 'Sewa', 2016, 3),
(299, 8, 'Intel  Core   i3-6100 CPU @ 3.70GHz', '10.16.22.53', 'WSUMDNAPAD20-P', 6, 'Sewa', 2016, 3),
(300, 8, 'Intel  Core   i3-6100 CPU @ 3.70GHz', '10.16.22.99', 'WSUMDNAPAD23-P', 6, 'Sewa', 2016, 3),
(301, 8, 'Intel  Core   i3-6100 CPU @ 3.70GHz', '10.16.23.66', 'WSUMDNAPEL01P', 6, 'Sewa', 2016, 3),
(302, 8, 'Intel  Core   i3-6100 CPU @ 3.70GHz', '10.16.23.30', 'WSUMDNAPEL02P-', 6, 'Sewa', 2016, 3),
(303, 8, 'Intel  Core   i3-6100 CPU @ 3.70GHz', '10.16.23.91', 'WSUMDNAPEL05P', 6, 'Sewa', 2016, 3),
(304, 8, 'Intel  Core   i3-6100 CPU @ 3.70GHz', '10.16.22.40', 'WSUMDNAREN01AM', 6, 'Sewa', 2016, 3),
(305, 8, 'Intel  Core   i3-6100 CPU @ 3.70GHz', '10.16.23.136', 'WSUMDNATEL01-AM', 6, 'Sewa', 2016, 3),
(306, 8, 'Intel  Core   i3-6100 CPU @ 3.70GHz', '10.16.21.103', 'WSUMDNATEL01-P', 6, 'Sewa', 2016, 3),
(307, 8, 'Intel  Core   i3-6100 CPU @ 3.70GHz', '10.16.21.76', 'WSUMDNATEL02P', 6, 'Sewa', 2016, 3),
(308, 8, 'Intel  Core   i3-6100 CPU @ 3.70GHz', '10.16.21.35', 'WSUMDNATEL03P', 6, 'Sewa', 2016, 3),
(309, 8, 'Intel  Core   i3-6100 CPU @ 3.70GHz', '10.16.21.114', 'WSUMDNATEL04P', 6, 'Sewa', 2016, 3),
(310, 8, 'Intel  Core   i3-6100 CPU @ 3.70GHz', '10.16.22.39', 'WSUMDNATEL-05P', 6, 'Sewa', 2016, 3),
(311, 8, 'Intel  Core   i3-6100 CPU @ 3.70GHz', '10.16.21.135', 'WSUMDNATEL07P', 6, 'Sewa', 2016, 3),
(312, 8, 'Intel  Core   i3-6100 CPU @ 3.70GHz', '10.16.21.145', 'WSUMDNATEL08P', 6, 'Sewa', 2016, 3),
(313, 8, 'Intel  Core   i3-6100 CPU @ 3.70GHz', '10.16.21.74', 'WSUMDNATEL-10P', 6, 'Sewa', 2016, 3),
(314, 8, 'Intel  Core   i3-6100 CPU @ 3.70GHz', '10.16.21.49', 'WSUMDNATEL11P', 6, 'Sewa', 2016, 3),
(315, 8, 'Intel  Core   i3-6100 CPU @ 3.70GHz', '10.16.2.1.99', 'WSUMDNATEL12P', 6, 'Sewa', 2016, 3),
(316, 8, 'Intel  Core   i3-6100 CPU @ 3.70GHz', '10.16.2.67', 'WSUMDNATEL13P', 6, 'Sewa', 2016, 3),
(317, 8, 'Intel  Core   i3-6100 CPU @ 3.70GHz', '10.16.21.39', 'WSUMDNATEL14P', 6, 'Sewa', 2016, 3),
(318, 8, 'Intel  Core   i3-6100 CPU @ 3.70GHz', '10.16.22.175', 'WSUMDNATEL16P', 6, 'Sewa', 2016, 3),
(319, 8, 'Intel  Core   i3-6100 CPU @ 3.70GHz', '10.16.2.59', 'WSUMDNATEL20P', 6, 'Sewa', 2016, 3),
(320, 8, 'Intel  Core   i3-6100 CPU @ 3.70GHz', '10.16.2.74', 'WSUMDNATEL21P', 6, 'Sewa', 2016, 3),
(321, 8, 'Intel  Core   i3-6100 CPU @ 3.70GHz', '10.16.22.77', 'WSUMDNMA01P-', 6, 'Sewa', 2016, 3),
(322, 8, 'Intel  Core   i3-6100 CPU @ 3.70GHz', '10.16.152.51', 'WSUMDNRSUNAPKT', 41, 'Sewa', 2016, 3),
(323, 8, 'Intel  Core   i3-6100 CPU @ 3.70GHz', '10.16.152.52', 'WSUMDNRSUN01P', 41, 'Sewa', 2016, 3),
(324, 8, 'Intel  Core   i3-6100 CPU @ 3.70GHz', '10.16.152.53', 'WSUMDNRSUN11P', 41, 'Sewa', 2016, 3),
(325, 8, 'Intel  Core   i3-6100 CPU @ 3.70GHz', '10.16.152.54', 'WSUMDNRSUN02P', 41, 'Sewa', 2016, 3),
(326, 8, 'Intel  Core   i3-6100 CPU @ 3.70GHz', '10.16.152.55', 'WSUMDNRSUN03P', 41, 'Sewa', 2016, 3),
(327, 8, 'Intel  Core   i3-6100 CPU @ 3.70GHz', '10.16.152.57', 'WSUMDNRSUN06P', 41, 'Sewa', 2016, 3),
(328, 8, 'Intel  Core   i3-6100 CPU @ 3.70GHz', '10.16.152.58', 'WSUMDNRSUN07-P', 41, 'Sewa', 2016, 3),
(329, 8, 'Intel  Core   i3-6100 CPU @ 3.70GHz', '10.16.152.59', 'WSUMDNRSUN04P-', 41, 'Sewa', 2016, 3),
(330, 8, 'Intel  Core   i3-6100 CPU @ 3.70GHz', '10.16.152.60', 'WSUMDNRSUN09P', 41, 'Sewa', 2016, 3),
(331, 8, 'Intel  Core   i3-6100 CPU @ 3.70GHz', '10.16.152.61', 'WSUMDNRSUN-10P', 41, 'Sewa', 2016, 3),
(332, 8, 'Intel  Core   i3-6100 CPU @ 3.70GHz', '10.16.152.66', 'WSUMDNRSUN05-P', 41, 'Sewa', 2016, 3),
(333, 8, 'Intel  Core   i3-6100 CPU @ 3.70GHz', '10.16.152.67', 'WSUMDNRSN08P', 41, 'Sewa', 2016, 3),
(334, 8, 'Intel  Core   i3-6100 CPU @ 3.70GHz', '10.16.152.69', 'WSUMDNSUN13P-', 41, 'Sewa', 2016, 3),
(335, 8, 'Intel  Core   i3-6100 CPU @ 3.70GHz', '10.16.152.75', 'WSUMDNRSUNACMT', 41, 'Sewa', 2016, 3),
(336, 8, 'Intel  Core   i3-6100 CPU @ 3.70GHz', '10.16.152.103', 'WSUMDNRSUN12P', 41, 'Sewa', 2016, 3),
(337, 32, 'Intel Dual Core   @ 2.70GHz', '10.16.152.108', 'user-PC', 41, 'Aset PLN', 2012, 0),
(338, 8, 'Intel  Core   i3-6100 CPU @ 3.70GHz', '10.16.157.57', 'WSUMDNRJOH06P', 95, 'Sewa', 2016, 3),
(339, 8, 'Intel  Core   i3-6100 CPU @ 3.70GHz', '10.16.157.58', 'WSUMDNRJOH07P', 95, 'Sewa', 2016, 3),
(340, 8, 'Intel  Core   i3-6100 CPU @ 3.70GHz', '10.16.157.59', 'WSUMDNRJOH02P', 95, 'Sewa', 2016, 3),
(341, 8, 'Intel  Core   i3-6100 CPU @ 3.70GHz', '10.16.157.61', 'WSUMDNRJOH09P', 95, 'Sewa', 2016, 3),
(342, 8, 'Intel  Core   i3-6100 CPU @ 3.70GHz', '10.16.157.62', 'WSUMDNRJOH01P', 95, 'Sewa', 2016, 3),
(343, 8, 'Intel  Core   i3-6100 CPU @ 3.70GHz', '10.16.157.63', 'WSUMDNRJOH05P', 95, 'Sewa', 2016, 3),
(344, 8, 'Intel  Core   i3-6100 CPU @ 3.70GHz', '10.16.157.67', 'WSUMDNRJOH03-P', 95, 'Sewa', 2016, 3),
(345, 8, 'Intel  Core   i3-6100 CPU @ 3.70GHz', '10.16.157.73', 'WSUMDNRJOH08P', 95, 'Sewa', 2016, 3),
(346, 8, 'Intel  Core   i3-6100 CPU @ 3.70GHz', '10.16.157.101', 'WSUMDNRJOHACMT', 95, 'Sewa', 2016, 3),
(347, 8, 'Intel  Core   i3-6100 CPU @ 3.70GHz', '10.16.157.105', 'WSUMDNRJOH04P', 95, 'Sewa', 2016, 3),
(348, 8, 'Intel  Core   i3-6100 CPU @ 3.70GHz', '10.16.157.51', 'WSUMDNRJOHAPKT', 95, 'Sewa', 2016, 3),
(349, 32, 'Intel Dual Core   @ 2.70GHz', '10.16.157.68', 'ecs-PC', 95, 'Aset PLN', 2012, 0),
(350, 8, 'Intel  Core   i3-6100 CPU @ 3.70GHz', '10.16.153.51', 'WSUMDNRBAR-APKT', 91, 'Sewa', 2016, 3),
(351, 8, 'Intel  Core   i3-6100 CPU @ 3.70GHz', '10.16.153.55', 'WSUMDNRBAR04-P', 91, 'Sewa', 2016, 3),
(352, 8, 'Intel  Core   i3-6100 CPU @ 3.70GHz', '10.16.153.56', 'WSUMDNRBAR05P', 91, 'Sewa', 2016, 3),
(353, 8, 'Intel  Core   i3-6100 CPU @ 3.70GHz', '10.16.153.57', 'WSUMDNRBAR06P', 91, 'Sewa', 2016, 3),
(354, 8, 'Intel  Core   i3-6100 CPU @ 3.70GHz', '10.16.153.59', 'WSUMDNRBAR11P', 91, 'Sewa', 2016, 3),
(355, 8, 'Intel  Core   i3-6100 CPU @ 3.70GHz', '10.16.153.60', 'WSUMDNRBAR01P-', 91, 'Sewa', 2016, 3),
(356, 8, 'Intel  Core   i3-6100 CPU @ 3.70GHz', '10.16.153.76', 'WSUMDNRBAR09P', 91, 'Sewa', 2016, 3),
(357, 8, 'Intel  Core   i3-6100 CPU @ 3.70GHz', '10.16.153.78', 'WSUMDNRBAR_12P', 91, 'Sewa', 2016, 3),
(358, 8, 'Intel  Core   i3-6100 CPU @ 3.70GHz', '10.16.153.79', 'WSUMDNRBAR-07P', 91, 'Sewa', 2016, 3),
(359, 8, 'Intel  Core   i3-6100 CPU @ 3.70GHz', '10.16.153.98', 'WSUMDNRBAR-02P', 91, 'Sewa', 2016, 3),
(360, 8, 'Intel  Core   i3-6100 CPU @ 3.70GHz', '10.16.153.61', 'WSUMDNRBAR03P', 91, 'Sewa', 2016, 3),
(361, 8, 'Intel  Core   i3-6100 CPU @ 3.70GHz', '10.16.153.54', 'WSUMDNRBAR08P', 91, 'Sewa', 2016, 3),
(362, 8, 'Intel  Core   i3-6100 CPU @ 3.70GHz', '10.16.153.52', 'WSUMDNRBAR10P', 91, 'Sewa', 2016, 3),
(363, 8, 'Intel  Core   i3-6100 CPU @ 3.70GHz', '10.16.153.50', 'WSUMDNRBARACMT', 91, 'Sewa', 2016, 3),
(364, 32, 'Intel Dual Core   @ 2.70GHz', '10.16.153.107', '10-PC', 91, 'Aset PLN', 2014, 0),
(365, 8, 'Intel  Core   i3-6100 CPU @ 3.70GHz', '10.16.154.52', 'WSUMDNSEL-APKT', 92, 'Sewa', 2016, 3),
(366, 8, 'Intel  Core   i3-6100 CPU @ 3.70GHz', '10.16.154.55', 'WSUMDNRSEL07-P', 92, 'Sewa', 2016, 3),
(367, 8, 'Intel  Core   i3-6100 CPU @ 3.70GHz', '10.16.154.56', 'WSUMDNRSEL04-P', 92, 'Sewa', 2016, 3),
(368, 8, 'Intel  Core   i3-6100 CPU @ 3.70GHz', '10.16.154.59', 'WSUMDNRSEL05-P', 92, 'Sewa', 2016, 3),
(369, 8, 'Intel  Core   i3-6100 CPU @ 3.70GHz', '10.16.154.60', 'WSUMDNRSEL08-P', 92, 'Sewa', 2016, 3),
(370, 8, 'Intel  Core   i3-6100 CPU @ 3.70GHz', '10.16.154.61', 'WSUMDNRSEL09-P', 92, 'Sewa', 2016, 3),
(371, 8, 'Intel  Core   i3-6100 CPU @ 3.70GHz', '10.16.154.67', 'WSUMDNRSEL10-P', 92, 'Sewa', 2016, 3),
(372, 8, 'Intel  Core   i3-6100 CPU @ 3.70GHz', '10.16.154.100', 'WSUMDNRSEL11-P', 92, 'Sewa', 2016, 3),
(373, 8, 'Intel  Core   i3-6100 CPU @ 3.70GHz', '10.16.154.103', 'WSUMDNRSEL03-P', 92, 'Sewa', 2016, 3),
(374, 8, 'Intel  Core   i3-6100 CPU @ 3.70GHz', '10.16.154.104', 'WSUMDNRSEL02-P', 92, 'Sewa', 2016, 3),
(375, 8, 'Intel  Core   i3-6100 CPU @ 3.70GHz', '10.16.154.105', 'WSUMDNRSEL-ACMT', 92, 'Sewa', 2016, 3),
(376, 8, 'Intel  Core   i3-6100 CPU @ 3.70GHz', '10.16.154.109', 'WSUMDNRSEL01-P', 92, 'Sewa', 2012, 3),
(377, 8, 'Intel  Core   i3-6100 CPU @ 3.70GHz', '10.16.154.110', 'WSUMDNRSEL06-P', 92, 'Sewa', 2016, 3),
(378, 32, 'Intel Corporate', '10.16.154.112', 'DESKTOP-KV5T9V5', 92, 'Aset PLN', 2014, 0),
(379, 8, 'Intel  Core   i3-6100 CPU @ 3.70GHz', '10.16.26.52', 'WSUMDNRKOT01-P', 100, 'Sewa', 2016, 3),
(380, 8, 'Intel  Core   i3-6100 CPU @ 3.70GHz', '10.16.26.53', 'WSUMDNRKOT02P', 100, 'Sewa', 2016, 3),
(381, 8, 'Intel  Core   i3-6100 CPU @ 3.70GHz', '10.16.26.143', 'WSUMDNRKOT03-P', 100, 'Sewa', 2016, 3),
(382, 8, 'Intel  Core   i3-6100 CPU @ 3.70GHz', '10.16.26.55', 'WSUMDNRKOT04P', 100, 'Sewa', 2016, 3),
(383, 8, 'Intel  Core   i3-6100 CPU @ 3.70GHz', '10.16.26.49', 'WSUMDNRKOT05-P', 100, 'Sewa', 2016, 3),
(384, 8, 'Intel  Core   i3-6100 CPU @ 3.70GHz', '10.16.26.26', 'WSUMDNRKOT-06P', 100, 'Sewa', 2016, 3),
(385, 8, 'Intel  Core   i3-6100 CPU @ 3.70GHz', '10.16.26.68', 'WSUMDNRKOT07-P', 100, 'Sewa', 2016, 3),
(386, 8, 'Intel  Core   i3-6100 CPU @ 3.70GHz', '10.16.26.88', 'WSUMDNRKOT08-P', 100, 'Sewa', 2016, 3),
(387, 8, 'Intel  Core   i3-6100 CPU @ 3.70GHz', '10.16.26.60', 'WSUMDNRKOT09-P', 100, 'Sewa', 2016, 3),
(388, 8, 'Intel  Core   i3-6100 CPU @ 3.70GHz', '10.16.26.62', 'WSUMDNRKOT-11P', 100, 'Sewa', 2016, 3),
(389, 8, 'Intel  Core   i3-6100 CPU @ 3.70GHz', '10.16.26.75', 'WSUMDNRKOTACMT', 100, 'Sewa', 2016, 3),
(390, 8, 'Intel  Core   i3-6100 CPU @ 3.70GHz', '10.16.26.51', 'WSUMDNRKOTAPKT', 100, 'Sewa', 2016, 3),
(391, 32, 'Intel  Core   i3-3300 CPU @ 3.0GHz', '10.16.26.63', 'CER-PC', 100, 'Aset PLN', 2017, 0),
(392, 32, 'Intel  Core Dual Core @ 2.70GHz', '10.16.26.122', 'MEDANKOTA-PC', 100, 'Aset PLN', 2016, 0),
(393, 32, 'Intel  Core Dual Core @ 2.70GHz', '10.16.26.138', 'PLN-PC', 100, 'Aset PLN', 2016, 0),
(394, 8, 'Intel  Core   i3-6100 CPU @ 3.70GHz', '10.16.17.10', 'WSUMDNUM01P', 5, 'Sewa', 2016, 3),
(395, 8, 'Intel  Core   i3-6100 CPU @ 3.70GHz', '10.16.17.66', 'WSUKWLDEFF10P', 5, 'Sewa', 2016, 3),
(396, 8, 'Intel  Core   i3-6100 CPU @ 3.70GHz', '10.16.17.189', 'WSUKWLSFAS07P', 5, 'Sewa', 2016, 3),
(397, 8, 'Intel  Core   i3-6100 CPU @ 3.70GHz', '10.16.17.30', 'WSUKWLRPER-04P', 5, 'Sewa', 2016, 3),
(398, 8, 'Intel  Core   i3-6100 CPU @ 3.70GHz', '10.16.17.33', 'WSUKWLAHLI-07P', 5, 'Sewa', 2016, 3),
(399, 8, 'Intel  Core   i3-6100 CPU @ 3.70GHz', '10.16.17.100', 'WSUKWLNADM01-P', 5, 'Sewa', 2016, 3),
(400, 8, 'Intel  Core   i3-6100 CPU @ 3.70GHz', '10.16.17.50', 'WSUKWLUPPK217-P', 5, 'Sewa', 2016, 3),
(401, 8, 'Intel  Core   i3-6100 CPU @ 3.70GHz', '10.16.17.44', 'WSUMDNAJAR07P', 5, 'Sewa', 2016, 3),
(402, 8, 'Intel  Core   i3-6100 CPU @ 3.70GHz', '10.16.17.138', 'WSUMDNAJAR26P_', 5, 'Sewa', 2016, 3),
(403, 8, 'Intel  Core   i3-6100 CPU @ 3.70GHz', '10.16.17.78', 'WSUMDNAAHL05-P', 5, 'Sewa', 2016, 3),
(404, 8, 'Intel  Core   i3-6100 CPU @ 3.70GHz', '10.16.17.75', 'WSUMDNAJAR33P', 5, 'Sewa', 2016, 3),
(405, 8, 'Intel  Core   i3-6100 CPU @ 3.70GHz', '10.16.17.57', 'WSUMDNAPAD01P', 5, 'Sewa', 2016, 3),
(406, 8, 'Intel  Core   i3-6100 CPU @ 3.70GHz', '10.16.17.156', 'WSUMDNAPAD04P', 5, 'Sewa', 2016, 3),
(407, 8, 'Intel  Core   i3-6100 CPU @ 3.70GHz', '10.16.17.67', 'WSUMDNAPAD15P', 5, 'Sewa', 2016, 3),
(408, 8, 'Intel  Core   i3-6100 CPU @ 3.70GHz', '10.16.17.95', 'WSUMDNAPAD16P', 5, 'Sewa', 2016, 3),
(409, 8, 'Intel  Core   i3-6100 CPU @ 3.70GHz', '10.16.17.54', 'WSUMDNAPAD-21P', 5, 'Sewa', 2016, 3),
(410, 8, 'Intel  Core   i3-6100 CPU @ 3.70GHz', '10.16.17.102', 'WSUPKMAPAD13P', 5, 'Sewa', 2016, 3),
(411, 8, 'Intel  Core   i3-6100 CPU @ 3.70GHz', '10.16.17.98', 'WSUMDNAPAD22P', 5, 'Sewa', 2016, 3),
(412, 8, 'Intel  Core   i3-6100 CPU @ 3.70GHz', '10.16.17.70', 'WSUMDNAJAR05P', 5, 'Sewa', 2016, 3),
(413, 8, 'Intel  Core   i3-6100 CPU @ 3.70GHz', '10.16.17.76', 'WSUMDNAJAR08P', 5, 'Sewa', 2016, 3),
(414, 8, 'Intel  Core   i3-6100 CPU @ 3.70GHz', '10.16.17.90', 'WSUMDNAJAR34P', 5, 'Sewa', 2016, 3),
(415, 8, 'Intel  Core   i3-6100 CPU @ 3.70GHz', '10.16.17.47', 'WSUMDNATEL15P', 5, 'Sewa', 2016, 3),
(416, 8, 'Intel  Core   i3-6100 CPU @ 3.70GHz', '10.16.17.211', 'WSUMDNATEL18-P', 5, 'Sewa', 2016, 3),
(417, 8, 'Intel  Core   i3-6100 CPU @ 3.70GHz', '10.16.17.86', 'WSUMDNATEL-19P', 5, 'Sewa', 2016, 3),
(418, 8, 'Intel  Core   i3-6100 CPU @ 3.70GHz', '10.16.17.77', 'WSUMNDAPEL04P', 5, 'Sewa', 2016, 3),
(419, 8, 'Intel  Core   i3-6100 CPU @ 3.70GHz', '10.16.17.', 'WSUMDNAPEL03-P', 5, 'Sewa', 2016, 3),
(420, 8, 'Intel  Core   i3-6100 CPU @ 3.70GHz', '10.16.17.61', 'WSUMDNRKOT10-P', 5, 'Sewa', 2016, 3),
(421, 8, 'Intel  Core   i3-6100 CPU @ 3.70GHz', '10.16.17.60', 'WSUMDNRTIM14P', 5, 'Sewa', 2016, 3),
(422, 8, 'Intel  Core   i3-6100 CPU @ 3.70GHz', '10.16.17.123', 'WSUMDNRTIM08P', 5, 'Sewa', 2016, 3),
(423, 8, 'Intel  Core   i3-6100 CPU @ 3.70GHz', '10.16.17.58', 'WSUMDNRTIM07P', 5, 'Sewa', 2016, 3),
(424, 8, 'Intel  Core   i3-6100 CPU @ 3.70GHz', '10.16.17.', 'WSUMDNRBEL-09P', 5, 'Sewa', 2016, 3),
(425, 8, 'Intel  Core   i3-6100 CPU @ 3.70GHz', '10.16.17.89', 'WSUKWLN-ADM02P', 5, 'Sewa', 2016, 3),
(426, 8, 'Intel  Core   i3-6100 CPU @ 3.70GHz', '10.16.17.101', 'WSUNIARGNS04P', 5, 'Sewa', 2016, 3),
(427, 8, 'Intel  Core   i3-6100 CPU @ 3.70GHz', '10.16.17.65', 'WSUMDNATEL09P', 5, 'Sewa', 2016, 3),
(428, 8, 'Intel  Core   i3-6100 CPU @ 3.70GHz', '10.16.17.99', 'WSUKWLTSMSER', 5, 'Sewa', 2016, 3),
(429, 8, 'Intel  Core   i3-6100 CPU @ 3.70GHz', '10.16.17.93', 'WSUKWLSPAD04P', 5, 'Sewa', 2016, 3),
(430, 8, 'Intel  Core   i3-6100 CPU @ 3.70GHz', '10.16.17.94', 'WSUPSPAJAR09-P', 5, 'Sewa', 2016, 3),
(431, 8, 'Intel  Core   i3-6100 CPU @ 3.70GHz', '10.16.17.81', 'WSUMDNAJAR32P', 5, 'Sewa', 2016, 3),
(432, 8, 'Intel  Core   i3-6100 CPU @ 3.70GHz', '10.16.17.64', 'WSUMDNAAHL08P', 5, 'Sewa', 2016, 3),
(433, 8, 'Intel  Core   i3-6100 CPU @ 3.70GHz', '10.16.17.37', 'WSUPKMRMD16P', 5, 'Sewa', 2016, 3),
(434, 8, 'Intel  Core   i3-6100 CPU @ 3.70GHz', '10.16.17.80', 'WSUMDNAJAR18P', 5, 'Sewa', 2016, 3),
(435, 8, 'Intel  Core   i3-6100 CPU @ 3.70GHz', '10.16.17.113', 'WSUCOMCEN3', 5, 'Sewa', 2016, 3),
(436, 8, 'Intel  Core   i3-6100 CPU @ 3.70GHz', '10.16.17.111', 'WSUCOMCEN2', 5, 'Sewa', 2016, 3),
(437, 8, 'Intel  Core   i3-6100 CPU @ 3.70GHz', '10.16.17.', 'WSUMDNATEL17P', 5, 'Sewa', 2016, 3),
(438, 8, 'Intel  Core   i3-6100 CPU @ 3.70GHz', '10.16.17.', 'WSUMDNATEL06P', 5, 'Sewa', 2016, 3),
(439, 8, 'Intel  Core   i3-6100 CPU @ 3.70GHz', '10.16.156.51', 'WSUMDNRLAB01P', 94, 'Sewa', 2016, 3),
(440, 8, 'Intel  Core   i3-6100 CPU @ 3.70GHz', '10.16.156.53', 'WSUMDNRLAB02P', 94, 'Sewa', 2016, 3),
(441, 8, 'Intel  Core   i3-6100 CPU @ 3.70GHz', '10.16.156.55', 'WSUMDNRLAB03-P', 94, 'Sewa', 2016, 3),
(442, 8, 'Intel  Core   i3-6100 CPU @ 3.70GHz', '10.16.156.79', 'WSUMDNRLAB04P', 94, 'Sewa', 2016, 3),
(443, 8, 'Intel  Core   i3-6100 CPU @ 3.70GHz', '10.16.156.104', 'WSUMDNRLAB05-P', 94, 'Sewa', 2016, 3),
(444, 8, 'Intel  Core   i3-6100 CPU @ 3.70GHz', '10.16.156.88', 'WSUMDNRLAB06P', 94, 'Sewa', 2016, 3),
(445, 8, 'Intel  Core   i3-6100 CPU @ 3.70GHz', '10.16.156.58', 'WSUMDNRLAB07-P', 94, 'Sewa', 2016, 3),
(446, 8, 'Intel  Core   i3-6100 CPU @ 3.70GHz', '10.16.156.59', 'WSUMDNRLAB08P', 94, 'Sewa', 2016, 3),
(447, 8, 'Intel  Core   i3-6100 CPU @ 3.70GHz', '10.16.156.115', 'WSUMDNRLAB11-P', 94, 'Sewa', 2016, 3),
(448, 8, 'Intel  Core   i3-6100 CPU @ 3.70GHz', '10.16.156.101', 'WSUMDNRLABACMT', 94, 'Sewa', 2016, 3),
(449, 8, 'Intel  Core   i3-6100 CPU @ 3.70GHz', '10.16.156.118', 'WSUMDNRLABAPKT', 94, 'Sewa', 2016, 3),
(450, 32, 'Intel Dual Core   @ 2.70GHz', '10.16.156.81', 'WSUMDNTEL01', 94, 'Aset PLN', 2012, 0),
(451, 32, 'Intel Dual Core   @ 2.70GHz', '10.16.156.100', 'wsumdnspvlbh02', 94, 'Aset PLN', 2012, 0),
(452, 8, 'Intel  Core   i3-6100 CPU @ 3.70GHz', '10.16.150.58', 'WSUMDNRBEL06P', 89, 'Sewa', 2016, 3),
(453, 8, 'Intel  Core   i3-6100 CPU @ 3.70GHz', '10.16.150.69', 'WSUMDNRBEL08P', 89, 'Sewa', 2016, 3),
(454, 8, 'Intel  Core   i3-6100 CPU @ 3.70GHz', '10.16.150.62', 'WSUMDNRBELACMT-', 89, 'Sewa', 2016, 3),
(455, 8, 'Intel  Core   i3-6100 CPU @ 3.70GHz', '10.16.150.99', 'WSUMDNRBEL05P-', 89, 'Sewa', 2016, 3),
(456, 8, 'Intel  Core   i3-6100 CPU @ 3.70GHz', '10.16.150.79', 'WSUMDNRBEL12-P', 89, 'Sewa', 2016, 3),
(457, 8, 'Intel  Core   i3-6100 CPU @ 3.70GHz', '10.16.150.131', 'WSUMDNRBELAPKT', 89, 'Sewa', 2016, 3),
(458, 8, 'Intel  Core   i3-6100 CPU @ 3.70GHz', '10.16.150.50', 'WSUMDNRBEL11P', 89, 'Sewa', 2016, 3),
(459, 8, 'Intel  Core   i3-6100 CPU @ 3.70GHz', '10.16.150.110', 'WSUMDNRBEL07-P', 89, 'Sewa', 2016, 3),
(460, 8, 'Intel  Core   i3-6100 CPU @ 3.70GHz', '10.16.150.68', 'WSUMDNRBEL-04P', 89, 'Sewa', 2016, 3),
(461, 8, 'Intel  Core   i3-6100 CPU @ 3.70GHz', '10.16.150.105', 'WSUMDNRBEL-01P', 89, 'Sewa', 2016, 3),
(462, 8, 'Intel  Core   i3-6100 CPU @ 3.70GHz', '10.16.150.73', 'WSUMDNRBEL02P', 89, 'Sewa', 2016, 3),
(463, 8, 'Intel  Core   i3-6100 CPU @ 3.70GHz', '10.16.150.54', 'WSUMDNRBEL03-P', 89, 'Sewa', 2016, 3),
(464, 8, 'Intel  Core   i3-6100 CPU @ 3.70GHz', '10.16.150.72', 'WSUMDNRBEL01-P', 89, 'Sewa', 2016, 3),
(465, 32, 'Intel Dual Core   @ 2.70GHz', '10.16.150.131', 'WSUMDNBLWSDM04', 89, 'Aset PLN', 2013, 0),
(466, 32, 'Intel Dual Core   @ 2.70GHz', '10.16.150.56', 'Teknik-PC', 89, 'Aset PLN', 2012, 0),
(467, 8, 'Intel  Core   i3-6100 CPU @ 3.70GHz', '10.16.151.52', 'WSUMDNRHEL01P', 90, 'Sewa', 2016, 3),
(468, 8, 'Intel  Core   i3-6100 CPU @ 3.70GHz', '10.16.151.153', 'WSUMDNRHEL02P', 90, 'Sewa', 2016, 3),
(469, 8, 'Intel  Core   i3-6100 CPU @ 3.70GHz', '10.16.151.89', 'WSUMDNRHEL03P', 90, 'Sewa', 2016, 3),
(470, 8, 'Intel  Core   i3-6100 CPU @ 3.70GHz', '10.16.151.106', 'WSUMDNRHEL04P', 90, 'Sewa', 2016, 3),
(471, 8, 'Intel  Core   i3-6100 CPU @ 3.70GHz', '10.16.151.77', 'WSUMDNRHEL05-P', 90, 'Sewa', 2016, 3),
(472, 8, 'Intel  Core   i3-6100 CPU @ 3.70GHz', '10.16.151.57', 'WSUMDNRHEL06P', 90, 'Sewa', 2016, 3),
(473, 8, 'Intel  Core   i3-6100 CPU @ 3.70GHz', '10.16.151.113', 'WSUMDNRHEL07P', 90, 'Sewa', 2016, 3),
(474, 8, 'Intel  Core   i3-6100 CPU @ 3.70GHz', '10.16.151.82', 'WSUMDNRHEL-08P', 90, 'Sewa', 2016, 3),
(475, 8, 'Intel  Core   i3-6100 CPU @ 3.70GHz', '10.16.151.60', 'WSUMDNRHEL09-P', 90, 'Sewa', 2016, 3),
(476, 8, 'Intel  Core   i3-6100 CPU @ 3.70GHz', '10.16.151.61', 'WSUMDNRHEL10P', 90, 'Sewa', 2016, 3),
(477, 8, 'Intel  Core   i3-6100 CPU @ 3.70GHz', '10.16.151.62', 'WSUMDNRHEL11P-', 90, 'Sewa', 2016, 3),
(478, 8, 'Intel  Core   i3-6100 CPU @ 3.70GHz', '10.16.151.66', 'WSUMDNRHELACMT.pusat.corp.pln.co.id', 90, 'Sewa', 2016, 3),
(479, 8, 'Intel  Core   i3-6100 CPU @ 3.70GHz', '10.16.151.212', 'WSUMDNRHELAPKT-', 90, 'Sewa', 2016, 3),
(480, 32, 'Intel Dual Core   @ 2.70GHz', '10.16.151.72', 'WSUMDNHLV05', 90, 'Aset PLN', 2013, 0),
(481, 32, 'Intel Dual Core   @ 2.70GHz', '10.16.151.121', 'Win8-PC', 90, 'Aset PLN', 2012, 0),
(482, 8, 'Intel  Core   i3-6100 CPU @ 3.70GHz', '10.16.155.73', 'WSUMDNRTIM01P', 93, 'Sewa', 2016, 3),
(483, 8, 'Intel  Core   i3-6100 CPU @ 3.70GHz', '10.16.155.65', 'WSUMDNRTIM02-P', 93, 'Sewa', 2016, 3),
(484, 8, 'Intel  Core   i3-6100 CPU @ 3.70GHz', '10.16.155.52', 'WSUMDNRTIM03P', 93, 'Sewa', 2016, 3),
(485, 8, 'Intel  Core   i3-6100 CPU @ 3.70GHz', '10.16.155.72', 'WSUMDNRTIM04-P', 93, 'Sewa', 2016, 3),
(486, 8, 'Intel  Core   i3-6100 CPU @ 3.70GHz', '10.16.155.57', 'WSUMDNRTIM05-P', 93, 'Sewa', 2016, 3),
(487, 8, 'Intel  Core   i3-6100 CPU @ 3.70GHz', '10.16.155.68', 'WSUMDNRTIM06P.pusat.corp.pln.co.id', 93, 'Sewa', 2016, 3),
(488, 8, 'Intel  Core   i3-6100 CPU @ 3.70GHz', '10.16.155.55', 'WSUMDNRTIM09-P', 93, 'Sewa', 2016, 3),
(489, 8, 'Intel  Core   i3-6100 CPU @ 3.70GHz', '10.16.155.62', 'WSUMDNRTIM11-P', 93, 'Sewa', 2016, 3),
(490, 8, 'Intel  Core   i3-6100 CPU @ 3.70GHz', '10.16.155.66', 'WSUMDNRTIM12-P', 93, 'Sewa', 2016, 3),
(491, 8, 'Intel  Core   i3-6100 CPU @ 3.70GHz', '10.16.155.64', 'WSUMDNRTIM-13P', 93, 'Sewa', 2016, 3),
(492, 8, 'Intel  Core   i3-6100 CPU @ 3.70GHz', '10.16.155.67', 'WSUMDNRTIMACMT', 93, 'Sewa', 2016, 3),
(493, 8, 'Intel  Core   i3-6100 CPU @ 3.70GHz', '10.16.155.51', 'WSUMDNRTIMAPKT-01', 93, 'Sewa', 2016, 3),
(494, 32, 'Intel Dual Core   @ 2.70GHz', '10.16.155.102', 'WSUMDNPP-01', 93, 'Aset PLN', 2013, 0),
(495, 32, 'Intel Dual Core   @ 2.70GHz', '10.16.155.103', 'WSUMDNRTIM00', 93, 'Aset PLN', 2013, 0),
(496, 8, 'Intel Core i3', '10.16.81.134', 'PC AIO', 96, 'Sewa', 2015, 3),
(497, 8, 'Intel Core i3', '10.16.81.187', 'PC AIO', 96, 'Sewa', 2015, 3),
(498, 8, 'Intel Core i3', '10.16.81.199', 'PC AIO', 96, 'Sewa', 2015, 3),
(499, 8, 'Intel Core i3', '10.16.81.151', 'PC AIO', 96, 'Sewa', 2015, 3),
(500, 8, 'Intel Core i3', '10.16.81.221', 'PC AIO', 96, 'Sewa', 2015, 3),
(501, 8, 'Intel Core i3', '10.16.81.109', 'PC AIO', 96, 'Sewa', 2015, 3),
(502, 8, 'Intel Core i3', '10.16.81.104', 'PC AIO', 96, 'Sewa', 2015, 3),
(503, 8, 'Intel Core i3', '10.16.81.105', 'PC AIO', 96, 'Sewa', 2015, 3),
(504, 8, 'Intel Core i3', '10.16.81.56', 'PC AIO', 96, 'Sewa', 2015, 3),
(505, 8, 'Intel Core i3', '10.16.81.37', 'PC AIO', 96, 'Sewa', 2015, 3),
(506, 8, 'Intel Core i3', '10.16.81.145', 'PC AIO', 96, 'Sewa', 2015, 3),
(507, 8, 'Intel Core i3', '10.16.81.199', 'PC AIO', 96, 'Sewa', 2015, 3),
(508, 8, 'Intel Core i3', '10.16.81.118', 'PC AIO', 96, 'Sewa', 2015, 3),
(509, 8, 'Intel Core i3', '10.16.81.124', 'PC AIO', 96, 'Sewa', 2015, 3),
(510, 8, 'Intel Core i3', '10.16.81.91', 'PC AIO', 96, 'Sewa', 2015, 3),
(511, 8, 'Intel Core i3', '10.16.81.85', 'PC AIO', 96, 'Sewa', 2015, 3),
(512, 8, 'Intel Core i3', '10.16.81.89', 'PC AIO', 96, 'Sewa', 2015, 3),
(513, 8, 'Intel Core i3', '10.16.81.75', 'PC AIO', 96, 'Sewa', 2015, 3),
(514, 8, 'Intel Core i3', '10.16.81.54', 'PC AIO', 96, 'Sewa', 2015, 3),
(515, 8, 'Intel Core i3', '10.16.81.24', 'PC AIO', 96, 'Sewa', 2015, 3),
(516, 8, 'Intel Core i3', '10.16.81.96', 'PC AIO', 96, 'Sewa', 2015, 3),
(517, 8, 'Intel Core i3', '10.16.81.40', 'PC AIO', 96, 'Sewa', 2015, 3),
(518, 8, 'Intel Core i3', '10.16.81.88', 'PC AIO', 96, 'Sewa', 2015, 3),
(519, 8, 'Intel Core i3', '10.16.81.74', 'PC AIO', 96, 'Sewa', 2015, 3),
(520, 8, 'Intel Core i3', '10.16.81.218', 'PC AIO', 96, 'Sewa', 2015, 3),
(521, 8, 'Intel Core i3', '10.16.81.215', 'PC AIO', 96, 'Sewa', 2015, 3),
(522, 8, 'Intel Core i3', '10.16.81.161', 'PC AIO', 96, 'Sewa', 2015, 3),
(523, 8, 'Intel Core i3', '10.16.81.168', 'PC AIO', 96, 'Sewa', 2015, 3),
(524, 8, 'Intel Core i3', '10.16.239.6', 'PC AIO', 96, 'Sewa', 2015, 3),
(525, 8, 'Intel Core i3', '10.16.82.207', 'PC AIO', 96, 'Sewa', 2015, 3),
(526, 8, 'Intel Core i3', '10.16.81.118', 'PC AIO', 96, 'Sewa', 2015, 3),
(527, 8, 'Intel Core i3', '10.16.82.23', 'PC AIO', 96, 'Sewa', 2015, 3),
(528, 8, 'Intel Core i3', '10.16.82.55', 'PC AIO', 96, 'Sewa', 2015, 3),
(529, 8, 'Intel Core i3', '10.16.82.161', 'PC AIO', 96, 'Sewa', 2015, 3),
(530, 8, 'Intel Core i3', '10.16.82.128', 'PC AIO', 96, 'Sewa', 2015, 3),
(531, 8, 'Intel Core i3', '10.16.82.119', 'PC AIO', 96, 'Sewa', 2015, 3),
(532, 8, 'Intel Core i3', '10.16.82.82', 'PC AIO', 96, 'Sewa', 2015, 3),
(533, 8, 'Intel Core i3', '10.16.82.77', 'PC AIO', 96, 'Sewa', 2015, 3),
(534, 8, 'Intel Core i3', '10.16.82.46', 'PC AIO', 96, 'Sewa', 2015, 3),
(535, 8, 'Intel Core i3', '10.16.82.89', 'PC AIO', 96, 'Sewa', 2015, 3),
(536, 8, 'Intel Core i3', '10.16.82.80', 'PC AIO', 96, 'Sewa', 2015, 3),
(537, 8, 'Intel Core i3', '10.16.83.79', 'PC AIO', 96, 'Sewa', 2015, 3),
(538, 8, 'Intel Core i3', '10.16.83.119', 'PC AIO', 96, 'Sewa', 2015, 3),
(539, 8, 'Intel Core i3', '10.16.83.70', 'PC AIO', 96, 'Sewa', 2015, 3),
(540, 8, 'Intel Core i3', '10.16.83.211', 'PC AIO', 96, 'Sewa', 2015, 3),
(541, 8, 'Intel Core i3', '10.16.83.121', 'PC AIO', 96, 'Sewa', 2015, 3),
(542, 8, 'Intel Core i3', '10.16.83.57', 'PC AIO', 96, 'Sewa', 2015, 3),
(543, 8, 'Intel Core i3', '10.16.83.206', 'PC AIO', 96, 'Sewa', 2015, 3),
(544, 8, 'Intel Core i3', '10.16.83.104', 'PC AIO', 96, 'Sewa', 2015, 3),
(545, 8, 'Intel Core i3', '10.16.83.202', 'PC AIO', 96, 'Sewa', 2015, 3),
(546, 8, 'Intel Core i3', '10.16.83.130', 'PC AIO', 96, 'Sewa', 2015, 3),
(547, 8, 'Intel Core i3', '10.16.83.105', 'PC AIO', 96, 'Sewa', 2015, 3),
(548, 8, 'Intel Core i3', '10.16.83.119', 'PC AIO', 96, 'Sewa', 2015, 3),
(549, 8, 'Intel Core i3', '10.16.83.88', 'PC AIO', 96, 'Sewa', 2015, 3),
(550, 8, 'Intel Core i3', '10.16.83.98', 'PC AIO', 96, 'Sewa', 2015, 3),
(551, 8, 'Intel Core i3', '10.16.81.113', 'PC AIO', 96, 'Sewa', 2015, 3),
(552, 8, 'Intel Core i3', 'DHCP', 'PC AIO', 96, 'Sewa', 2015, 3),
(553, 8, 'Intel Core i3', '10.16.81.23', 'PC AIO', 96, 'Sewa', 2015, 3),
(554, 8, 'Intel Core i3', '10.16.82.110', 'PC AIO', 96, 'Sewa', 2015, 3),
(555, 8, 'Intel Core i3', '10.16.82.76', 'PC AIO', 96, 'Sewa', 2015, 3),
(556, 8, 'Intel Core i3', '10.16.237.56', 'PC AIO', 96, 'Sewa', 2015, 3),
(557, 8, 'Intel Core i3', 'DHCP', 'PC AIO', 96, 'Sewa', 2015, 3),
(558, 2, 'Intel Core 2 Duo', '10.16.81.129', 'PC ', 96, 'Aset PLN', 2010, 0),
(559, 2, 'Intel Core 2 Duo', '10.16.81.95', 'PC ', 96, 'Aset PLN', 2010, 0),
(560, 2, 'Intel Core 2 Duo', '10.16.81.150', 'PC ', 96, 'Aset PLN', 2010, 0),
(561, 2, 'Intel Core 2 Duo', '10.16.101.56', 'PC ', 96, 'Aset PLN', 2010, 0),
(562, 2, 'Intel Core 2 Duo', '10.16.82.97', 'PC ', 96, 'Aset PLN', 2010, 0),
(563, 8, 'Intel Core i3', '10.16.236.65', 'PC AIO', 26, 'Sewa', 2015, 3),
(564, 8, 'Intel Core i3', '10.16.236.60', 'PC AIO', 26, 'Sewa', 2015, 3),
(565, 8, 'Intel Core i3', '10.16.236.68', 'PC AIO', 26, 'Sewa', 2015, 3),
(566, 8, 'Intel Core i3', '10.16.236.51', 'PC AIO', 26, 'Sewa', 2015, 3),
(567, 8, 'Intel Core i3', '10.16.236.58', 'PC AIO', 26, 'Sewa', 2015, 3),
(568, 8, 'Intel Core i3', '10.16.236.75', 'PC AIO', 26, 'Sewa', 2015, 3),
(569, 8, 'Intel Core i3', '10.16.236.67', 'PC AIO', 26, 'Sewa', 2015, 3),
(570, 8, 'Intel Core i3', '10.16.236.61', 'PC AIO', 26, 'Sewa', 2015, 3),
(571, 8, 'Intel Core i3', '10.16.236.62', 'PC AIO', 26, 'Sewa', 2015, 3),
(572, 8, 'Intel Core i3', '10.16.236.66', 'PC AIO', 26, 'Sewa', 2015, 3),
(573, 8, 'Intel Core i3', '10.16.236.103', 'PC AIO', 26, 'Sewa', 2015, 3);
INSERT INTO `komputer` (`id_komputer`, `id_merek`, `spesifikasi`, `ip_address`, `nama_pengguna`, `id_unit`, `status_kepemilikan`, `tahun`, `id_vendor`) VALUES
(574, 2, 'Intel Core i3', '10.16.236.69', 'PC ', 26, 'Aset PLN', 2011, 0),
(575, 2, 'Intel Core i3', '10.16.236.70', 'PC ', 26, 'Aset PLN', 2011, 0),
(576, 8, 'Intel Core i3', '10.16.237.52', 'PC AIO', 27, 'Sewa', 2015, 3),
(577, 8, 'Intel Core i3', '10.16.237.53', 'PC AIO', 27, 'Sewa', 2015, 3),
(578, 8, 'Intel Core i3', '10.16.237.63', 'PC AIO', 27, 'Sewa', 2015, 3),
(579, 8, 'Intel Core i3', '10.16.237.15', 'PC AIO', 27, 'Sewa', 2015, 3),
(580, 8, 'Intel Core i3', '10.16.237.57', 'PC AIO', 27, 'Sewa', 2015, 3),
(581, 8, 'Intel Core i3', '10.16.237.81', 'PC AIO', 27, 'Sewa', 2015, 3),
(582, 8, 'Intel Core i3', '10.16.237.75', 'PC AIO', 27, 'Sewa', 2015, 3),
(583, 8, 'Intel Core i3', '10.16.237.76', 'PC AIO', 27, 'Sewa', 2015, 3),
(584, 2, 'Intel Core i3', '10.16.237.55', 'PC ', 27, 'Sewa', 2012, 3),
(585, 2, 'Intel Core 2 Duo', '10.16.237.69', 'PC ', 27, 'Aset PLN', 2012, 0),
(586, 8, 'Intel Core i3', '10.16.231.52', 'PC AIO', 97, 'Sewa', 2015, 3),
(587, 8, 'Intel Core i3', '10.16.231.101', 'PC AIO', 97, 'Sewa', 2015, 3),
(588, 8, 'Intel Core i3', '10.16.231.80', 'PC AIO', 97, 'Sewa', 2015, 3),
(589, 8, 'Intel Core i3', '10.16.231.77', 'PC AIO', 97, 'Sewa', 2015, 3),
(590, 8, 'Intel Core i3', '10.16.231.50', 'PC AIO', 97, 'Sewa', 2015, 3),
(591, 8, 'Intel Core i3', '10.16.231.68', 'PC AIO', 97, 'Sewa', 2015, 3),
(592, 8, 'Intel Core i3', '10.16.231.61', 'PC AIO', 97, 'Sewa', 2015, 3),
(593, 8, 'Intel Core i3', '10.16.231.59', 'PC AIO', 97, 'Sewa', 2015, 3),
(594, 8, 'Intel Core i3', '10.16.231.60', 'PC AIO', 97, 'Sewa', 2015, 3),
(595, 8, 'Intel Core i3', '10.16.231.108', 'PC AIO', 97, 'Sewa', 2015, 3),
(596, 8, 'Intel Core i3', '10.16.231.63', 'PC AIO', 97, 'Sewa', 2015, 3),
(597, 8, 'Intel Core i3', '10.16.231.51', 'PC AIO', 97, 'Sewa', 2015, 3),
(598, 8, 'Intel Core i3', '10.16.231.71', 'PC AIO', 97, 'Sewa', 2015, 3),
(599, 32, 'Intel Core 2 Duo', '10.16.231.62', 'PC ', 97, 'Aset PLN', 2012, 0),
(600, 32, 'Intel Core 2 Duo', '10.16.231.69', 'PC ', 97, 'Aset PLN', 2012, 0),
(601, 32, 'Intel Core 2 Duo', 'DHCP', 'PC ', 97, 'Aset PLN', 2012, 3),
(602, 32, 'Intel Core 2 Duo', '10.16.231.77', 'PC ', 97, 'Aset PLN', 2012, 3),
(603, 8, 'Intel Core i3', '10.16.235.167', 'PC AIO', 29, 'Sewa', 2015, 3),
(604, 8, 'Intel Core i3', '10.16.235.61', 'PC AIO', 29, 'Sewa', 2015, 3),
(605, 8, 'Intel Core i3', '10.16.235.57', 'PC AIO', 29, 'Sewa', 2015, 3),
(606, 8, 'Intel Core i3', '10.16.235.74', 'PC AIO', 29, 'Sewa', 2015, 3),
(607, 8, 'Intel Core i3', '10.16.235.104', 'PC AIO', 29, 'Sewa', 2015, 3),
(608, 8, 'Intel Core i3', '10.16.235.101', 'PC AIO', 29, 'Sewa', 2015, 3),
(609, 8, 'Intel Core i3', '10.16.235.58', 'PC AIO', 29, 'Sewa', 2015, 3),
(610, 8, 'Intel Core i3', '10.16.235.112', 'PC AIO', 29, 'Sewa', 2015, 3),
(611, 8, 'Intel Core i3', '10.16.235.60', 'PC AIO', 29, 'Sewa', 2015, 3),
(612, 8, 'Intel Core i3', '10.16.235.63', 'PC AIO', 29, 'Sewa', 2015, 3),
(613, 8, 'Intel Core i3', '10.16.235.185', 'PC AIO', 29, 'Sewa', 2015, 3),
(614, 8, 'Intel Core i3', '10.16.235.64', 'PC AIO', 29, 'Sewa', 2015, 3),
(615, 8, 'Intel Core i3', '10.16.235.62', 'PC AIO', 29, 'Sewa', 2015, 3),
(616, 8, 'Intel Core i3', '10.16.235.81', 'PC AIO', 29, 'Sewa', 2015, 3),
(617, 8, 'Intel Core i3', '10.16.235.166', 'PC AIO', 29, 'Sewa', 2015, 3),
(618, 85, 'Intel Core 2 Duo', '10.16.235.116', 'PC ', 29, 'Aset PLN', 2010, 0),
(619, 8, 'Intel Core 2 Duo', '10.16.235.109', 'PC ', 29, 'Aset PLN', 2010, 0),
(620, 32, 'Intel Core 2 Duo', '10.16.235.75', 'PC ', 29, 'Aset PLN', 2010, 0),
(621, 83, 'Intel Core 2 Duo', '10.16.235.55', 'PC ', 29, 'Aset PLN', 2010, 0),
(622, 8, 'Intel Core i3', '10.16.232.69', 'PC AIO', 30, 'Sewa', 2015, 3),
(623, 8, 'Intel Core i3', '10.16.232.55', 'PC AIO', 30, 'Sewa', 2015, 3),
(624, 8, 'Intel Core i3', '10.16.232.65', 'PC AIO', 30, 'Sewa', 2015, 3),
(625, 8, 'Intel Core i3', '10.16.232.70', 'PC AIO', 30, 'Sewa', 2015, 3),
(626, 8, 'Intel Core i3', '10.16.232.72', 'PC AIO', 30, 'Sewa', 2015, 3),
(627, 8, 'Intel Core i3', '10.16.232.67', 'PC AIO', 30, 'Sewa', 2015, 3),
(628, 8, 'Intel Core i3', '10.16.232.56', 'PC AIO', 30, 'Sewa', 2015, 3),
(629, 8, 'Intel Core i3', '10.16.232.53', 'PC AIO', 30, 'Sewa', 2015, 3),
(630, 8, 'Intel Core i3', '10.16.232.102', 'PC AIO', 30, 'Sewa', 2015, 3),
(631, 8, 'Intel Core i3', '10.16.232.63', 'PC AIO', 30, 'Sewa', 2015, 3),
(632, 32, 'Intel Core 2 Duo', '10.16.232.102', 'PC ', 30, 'Aset PLN', 2010, 0),
(633, 8, 'Intel Core i3', '10.16.234.53', 'PC AIO', 98, 'Sewa', 2015, 3),
(634, 8, 'Intel Core i3', '10.16.234.54', 'PC AIO', 98, 'Sewa', 2015, 3),
(635, 8, 'Intel Core i3', '10.16.234.64', 'PC AIO', 98, 'Sewa', 2015, 3),
(636, 8, 'Intel Core i3', '10.16.234.51', 'PC AIO', 98, 'Sewa', 2015, 3),
(637, 8, 'Intel Core i3', '10.16.234.57', 'PC AIO', 98, 'Sewa', 2015, 3),
(638, 8, 'Intel Core i3', '10.16.234.70', 'PC AIO', 98, 'Sewa', 2015, 3),
(639, 8, 'Intel Core i3', '10.16.234.73', 'PC AIO', 98, 'Sewa', 2015, 3),
(640, 8, 'Intel Core i3', '10.16.234.58', 'PC AIO', 98, 'Sewa', 2015, 3),
(641, 8, 'Intel Core i3', '10.16.233.71', 'PC AIO', 98, 'Sewa', 2015, 3),
(642, 32, 'Intel Core 2 Duo', '10.16.234.62', 'PC ', 98, 'Aset PLN', 2009, 0),
(643, 32, 'Intel Core 2 Duo', '10.16.234.62', 'PC ', 98, 'Aset PLN', 2009, 0),
(644, 32, 'Intel Core 2 Duo', '10.16.234.207', 'PC ', 98, 'Aset PLN', 2009, 0),
(645, 8, 'Intel Core i3', '10.16.233.73', 'PC AIO', 99, 'Sewa', 2015, 3),
(646, 8, 'Intel Core i3', '10.16.233.53', 'PC AIO', 99, 'Sewa', 2015, 3),
(647, 8, 'Intel Core i3', '10.16.233.58', 'PC AIO', 99, 'Sewa', 2015, 3),
(648, 8, 'Intel Core i3', '10.16.233.98', 'PC AIO', 99, 'Sewa', 2015, 3),
(649, 8, 'Intel Core i3', '10.16.233.56', 'PC AIO', 99, 'Sewa', 2015, 3),
(650, 8, 'Intel Core i3', '10.16.233..89', 'PC AIO', 99, 'Sewa', 2015, 3),
(651, 8, 'Intel Core i3', '10.16.233.54', 'PC AIO', 99, 'Sewa', 2015, 3),
(652, 8, 'Intel Core i3', '10.16.233.88', 'PC AIO', 99, 'Sewa', 2015, 3),
(653, 8, 'Intel Core i3', '10.16.233.84', 'PC AIO', 99, 'Sewa', 2015, 3),
(654, 8, 'Intel Core i3', '10.16.233.102', 'PC AIO', 99, 'Sewa', 2015, 3),
(655, 8, 'Intel Core i3', '10.16.233.74', 'PC AIO', 99, 'Sewa', 2015, 3),
(656, 8, 'Intel Core i3', 'DHCP', 'PC AIO', 99, 'Sewa', 2015, 3),
(657, 2, 'Intel Core 2 Duo', '10.16.233.90', 'PC ', 99, 'Aset PLN', 2011, 0),
(658, 2, 'Intel Core 2 Duo', '10.16.233.97', 'PC ', 99, 'Aset PLN', 2011, 0),
(659, 2, 'Intel Core 2 Duo', '10.16.233.61', 'PC ', 99, 'Aset PLN', 2011, 0),
(660, 2, 'Intel Core 2 Duo', '10.16.233.64', 'PC ', 99, 'Aset PLN', 2011, 0),
(661, 8, 'Intel Core-i3 6100', '10.16.30.214', 'WSUBJIAMA01P', 2, 'Sewa', 2016, 3),
(662, 8, 'Intel Core-i3 6100', '192.168.3.9', 'PC BACKUP', 2, 'Sewa', 2016, 3),
(663, 8, 'Intel Core-i3 6100', '192.168.0.148', 'WSUBJIAPAD01P', 2, 'Sewa', 2016, 3),
(664, 8, 'Intel Core-i3 6100', '10.16.32.50', 'WSUBJIAPAD05P', 2, 'Sewa', 2016, 3),
(665, 8, 'Intel Core-i3 6100', '192.168.3.44', 'WSUBJIAJAR01AM', 2, 'Sewa', 2016, 3),
(666, 8, 'Intel Core-i3 6100', '192.168.3.54', 'WSUBJIAPAD04P', 2, 'Sewa', 2016, 3),
(667, 8, 'Intel Core-i3 6100', '192.168.0.137', 'WSUBJIAPAD02P', 2, 'Sewa', 2016, 3),
(668, 8, 'Intel Core-i3 6100', '10.16.31.211', 'WSUBJIAAHL03P', 2, 'Sewa', 2016, 3),
(669, 8, 'Intel Core-i3 6100', '192.168.3.10', 'WSUBJIAAHL04P', 2, 'Sewa', 2016, 3),
(670, 8, 'Intel Core-i3 6100', '192.168.3.12', 'WSUBJIAAHL01P', 2, 'Sewa', 2016, 3),
(671, 8, 'Intel Core-i3 6100', '192.168.0.74', 'WSUBJIAPAD09P', 2, 'Sewa', 2016, 3),
(672, 8, 'Intel Core-i3 6100', '192.168.3.73', 'WSUBJIAJAR23P', 2, 'Sewa', 2016, 3),
(673, 8, 'Intel Core-i3 6100', '192.168.3.200', 'WSUBJIAPAD-06P', 2, 'Sewa', 2016, 3),
(674, 8, 'Intel Core-i3 6100', '10.16.30.108', 'WSUBJIAPAD08P', 2, 'Sewa', 2016, 3),
(675, 8, 'Intel Core-i3 6100', '10.16.30.102', 'WSUBJIATEL01AM', 2, 'Sewa', 2016, 3),
(676, 8, 'Intel Core-i3 6100', '192.168.0.148', 'WSUBJIAPAD11P', 2, 'Sewa', 2016, 3),
(677, 8, 'Intel Core-i3 6100', '192.168.3.62', 'WSUBJIA-PAD15P', 2, 'Sewa', 2016, 3),
(678, 8, 'Intel Core-i3 6100', '192.168.3.138', 'WSUBJIAJAR-05P', 2, 'Sewa', 2016, 3),
(679, 8, 'Intel Core-i3 6100', '192.168.3.160', 'WSUBJIAPAD-01AM', 2, 'Sewa', 2016, 3),
(680, 8, 'Intel Core-i3 6100', '192.168.3.151', 'WSUBJIAPAD12P', 2, 'Sewa', 2016, 3),
(681, 8, 'Intel Core-i3 6100', '192.168.3.8', 'WSUBJIAPAD14P', 2, 'Sewa', 2016, 3),
(682, 8, 'Intel Core-i3 6100', '10.16.30.96', 'WSUBJIAJAR22P', 2, 'Sewa', 2016, 3),
(683, 8, 'Intel Core-i3 6100', '10.16.30.211', 'WSUBJIAPAD10P', 2, 'Sewa', 2016, 3),
(684, 8, 'Intel Core-i3 6100', '192.168.0.98', 'WSUBJIATEL11P', 2, 'Sewa', 2016, 3),
(685, 8, 'Intel Core-i3 6100', '192.168.3.18', 'WSUBJIATEL07P', 2, 'Sewa', 2016, 3),
(686, 8, 'Intel Core-i3 6100', '10.16.30.184', 'WSUBJIATEL04P', 2, 'Sewa', 2016, 3),
(687, 8, 'Intel Core-i3 6100', '10.16.31.51', 'WSUBJIATEL12P', 2, 'Sewa', 2016, 3),
(688, 8, 'Intel Core-i3 6100', '10.16.31.154', 'WSUBJIATEL09P', 2, 'Sewa', 2016, 3),
(689, 8, 'Intel Core-i3 6100', '10.16.32.158', 'WSUBJIARJAR09P', 2, 'Sewa', 2016, 3),
(690, 8, 'Intel Core-i3 6100', 'DHCP', 'WSUBJIAAHL05P', 2, 'Sewa', 2016, 3),
(691, 8, 'Intel Core-i3 6100', '10.16.30.59', 'WSUBJIAJAR0-6P', 2, 'Sewa', 2016, 3),
(692, 8, 'Intel Core-i3 6100', '10.16.31.121', 'WSUBJIATEL03P', 2, 'Sewa', 2016, 3),
(693, 8, 'Intel Core-i3 6100', '10.16.30.142', 'WSUBJIATEL15P', 2, 'Sewa', 2016, 3),
(694, 8, 'Intel Core-i3 6100', '10.16.30.64', 'WSUBJIATEL13P', 2, 'Sewa', 2016, 3),
(695, 8, 'Intel Core-i3 6100', '10.16.30.96', 'WSUBJIATEL16P', 2, 'Sewa', 2016, 3),
(696, 8, 'Intel Core-i3 6100', '10.16.30.244', 'WSUBJIATEL14P', 2, 'Sewa', 2016, 3),
(697, 8, 'Intel Core-i3 6100', '192.168.3.8', 'WSUBJIAJAR19P', 2, 'Sewa', 2016, 3),
(698, 8, 'Intel Core-i3 6100', '192.168.3.61', 'WSUBJIAJAR21P', 2, 'Sewa', 2016, 3),
(699, 8, 'Intel Core-i3 6100', '192.168.3.7', 'WSUBJIAREN01-AM', 2, 'Sewa', 2016, 3),
(700, 8, 'Intel Core-i3 6100', '10.16.30.237', 'WSUBJIAJAR08P', 2, 'Sewa', 2016, 3),
(701, 8, 'Intel Core-i3 6100', '10.16.33.135', 'WSUBJIAJAR04P', 2, 'Sewa', 2016, 3),
(702, 8, 'Intel Core-i3 6100', '10.16.32.146', 'WSUBJIAPEL04P', 2, 'Sewa', 2016, 3),
(703, 8, 'Intel Core-i3 6100', '10.16.32.147', 'WSUBJIAPEL01P', 2, 'Sewa', 2016, 3),
(704, 8, 'Intel Core-i3 6100', '10.16.30.39', 'WSUBJIAJAR07P', 2, 'Sewa', 2016, 3),
(705, 8, 'Intel Core-i3 6100', '10.16.32.51', 'WSUBJIAPAD03P', 2, 'Sewa', 2016, 3),
(706, 8, 'Intel Core-i3 6100', '10.16.31.126', 'WSUBJIATEL05P', 2, 'Sewa', 2016, 3),
(707, 8, 'Intel Core-i3 6100', '10.16.30.56', 'WSUBJIAJAR13P', 2, 'Sewa', 2016, 3),
(708, 8, 'Intel Core-i3 6100', '10.16.30.98', 'WSUBJIAJAR02P', 2, 'Sewa', 2016, 3),
(709, 8, 'Intel Core-i3 6100', '10.16.30.81', 'WSUBJIAJAR18P', 2, 'Sewa', 2016, 3),
(710, 8, 'Intel Core-i3 6100', '10.16.30.77', 'WSUBJIATEL10P', 2, 'Sewa', 2016, 3),
(711, 8, 'Intel Core-i3 6100', '10.16.30.82', 'WSUBJIAJAR16P', 2, 'Sewa', 2016, 3),
(712, 8, 'Intel Core-i3 6100', '10.16.30.84', 'WSUBJIAPAD07P', 2, 'Sewa', 2016, 3),
(713, 8, 'Intel Core-i3 6100', '10.16.33.91', 'WSUBJIAJAR17P', 2, 'Sewa', 2016, 3),
(714, 8, 'Intel Core-i3 6100', '192.168.3.16', 'WSUBJIAJAR10P', 2, 'Sewa', 2016, 3),
(715, 8, 'Intel Core-i3 6100', '10.16.33.95', 'WSUBJIAJAR11P', 2, 'Sewa', 2016, 3),
(716, 8, 'Intel Core-i3 6100', '10.16.33.92', 'WSUBJIAJAR12P', 2, 'Sewa', 2016, 3),
(717, 8, 'Intel Core-i3 6100', '10.16.33.94', 'WSUBJIAJAR15P', 2, 'Sewa', 2016, 3),
(718, 8, 'Intel Core-i3 6100', '10.16.31.52', 'WSUBJIATEL02P', 2, 'Sewa', 2016, 3),
(719, 8, 'Intel Core-i3 6100', '10.16.31.209', 'WSUBJIRPSS09P', 2, 'Sewa', 2016, 3),
(720, 8, 'Intel Core-i3 6100', '10.16.31.132', 'WSUBJIAAHL02P', 2, 'Sewa', 2016, 3),
(721, 8, 'Intel Core-i3 6100', '10.16.31.120', 'WSUBJIATEL08P', 2, 'Sewa', 2016, 3),
(722, 8, 'Intel Core-i3 6100', '10.16.30.57', 'WSUBJIAJAR14P', 2, 'Sewa', 2016, 3),
(723, 8, 'Intel Core-i3 6100', '10.16.179.7', 'WSUBJIAJAR03P', 2, 'Sewa', 2016, 3),
(724, 8, 'Intel Core-i3 6100', '10.16.179.6', 'WSUBJIAJAR01P', 2, 'Sewa', 2016, 3),
(725, 8, 'Intel Core-i3 6100', '10.16.163.52', 'WSUBJIRKOT01P', 12, 'Sewa', 2016, 3),
(726, 8, 'Intel Core-i3 6100', '10.16.163.62', 'WSUBJIRKOT06P', 12, 'Sewa', 2016, 3),
(727, 8, 'Intel Core-i3 6100', '10.16.163.51', 'WSUBJIRKOTAPKT', 12, 'Sewa', 2016, 3),
(728, 8, 'Intel Core-i3 6100', '10.16.163.53', 'WSUBJIRKOT02P', 12, 'Sewa', 2016, 3),
(729, 8, 'Intel Core-i3 6100', '10.16.163.54', 'WSUBJIRKOT03P', 12, 'Sewa', 2016, 3),
(730, 8, 'Intel Core-i3 6100', '10.16.163.55', 'WSUBJIRKOT04P', 12, 'Sewa', 2016, 3),
(731, 8, 'Intel Core-i3 6100', '10.16.163.110', 'WSUBJIRKOT08P', 12, 'Sewa', 2016, 3),
(732, 8, 'Intel Core-i3 6100', '10.16.163.102', 'WSUBJIRKOTACMT', 12, 'Sewa', 2016, 3),
(733, 8, 'Intel Core-i3 6100', '10.16.163.60', 'WSUBJIRKOT05P', 12, 'Sewa', 2016, 3),
(734, 84, 'Dual Core', '10.16.163.64', 'Aset', 12, 'Aset PLN', 2009, 3),
(735, 8, 'Intel Core-i3 6100', '10.16.170.110', 'WSUBJIRTMR08P', 14, 'Sewa', 2016, 3),
(736, 8, 'Intel Core-i3 6100', '10.16.170.114', 'WSUBJIRTMR06P', 14, 'Sewa', 2016, 3),
(737, 8, 'Intel Core-i3 6100', '10.16.170.59', 'WSUBJIRTMR05P', 14, 'Sewa', 2016, 3),
(738, 8, 'Intel Core-i3 6100', '10.16.170.51', 'WSUBJIRTMR10P', 14, 'Sewa', 2016, 3),
(739, 8, 'Intel Core-i3 6100', '10.16.170.53', 'WSUBJIATEL06P', 14, 'Sewa', 2016, 3),
(740, 8, 'Intel Core-i3 6100', '10.16.170.62', 'WSUBJIRTMRAPKT', 14, 'Sewa', 2016, 3),
(741, 8, 'Intel Core-i3 6100', '10.16.170.54', 'WSUBJIRTMR03P', 14, 'Sewa', 2016, 3),
(742, 8, 'Intel Core-i3 6100', '10.16.170.55', 'WSUBJIRTMR04P', 14, 'Sewa', 2016, 3),
(743, 8, 'Intel Core-i3 6100', '10.16.170.56', 'WSUBJIRTMRACMT', 14, 'Sewa', 2016, 3),
(744, 8, 'Intel Core-i3 6100', '10.16.170.57', 'WSUBJIRTMR07P', 14, 'Sewa', 2016, 3),
(745, 8, 'Intel Core-i3 6100', '10.16.170.68', 'WSUBJIRTMR09P', 14, 'Sewa', 2016, 3),
(746, 8, 'Intel Core-i3 6100', '10.16.170.72', 'WSUBJIRTMR01P', 14, 'Sewa', 2016, 3),
(747, 8, 'Intel Core-i3 6100', '10.16.170.74', 'WSUBJIRTMR02P', 14, 'Sewa', 2016, 3),
(748, 8, 'Intel Core-i3 6100', '10.16.171.63', 'WSUBJIRBRT08P', 13, 'Sewa', 2016, 3),
(749, 8, 'Intel Core-i3 6100', '10.16.171.110', 'WSUBJIRBRT03P', 13, 'Sewa', 2016, 3),
(750, 8, 'Intel Core-i3 6100', '10.16.171.55', 'WSUBJIRBRT04P', 13, 'Sewa', 2016, 3),
(751, 8, 'Intel Core-i3 6100', '10.16.171.111', 'WSUBJIRBRT05P', 13, 'Sewa', 2016, 3),
(752, 8, 'Intel Core-i3 6100', '10.16.171.117', 'WSUBJIRBRTAPKT', 13, 'Sewa', 2016, 3),
(753, 8, 'Intel Core-i3 6100', '10.16.171.29', 'WSUBJIRBRTACMT', 13, 'Sewa', 2016, 3),
(754, 8, 'Intel Core-i3 6100', '10.16.171.115', 'WSUBJIRBRT07P', 13, 'Sewa', 2016, 3),
(755, 8, 'Intel Core-i3 6100', '10.16.171.109', 'WSUBJIRBRT02P', 13, 'Sewa', 2016, 3),
(756, 8, 'Intel Core-i3 6100', '10.16.171.84', 'WSUBJIRBRT01P', 13, 'Sewa', 2016, 3),
(757, 8, 'Intel Core-i3 6100', '10.16.167.99', 'WSUBJIRGBG03P', 15, 'Sewa', 2016, 3),
(758, 8, 'Intel Core-i3 6100', '10.16.167.112', 'WSUBJIRGBG05P', 15, 'Sewa', 2016, 3),
(759, 8, 'Intel Core-i3 6100', '10.16.167.101', 'WSUBJIRGBG06P', 15, 'Sewa', 2016, 3),
(760, 8, 'Intel Core-i3 6100', '10.16.167.97', 'WSUBJIRGBG01P', 15, 'Sewa', 2016, 3),
(761, 8, 'Intel Core-i3 6100', '10.16.167.98', 'WSUBJIRGBG02P', 15, 'Sewa', 2016, 3),
(762, 8, 'Intel Core-i3 6100', '10.16.167.125', 'WSUBJIRGBG07P', 15, 'Sewa', 2016, 3),
(763, 8, 'Intel Core-i3 6100', '10.16.167.119', 'WSUBJIRGBGAPKT', 15, 'Sewa', 2016, 3),
(764, 8, 'Intel Core-i3 6100', '10.16.167.102', 'WSUBJIRGBG08P', 15, 'Sewa', 2016, 3),
(765, 8, 'Intel Core-i3 6100', '10.16.167.100', 'WSUBJIRGBG04P', 15, 'Sewa', 2016, 3),
(766, 8, 'Intel Core-i3 6100', '10.16.168.52', 'WSUBJIRPBD01P', 16, 'Sewa', 2016, 3),
(767, 8, 'Intel Core-i3 6100', '10.16.168.71', 'WSUBJIRPBD07P', 16, 'Sewa', 2016, 3),
(768, 8, 'Intel Core-i3 6100', '10.16.168.53', 'WSUBJIRPBD02P', 16, 'Sewa', 2016, 3),
(769, 8, 'Intel Core-i3 6100', '10.16.168.51', 'WSUBJIRPBDAPKT', 16, 'Sewa', 2016, 3),
(770, 8, 'Intel Core-i3 6100', '10.16.168.56', 'WSUBJIRPBD05P', 16, 'Sewa', 2016, 3),
(771, 8, 'Intel Core-i3 6100', '10.16.168.73', 'WSUBJIRPBD03P', 16, 'Sewa', 2016, 3),
(772, 8, 'Intel Core-i3 6100', '10.16.168.74', 'WSUBJIRPBDACMT', 16, 'Sewa', 2016, 3),
(773, 8, 'Intel Core-i3 6100', '10.16.168.57', 'WSUBJIRPBD06P', 16, 'Sewa', 2016, 3),
(774, 8, 'Intel Core-i3 6100', '10.16.168.75', 'WSUBJIRPBD04P', 16, 'Sewa', 2016, 3),
(775, 8, 'Intel Core-i3 6100', '10.16.169.53', 'WSUBJIRPSS01P', 17, 'Sewa', 2016, 3),
(776, 8, 'Intel Core-i3 6100', '10.16.169.58', 'WSUBJIRPSS06P', 17, 'Sewa', 2016, 3),
(777, 8, 'Intel Core-i3 6100', '10.16.169.101', 'WSUBJIRPSSACMT', 17, 'Sewa', 2016, 3),
(778, 8, 'Intel Core-i3 6100', '10.16.169.104', 'WSUBJIRPSS05P', 17, 'Sewa', 2016, 3),
(779, 8, 'Intel Core-i3 6100', '10.16.169.59', 'WSUBJIRPSS07P', 17, 'Sewa', 2016, 3),
(780, 8, 'Intel Core-i3 6100', '10.16.169.76', 'WSUBJIRPSS04P', 17, 'Sewa', 2016, 3),
(781, 8, 'Intel Core-i3 6100', '10.16.169.72', 'WSUBJIRPSSAPKT', 17, 'Sewa', 2016, 3),
(782, 8, 'Intel Core-i3 6100', '10.16.169.74', 'WSUBJIRPSS08P', 17, 'Sewa', 2016, 3),
(783, 8, 'Intel Core-i3 6100', '10.16.169.70', 'WSUBJIRPSS02P', 17, 'Sewa', 2016, 3),
(784, 8, 'Intel Core-i3 6100', '10.16.169.68', 'WSUBJIRPSS03P', 17, 'Sewa', 2016, 3),
(785, 8, 'Intel Core-i3 6100', '10.16.165.63', 'WSUBJIRSTBAPKT', 18, 'Sewa', 2016, 3),
(786, 8, 'Intel Core-i3 6100', '10.16.165.59', 'WSUBJIRSTB01P', 18, 'Sewa', 2016, 3),
(787, 8, 'Intel Core-i3 6100', '10.16.165.68', 'WSUBJIRSTBACMT', 18, 'Sewa', 2016, 3),
(788, 8, 'Intel Core-i3 6100', '10.16.165.114', 'WSUBJIRSTB04P', 18, 'Sewa', 2016, 3),
(789, 8, 'Intel Core-i3 6100', '10.16.165.88', 'WSUBJIRSTB10P', 18, 'Sewa', 2016, 3),
(790, 8, 'Intel Core-i3 6100', '10.16.165.67', 'WSUBJIRSTB05P', 18, 'Sewa', 2016, 3),
(791, 8, 'Intel Core-i3 6100', '10.16.165.66', 'WSUBJIRSTB06P', 18, 'Sewa', 2016, 3),
(792, 8, 'Intel Core-i3 6100', '10.16.165.61', 'WSUBJIRSTB02P', 18, 'Sewa', 2016, 3),
(793, 8, 'Intel Core-i3 6100', '10.16.165.103', 'WSUBJIRSTB07P', 18, 'Sewa', 2016, 3),
(794, 8, 'Intel Core-i3 6100', '10.16.165.114', 'WSUBJIRSTB08P', 18, 'Sewa', 2016, 3),
(795, 8, 'Intel Core-i3 6100', '10.16.165.69', 'WSUBJIRSTB09P', 18, 'Sewa', 2016, 3),
(796, 8, 'Intel Core-i3 6100', '10.16.165.65', 'WSUBJIRSTB03P', 18, 'Sewa', 2016, 3),
(797, 8, 'Intel Core-i3 6100', '10.16.166.121', 'WSUBJIRTJP03P', 19, 'Sewa', 2016, 3),
(798, 8, 'Intel Core-i3 6100', '10.16.166.111', 'WSUBJIRTJPAPKT', 19, 'Sewa', 2016, 3),
(799, 8, 'Intel Core-i3 6100', '10.16.166.110', 'WSUBJIRTJP10P', 19, 'Sewa', 2016, 3),
(800, 8, 'Intel Core-i3 6100', '10.16.166.103', 'WSUBJIRTJP01P', 19, 'Sewa', 2016, 3),
(801, 8, 'Intel Core-i3 6100', '10.16.166.109', 'WSUBJIRTJP02P', 19, 'Sewa', 2016, 3),
(802, 8, 'Intel Core-i3 6100', '10.16.166.113', 'WSUBJIRTJP04P', 19, 'Sewa', 2016, 3),
(803, 8, 'Intel Core-i3 6100', '10.16.166.127', 'WSUBJIRTJP05P', 19, 'Sewa', 2016, 3),
(804, 8, 'Intel Core-i3 6100', '10.16.166.131', 'WSUBJIRTJP06P', 19, 'Sewa', 2016, 3),
(805, 8, 'Intel Core-i3 6100', '10.16.166.130', 'WSUBJIRTJP07P', 19, 'Sewa', 2016, 3),
(806, 8, 'Intel Core-i3 6100', '10.16.166.114', 'WSUBJIRTJP08P', 19, 'Sewa', 2016, 3),
(807, 8, 'Intel Core-i3 6100', '10.16.166.126 ', 'WSUBJIRTJP09P ', 19, 'Sewa', 2016, 3),
(808, 8, 'Intel Core-i3 6100', '10.16.14.80', 'WSUBJIRBRS01P', 2, 'Sewa', 2016, 3),
(809, 8, 'Intel Core-i3 6100', '10.16.14.81', 'WSUBJIRKBJ07P', 2, 'Sewa', 2016, 3),
(810, 8, 'Intel Core-i3 6100', '10.16.14.106', 'WSUBJIRKBJ03P', 2, 'Sewa', 2016, 3),
(811, 8, 'Intel Core-i3 6100', '10.16.14.102', 'WSUBJIATEL01P', 2, 'Sewa', 2016, 3),
(812, 8, 'Intel Core-i3 6100', '10.16.14.97', 'WSUBJIRKBJ01P', 2, 'Sewa', 2016, 3),
(813, 8, 'Intel Core-i3 6100', '10.16.14.96', 'WSURTPRKOT03P', 2, 'Sewa', 2016, 3),
(814, 8, 'Intel Core-i3 6100', '10.16.14.50', 'WSUBJIRTMR04P', 2, 'Sewa', 2016, 3),
(815, 8, 'Intel Core-i3 6100', '10.16.14.71', 'WSUBJIRBRT08P', 2, 'Sewa', 2016, 3),
(816, 8, 'Intel Core-i3 6100', '10.16.14.109', 'WSUMDNAPAD19P', 2, 'Sewa', 2016, 3),
(817, 8, 'Intel Core-i3 6100', '10.16.14.101', 'WSUBJIRKUALA04P', 2, 'Sewa', 2016, 3),
(818, 8, 'Intel Core-i3 6100', '10.16.14.107', 'WSURTPAPEC01P', 2, 'Sewa', 2016, 3),
(819, 8, 'Intel Core-i3 6100', '10.16.14.95', 'WSUPSPRPYB09P', 2, 'Sewa', 2016, 3),
(820, 8, 'Intel Core-i3 6100', '10.16.14.152', 'WSUAPDABPR03P', 2, 'Sewa', 2016, 3),
(821, 8, 'Intel Core-i3 6100', '10.16.14.108', 'WSUMDNAPAD10P', 2, 'Sewa', 2016, 3),
(822, 8, 'Intel Core-i3 6100', '10.16.14.72', 'WSUBJIAPEL03P', 2, 'Sewa', 2016, 3),
(823, 8, 'Intel Core-i3 6100', '10.16.14.74', 'WSUBJIAPEL02P', 2, 'Sewa', 2016, 3),
(824, 8, 'Intel Core-i3 6100', '10.16.14.111', 'WSUBJIRSDK02P', 2, 'Sewa', 2016, 3),
(825, 8, 'Intel Core-i3 6100', '10.16.14.60', 'WSUBJIRTGBACMT', 2, 'Sewa', 2016, 3),
(826, 8, 'Intel Core-i3 6100', '10.16.14.20', 'WSUPKMPNB02P', 2, 'Sewa', 2016, 3),
(827, 8, 'Intel Core-i3 6100', '10.16.162.75', 'WSUBJIBRSACMT', 20, 'Sewa', 2016, 3),
(828, 8, 'Intel Core-i3 6100', '10.16.162.103', 'WSUBJIRBRS02P', 20, 'Sewa', 2016, 3),
(829, 8, 'Intel Core-i3 6100', '10.16.162.102', 'WSUBJIRBRS08P', 20, 'Sewa', 2016, 3),
(830, 8, 'Intel Core-i3 6100', '10.16.162.54', 'WSUBJIRBRS03P', 20, 'Sewa', 2016, 3),
(831, 8, 'Intel Core-i3 6100', '10.16.162.55', 'WSUBJIRBRS04P', 20, 'Sewa', 2016, 3),
(832, 8, 'Intel Core-i3 6100', '10.16.162.108', 'WSUBJIRBRS05P', 20, 'Sewa', 2016, 3),
(833, 8, 'Intel Core-i3 6100', '10.16.162.114', 'WSUBJIRBRSAPKT', 20, 'Sewa', 2016, 3),
(834, 8, 'Intel Core-i3 6100', '10.16.162.100', 'WSUBJIRBRS06P', 20, 'Sewa', 2016, 3),
(835, 8, 'Intel Core-i3 6100', '10.16.162.58', 'WSUBJIRBRS07P', 20, 'Sewa', 2016, 3),
(836, 8, 'Intel Core-i3 6100', '10.16.172.72', 'WSUBJIRKBJAPKT', 22, 'Sewa', 2016, 3),
(837, 8, 'Intel Core-i3 6100', '10.16.172.61', 'WSUBJIRKBJA02P', 22, 'Sewa', 2016, 3),
(838, 8, 'Intel Core-i3 6100', '10.16.172.69', 'WSUBJIRKBJ06P', 22, 'Sewa', 2016, 3),
(839, 8, 'Intel Core-i3 6100', '10.16.172.74', 'WSUBJIRKBJA04P', 22, 'Sewa', 2016, 3),
(840, 8, 'Intel Core-i3 6100', '10.16.172.62', 'WSUBJIRKBJA05P', 22, 'Sewa', 2016, 3),
(841, 8, 'Intel Core-i3 6100', '10.16.172.102', 'WSUBJIRKBJACMT', 22, 'Sewa', 2016, 3),
(842, 8, 'Intel Core-i3 6100', '10.16.164.52', 'WSUBJIRKUAL01P', 21, 'Sewa', 2016, 3),
(843, 8, 'Intel Core-i3 6100', '10.16.164.54', 'WSUBJIRKUAL03P', 21, 'Sewa', 2016, 3),
(844, 8, 'Intel Core-i3 6100', '10.16.164.56', 'WSUBJIRKUAL06P', 21, 'Sewa', 2016, 3),
(845, 8, 'Intel Core-i3 6100', '10.16.164.57', 'WSUBJIRKUAL05P', 21, 'Sewa', 2016, 3),
(846, 8, 'Intel Core-i3 6100', '10.16.164.51', 'WSUBJIRKUALAPKT', 21, 'Sewa', 2016, 3),
(847, 8, 'Intel Core-i3 6100', '10.16.164.53', 'WSUBJIRKUAL02P', 21, 'Sewa', 2016, 3),
(848, 8, 'Intel Core-i3 6100', '10.16.164.62', 'WSUBJIRKUAL08P', 21, 'Sewa', 2016, 3),
(849, 8, 'Intel Core-i3 6100', '10.16.164.77', 'WSUBJIRKUALACMT', 21, 'Sewa', 2016, 3),
(850, 8, 'Intel Core-i3 6100', '10.16.160.51', 'WSUBJIRSDKAPKT', 24, 'Sewa', 2016, 3),
(851, 8, 'Intel Core-i3 6100', '10.16.160.61', 'WSUBJIRSDK010P', 24, 'Sewa', 2016, 3),
(852, 8, 'Intel Core-i3 6100', '10.16.160.80', 'WSUBJIRSDK03P', 24, 'Sewa', 2016, 3),
(853, 8, 'Intel Core-i3 6100', '10.16.160.81', 'WSUBJIRSDK04P', 24, 'Sewa', 2016, 3),
(854, 8, 'Intel Core-i3 6100', '10.16.160.56', 'WSUBJIRSDK05P', 24, 'Sewa', 2016, 3),
(855, 8, 'Intel Core-i3 6100', '10.16.160.79', 'WSUBJIRSDK011P', 24, 'Sewa', 2016, 3),
(856, 8, 'Intel Core-i3 6100', '10.16.160.78', 'WSUBJIRSDK06P', 24, 'Sewa', 2016, 3),
(857, 8, 'Intel Core-i3 6100', '10.16.160.58', 'WSUBJIRSDK07P', 24, 'Sewa', 2016, 3),
(858, 8, 'Intel Core-i3 6100', '10.16.160.85', 'WSUBJIRSDK008P', 24, 'Sewa', 2016, 3),
(859, 8, 'Intel Core-i3 6100', '10.16.160.87', 'WSUBJIRSDK01P', 24, 'Sewa', 2016, 3),
(860, 8, 'Intel Core-i3 6100', '10.16.160.88', 'WSUBJIRSDKACMT', 24, 'Sewa', 2016, 3),
(861, 8, 'Intel Core-i3 6100', '10.16.160.89', 'WSUBJIRSDK09P', 24, 'Sewa', 2016, 3),
(862, 8, 'Intel Core-i3 6100', '10.16.161.62', 'WSUBJIRTGBAPKT', 23, 'Sewa', 2016, 3),
(863, 8, 'Intel Core-i3 6100', '10.16.161.105', 'WSUBJIRTGB03P', 23, 'Sewa', 2016, 3),
(864, 8, 'Intel Core-i3 6100', '10.16.161.103', 'WSUBJIRTBG05P', 23, 'Sewa', 2016, 3),
(865, 8, 'Intel Core-i3 6100', '10.16.161.104', 'WSUBJIRTGB02P', 23, 'Sewa', 2016, 3),
(866, 8, 'Intel Core-i3 6100', '10.16.161.101', 'WSUBJIRTBG01P', 23, 'Sewa', 2016, 3),
(867, 8, 'Intel Core-i3 6100', '10.16.161.64', 'WSUBJIRTBG04P', 23, 'Sewa', 2016, 3),
(868, 8, 'Intel Core-i3 6100', '10.16.161.70', 'WSUBJIRTGB06P', 23, 'Sewa', 2016, 3),
(869, 8, 'Intel Core-i3 6100', '10.16.161.75', 'WSUBJIRTBG07P', 23, 'Sewa', 2016, 3),
(870, 8, 'Intel(R) Core(TM) i3-6100 CPU', '10.16.4.28', 'WSUSTRAMA01P1', 9, 'Sewa', 2016, 3),
(871, 8, 'Intel(R) Core(TM) i3-6100 CPU', '10.16.4.145', 'WSUSTRAPAD01AM', 9, 'Sewa', 2016, 3),
(872, 8, 'Intel(R) Core(TM) i3-6100 CPU', '10.16.4.39', 'WSUSTRATEL01AAM', 9, 'Sewa', 2016, 3),
(873, 8, 'Intel(R) Core(TM) i3-6100 CPU', '10.16.4.155', 'WSUSTRAREN01AM', 9, 'Sewa', 2016, 3),
(874, 8, 'Intel(R) Core(TM) i3-6100 CPU', '10.16.4.30', 'WSUSTRAJAR01P', 9, 'Sewa', 2016, 3),
(875, 8, 'Intel(R) Core(TM) i3-6100 CPU', '10.16.4.33', 'WSUSTRAJAR06', 9, 'Sewa', 2016, 3),
(876, 8, 'Intel(R) Core(TM) i3-6100 CPU', '10.16.4.222', 'WSUSTRAPAD07', 9, 'Sewa', 2016, 3),
(877, 8, 'Intel(R) Core(TM) i3-6100 CPU', '10.16.4.193', 'WSUSTRAPAD11P', 9, 'Sewa', 2016, 3),
(878, 8, 'Intel(R) Core(TM) i3-6100 CPU', '10.16.4.55', 'WSUSTRAPAD09P ', 9, 'Sewa', 2016, 3),
(879, 8, 'Intel(R) Core(TM) i3-6100 CPU', '10.16.4.56', 'WSUSTRA-PAD14P', 9, 'Sewa', 2016, 3),
(880, 8, 'Intel(R) Core(TM) i3-6100 CPU', '10.16.4.57', 'WSUSTRAPAD04P', 9, 'Sewa', 2016, 3),
(881, 8, 'Intel(R) Core(TM) i3-6100 CPU', '10.16.4.61', 'WSUSTRAJAR04', 9, 'Sewa', 2016, 3),
(882, 8, 'Intel(R) Core(TM) i3-6100 CPU', '10.16.4.59', 'WSUSTRAAHL04P', 9, 'Sewa', 2016, 3),
(883, 8, 'Intel(R) Core(TM) i3-6100 CPU', '10.16.4.60', 'WSUSTRAAHL05P', 9, 'Sewa', 2016, 3),
(884, 8, 'Intel(R) Core(TM) i3-6100 CPU', '10.16.4.23', 'WSUSTRAAHL01P', 9, 'Sewa', 2016, 3),
(885, 8, 'Intel(R) Core(TM) i3-6100 CPU', '10.16.4.64', 'WSUSTRAAHL03P', 9, 'Sewa', 2016, 3),
(886, 8, 'Intel(R) Core(TM) i3-6100 CPU', '10.16.4.63', 'WSUSTRAPAD-10P', 9, 'Sewa', 2016, 3),
(887, 8, 'Intel(R) Core(TM) i3-6100 CPU', '10.16.4.7', 'WSUSTRAJAR04L', 9, 'Sewa', 2016, 3),
(888, 8, 'Intel(R) Core(TM) i3-6100 CPU', '10.16.4.65', 'WSUSTRAPAD12P', 9, 'Sewa', 2016, 3),
(889, 8, 'Intel(R) Core(TM) i3-6100 CPU', '10.16.4.67', 'WSUSTRAJAR03', 9, 'Sewa', 2016, 3),
(890, 8, 'Intel(R) Core(TM) i3-6100 CPU', '10.16.4.69', 'WSUSTRAPAD08-P', 9, 'Sewa', 2016, 3),
(891, 8, 'Intel(R) Core(TM) i3-6100 CPU', '10.16.4.68', 'WSUSTRAPAD06-P', 9, 'Sewa', 2016, 3),
(892, 8, 'Intel(R) Core(TM) i3-6100 CPU', '10.16.4.134', 'WSUSTRAPAD03P', 9, 'Sewa', 2016, 3),
(893, 8, 'Intel(R) Core(TM) i3-6100 CPU', '10.16.4.63', 'WSUSTRAPAD02P', 9, 'Sewa', 2016, 3),
(894, 8, 'Intel(R) Core(TM) i3-6100 CPU', '10.16.4.190', 'WSUSTRAPAD05P', 9, 'Sewa', 2016, 3),
(895, 8, 'Intel(R) Core(TM) i3-6100 CPU', '10.16.4.72', 'WSUSTRAAHL02P', 9, 'Sewa', 2016, 3),
(896, 8, 'Intel(R) Core(TM) i3-6100 CPU', '10.16.4.73', 'WSUSTRATEL05P', 9, 'Sewa', 2016, 3),
(897, 8, 'Intel(R) Core(TM) i3-6100 CPU', '10.16.4.32', 'WSUSTRAPAD01-P', 9, 'Sewa', 2016, 3),
(898, 8, 'Intel(R) Core(TM) i3-6100 CPU', '10.16.4.74', 'WSUSTRAPEL01-P', 9, 'Sewa', 2016, 3),
(899, 8, 'Intel(R) Core(TM) i3-6100 CPU', '10.16.4.40', 'WSUSTRAPEL02P', 9, 'Sewa', 2016, 3),
(900, 8, 'Intel(R) Core(TM) i3-6100 CPU', '10.16.4.77', 'WSUSTRAPEL05P', 9, 'Sewa', 2016, 3),
(901, 8, 'Intel(R) Core(TM) i3-6100 CPU', '10.16.4.78', 'WSUSTRAPEL03P', 9, 'Sewa', 2016, 3),
(902, 8, 'Intel(R) Core(TM) i3-6100 CPU', '10.16.4.179', 'WSUSTRAPEL06P', 9, 'Sewa', 2016, 3),
(903, 8, 'Intel(R) Core(TM) i3-6100 CPU', '10.16.4.80', 'WSUSTRATEL11P', 9, 'Sewa', 2016, 3),
(904, 8, 'Intel(R) Core(TM) i3-6100 CPU', '10.16.4.81', 'WSUSTRATEL10P', 9, 'Sewa', 2016, 3),
(905, 8, 'Intel(R) Core(TM) i3-6100 CPU', '10.16.4.181', 'WSUSTRATEL09P', 9, 'Sewa', 2016, 3),
(906, 8, 'Intel(R) Core(TM) i3-6100 CPU', '10.16.4.42', 'WSUSTRATEL03P', 9, 'Sewa', 2016, 3),
(907, 8, 'Intel(R) Core(TM) i3-6100 CPU', '10.16.4.119', 'WSUSTRATEL01P', 9, 'Sewa', 2016, 3),
(908, 8, 'Intel(R) Core(TM) i3-6100 CPU', '10.16.4.235', 'WSUSTRATEL02P1', 9, 'Sewa', 2016, 3),
(909, 8, 'Intel(R) Core(TM) i3-6100 CPU', '10.16.4.86', 'WSUSTRATEL04P1', 9, 'Sewa', 2016, 3),
(910, 8, 'Intel(R) Core(TM) i3-6100 CPU', '10.16.4.90', 'WSUSTRAJAR01AM', 9, 'Sewa', 2016, 3),
(911, 8, 'Intel(R) Core(TM) i3-6100 CPU', '10.16.4.99', 'WSUSTRAJAR02', 9, 'Sewa', 2016, 3),
(912, 8, 'Intel(R) Core(TM) i3-6100 CPU', '10.16.4.236', 'WSUSTRAJAR26', 9, 'Sewa', 2016, 3),
(913, 8, 'Intel(R) Core(TM) i3-6100 CPU', '10.16.4.79', 'WSUSTRAJAR09', 9, 'Sewa', 2016, 3),
(914, 8, 'Intel(R) Core(TM) i3-6100 CPU', '10.16.4.87', 'WSUSTRAJAR05-P', 9, 'Sewa', 2016, 3),
(915, 8, 'Intel(R) Core(TM) i3-6100 CPU', '10.16.189.123', 'WSUSTRAJAR08', 9, 'Sewa', 2016, 3),
(916, 8, 'Intel(R) Core(TM) i3-6100 CPU', '10.16.4.140', 'WSUSTRAJAR27', 9, 'Sewa', 2016, 3),
(917, 8, 'Intel(R) Core(TM) i3-6100 CPU', '10.16.4.195', 'WSUSTRAJAR-11', 9, 'Sewa', 2016, 3),
(918, 8, 'Intel(R) Core(TM) i3-6100 CPU', '10.16.4.168', 'WSUSTRAJAR28 ', 9, 'Sewa', 2016, 3),
(919, 8, 'Intel(R) Core(TM) i3-6100 CPU', '10.16.4.160', 'WSUSTRAJAR16P', 9, 'Sewa', 2016, 3),
(920, 8, 'Intel(R) Core(TM) i3-6100 CPU', '10.16.4.26', 'WSUSTRA-JAR17', 9, 'Sewa', 2016, 3),
(921, 8, 'Intel(R) Core(TM) i3-6100 CPU', 'DHCP', 'WSUSTRA-JAR18', 9, 'Sewa', 2016, 3),
(922, 8, 'Intel(R) Core(TM) i3-6100 CPU', '10.16.4.104', 'WSUSTRA-JAR19', 9, 'Sewa', 2016, 3),
(923, 8, 'Intel(R) Core(TM) i3-6100 CPU', 'DHCP', 'WSUSTRA-JAR20', 9, 'Sewa', 2016, 3),
(924, 8, 'Intel(R) Core(TM) i3-6100 CPU', 'DHCP', 'WSUSTRA-JAR21', 9, 'Sewa', 2016, 3),
(925, 8, 'Intel(R) Core(TM) i3-6100 CPU', 'DHCP', 'WSUSTRA-JAR22', 9, 'Sewa', 2016, 3),
(926, 8, 'Intel(R) Core(TM) i3-6100 CPU', 'DHCP', 'WSUSTRAJAR23', 9, 'Sewa', 2016, 3),
(927, 8, 'Intel(R) Core(TM) i3-6100 CPU', 'DHCP', 'WSUSTRAJAR12P', 9, 'Sewa', 2016, 3),
(928, 8, 'Intel(R) Core(TM) i3-6100 CPU', '10.16.4.118', 'WSUSTRA-JAR-30', 9, 'Sewa', 2016, 3),
(929, 8, 'Intel(R) Core(TM) i3-6100 CPU', '10.16.4.213', 'WSUSTRAPEL04P', 9, 'Sewa', 2016, 3),
(930, 8, 'Intel(R) Core(TM) i3-6100 CPU', '10.16.4.92', 'WSUSTRAJAR-25', 9, 'Sewa', 2016, 3),
(931, 8, 'Intel(R) Core(TM) i3-6100 CPU', '10.16.4.46', 'WSUSTRRJAR24', 9, 'Sewa', 2016, 3),
(932, 8, 'Intel(R) Core(TM) i3-6100 CPU', '10.16.4.199', 'WSUSTRATEL11P1', 9, 'Sewa', 2016, 3),
(933, 8, 'Intel(R) Core(TM) i3-6100 CPU', '10.16.4.188', 'WSUSTRAJAR10', 9, 'Sewa', 2016, 3),
(934, 8, 'Intel(R) Core(TM) i3-6100 CPU', '10.16.4.62', 'WSUSTRATEL13P', 9, 'Sewa', 2016, 3),
(935, 8, 'Intel(R) Core(TM) i3-6100 CPU', '10.16.4.146', 'WSUSTRATEL-06P', 9, 'Sewa', 2016, 3),
(936, 8, 'Intel(R) Core(TM) i3-6100 CPU', '10.16.4.244', 'WSUSTRATEL12P', 9, 'Sewa', 2016, 3),
(937, 8, 'Intel(R) Core(TM) i3-6100 CPU', '10.16.4.41', 'WSUSTRATEL08P', 9, 'Sewa', 2016, 3),
(938, 8, 'Intel(R) Core(TM) i3-6100 CPU', '10.16.4.55', 'WSUSTRAJAR-13', 9, 'Sewa', 2016, 3),
(939, 8, 'Intel(R) Core(TM) i3-6100 CPU', '10.16.4.154', 'WSUSTRA-JAR29', 9, 'Sewa', 2016, 3),
(940, 81, 'Intel(R) Core(TM) i3 CPU 540', '10.16.4.157', 'SEKUMAREAPS-PC', 9, 'Aset PLN', 2009, 0),
(941, 81, 'Pentium Dual Core', '10.16.4.120', 'Tablo-Pc', 9, 'Aset PLN', 2009, 0),
(942, 81, 'Pentium Dual Core', 'DHCP', '81', 9, 'Aset PLN', 2009, 0),
(943, 83, 'Intel(R) Core(TM) i3 CPU 2130', '10.16.4.122', 'PLNAREAPS-PC', 9, 'Aset PLN', 2011, 0),
(944, 83, 'Intel(R) Core(TM) i3 CPU 2100', '10.16.4.68', 'PLN-PC', 9, 'Aset PLN', 2011, 0),
(945, 4, 'Intel(R) Core(TM) i3 CPU 550', '10.16.4.72', '', 9, 'Aset PLN', 2011, 0),
(946, 4, 'Intel(R) Core(TM) i3 CPU 550', '10.16.4.189', '', 9, 'Aset PLN', 2011, 0),
(947, 4, 'Intel(R) Core(TM) i3 CPU 550', '10.16.4.33', '', 9, 'Aset PLN', 2011, 0),
(948, 83, 'Intel(R) Core(TM) i3 CPU 2130', '10.16.4.144', '_-PC', 9, 'Aset PLN', 2011, 0),
(949, 32, 'Intel Pentium(R) G630', 'DHCP', '', 9, 'Aset PLN', 2011, 0),
(950, 4, 'Intel(R) Core(TM) i3 CPU 550', 'DHCP', 'ADMINRG-HD8JCE0', 9, 'Aset PLN', 2011, 0),
(951, 8, 'Intel(R) Core(TM) i5 7200U', 'DHCP', '8', 9, 'Aset PLN', 2017, 0),
(952, 8, 'Intel(R) Core(TM) i5 7200U', 'DHCP', '8', 9, 'Aset PLN', 2017, 0),
(953, 8, 'Intel(R) Core(TM) i5 7200U', 'DHCP', '8', 9, 'Aset PLN', 2017, 0),
(954, 8, 'Intel(R) Core(TM) i5 7200U', 'DHCP', '8', 9, 'Aset PLN', 2017, 0),
(955, 8, 'Intel(R) Core(TM) i5 7200U', 'DHCP', '8', 9, 'Aset PLN', 2017, 0),
(956, 8, 'Intel(R) Core(TM) i5 7200U', 'DHCP', '8', 9, 'Aset PLN', 2017, 0),
(957, 8, 'Intel(R) Core(TM) i5 7200U', 'DHCP', '8', 9, 'Aset PLN', 2017, 0),
(958, 8, 'Intel(R) Core(TM) i3-6100 CPU', '10.16.4.79', 'WSUSTRRKOT01P ', 60, 'Sewa', 2016, 3),
(959, 8, 'Intel(R) Core(TM) i3-6100 CPU', '10.16.4.78', 'WSUSTRRKOTACMT ', 60, 'Sewa', 2016, 3),
(960, 8, 'Intel(R) Core(TM) i3-6100 CPU', '10.16.46.179', 'WSUSTRRKOT04-P', 60, 'Sewa', 2016, 3),
(961, 8, 'Intel(R) Core(TM) i3-6100 CPU', '10.16.41.77', 'WSUSTRRKOT08-P', 60, 'Sewa', 2016, 3),
(962, 8, 'Intel(R) Core(TM) i3-6100 CPU', '10.16.4.51', 'WSUSTRRKOT09P', 60, 'Sewa', 2016, 3),
(963, 8, 'Intel(R) Core(TM) i3-6100 CPU', '10.16.4.117', 'WSUSTRRKOT05P ', 60, 'Sewa', 2016, 3),
(964, 8, 'Intel(R) Core(TM) i3-6100 CPU', '10.16.4.75', 'WSUSTRRKOT-06P', 60, 'Sewa', 2016, 3),
(965, 8, 'Intel(R) Core(TM) i3-6100 CPU', '10.16.4.152', 'WSUSTRRKOT10P', 60, 'Sewa', 2016, 3),
(966, 8, 'Intel(R) Core(TM) i3-6100 CPU', '10.16.4.228', 'WSUSTRRKOT02P1', 60, 'Sewa', 2016, 3),
(967, 8, 'Intel(R) Core(TM) i3-6100 CPU', '10.16.4.85', 'WSUSTRRKOTAPKT1', 60, 'Sewa', 2016, 3),
(968, 8, 'Intel(R) Core(TM) i3-6100 CPU', '10.16.4.48', 'WSUSTR-RKOT03P1', 60, 'Sewa', 2016, 3),
(969, 8, 'Intel(R) Core(TM) i3-6100 CPU', '10.16.4.49', 'WSUSTRAAHL06P-1', 9, 'Sewa', 2016, 3),
(970, 2, 'Intel(R) Pentium(R) Dual E2180', '10.16.4.108', 'PLNRAYONKOTA-PC', 60, 'Aset PLN', 2011, 0),
(971, 2, 'Intel(R) Pentium(R) 519K', '10.16.4.34', 'PLN-PC', 60, 'Aset PLN', 2011, 0),
(972, 83, 'Intel(R) Core(TM) i3 CPU 2130', '10.16.4.146', 'TUSBUNG-PC', 60, 'Aset PLN', 2012, 0),
(973, 2, 'Intel(R) Pentium(R) Dual E2180', '10.16.4.154', '', 60, 'Aset PLN', 2012, 0),
(974, 84, 'Intel(R) Core(TM) 2CPU 6300', '10.16.4.239', '84', 60, 'Aset PLN', 2009, 0),
(975, 81, 'Pentium (R)Dual-Core E6300', '10.16.4.73', '81', 60, 'Aset PLN', 2009, 0),
(976, 8, 'Intel(R) Core(TM) i3 CPU 2120', '10.16.4.99', 'WSUSTRSTRPPL01', 60, 'Aset PLN', 2009, 0),
(977, 8, 'Intel(R) Core(TM) i3-6100 CPU', '10.16.180.52', 'WSUSTRRTBT01P', 64, 'Sewa', 2016, 3),
(978, 8, 'Intel(R) Core(TM) i3-6100 CPU', '10.16.180.64', 'WSUSTRRTBT03P', 64, 'Sewa', 2016, 3),
(979, 8, 'Intel(R) Core(TM) i3-6100 CPU', '10.16.180.54', 'WSUSTRRTBT04P', 64, 'Sewa', 2016, 3),
(980, 8, 'Intel(R) Core(TM) i3-6100 CPU', '10.16.180.66', 'WSUSTRRTBT05P', 64, 'Sewa', 2016, 3),
(981, 8, 'Intel(R) Core(TM) i3-6100 CPU', '10.16.180.58', 'WSUSTRRTBT-06P', 64, 'Sewa', 2016, 3),
(982, 8, 'Intel(R) Core(TM) i3-6100 CPU', '10.16.180.51', 'WSUSTRRTBT07P', 64, 'Sewa', 2016, 3),
(983, 8, 'Intel(R) Core(TM) i3-6100 CPU', '10.16.180.59', 'WSUSTRRTBT08P', 64, 'Sewa', 2016, 3),
(984, 8, 'Intel(R) Core(TM) i3-6100 CPU', '10.16.180.61', 'WSUSTRRTBT-09P', 64, 'Sewa', 2016, 3),
(985, 8, 'Intel(R) Core(TM) i3-6100 CPU', '10.16.180.56', 'WSUSTRRTBT10P', 64, 'Sewa', 2016, 3),
(986, 8, 'Intel(R) Core(TM) i3-6100 CPU', '10.16.180.73', 'WSUSTRRTBTACMT', 64, 'Sewa', 2016, 3),
(987, 8, 'Intel(R) Core(TM) i3-6100 CPU', '10.16.180.67', 'WSUSTRRTBTAPKT', 64, 'Sewa', 2016, 3),
(988, 81, 'Pentium (R)Dual-Core E6300', '10.16.180.72', '81', 64, 'Aset PLN', 2009, 0),
(989, 8, 'Intel(R) Core(TM) i3-6100 CPU', '10.16.181.59', 'WSUSTRRKSR09P', 56, 'Sewa', 2016, 3),
(990, 8, 'Intel(R) Core(TM) i3-6100 CPU', '10.16.181.56', 'WSUSTRRKSRACMT1', 56, 'Sewa', 2016, 3),
(991, 8, 'Intel(R) Core(TM) i3-6100 CPU', '10.16.181.75', 'WSUSTRRKSR110P', 56, 'Sewa', 2016, 3),
(992, 8, 'Intel(R) Core(TM) i3-6100 CPU', '10.16.181.61', 'WSUSTRRKSR08P', 56, 'Sewa', 2016, 3),
(993, 8, 'Intel(R) Core(TM) i3-6100 CPU', '10.16.181.65', 'WSUSTRRKSR03P', 56, 'Sewa', 2016, 3),
(994, 8, 'Intel(R) Core(TM) i3-6100 CPU', '10.16.181.73', 'WSUSTRRKSR13P', 56, 'Sewa', 2016, 3),
(995, 8, 'Intel(R) Core(TM) i3-6100 CPU', '10.16.181.74', 'WSUSTRRKSR14P', 56, 'Sewa', 2016, 3),
(996, 8, 'Intel(R) Core(TM) i3-6100 CPU', '10.16.181.51', 'WSUSTRRKSRAPKT', 56, 'Sewa', 2016, 3),
(997, 8, 'Intel(R) Core(TM) i3-6100 CPU', '10.16.181.102', 'WSUSTRRKSR04P', 56, 'Sewa', 2016, 3),
(998, 8, 'Intel(R) Core(TM) i3-6100 CPU', '10.16.181.70', 'WSUSTRRKSR07P', 56, 'Sewa', 2016, 3),
(999, 8, 'Intel(R) Core(TM) i3-6100 CPU', '10.16.181.60', 'WSUSTRRKSR06P', 56, 'Sewa', 2016, 3),
(1000, 8, 'Intel(R) Core(TM) i3-6100 CPU', '10.16.181.101', 'WSUSTRRKSR05P', 56, 'Sewa', 2016, 3),
(1001, 8, 'Intel(R) Core(TM) i3-6100 CPU', '10.16.182.88', 'WSUSTRRPER03P', 59, 'Sewa', 2016, 3),
(1002, 8, 'Intel(R) Core(TM) i3-6100 CPU', '10.16.182.56', 'WSUSTRRPER04P', 59, 'Sewa', 2016, 3),
(1003, 8, 'Intel(R) Core(TM) i3-6100 CPU', '10.16.182.81', 'WSUSTRRPER08P', 59, 'Sewa', 2016, 3),
(1004, 8, 'Intel(R) Core(TM) i3-6100 CPU', '10.16.182.62', 'WSUSTRRPER06P', 59, 'Sewa', 2016, 3),
(1005, 8, 'Intel(R) Core(TM) i3-6100 CPU', '10.16.182.97', 'WSUSTRRPER09-P', 59, 'Sewa', 2016, 3),
(1006, 8, 'Intel(R) Core(TM) i3-6100 CPU', '10.16.182.95', 'WSUSTRRPEAPKT', 59, 'Sewa', 2016, 3),
(1007, 8, 'Intel(R) Core(TM) i3-6100 CPU', '10.16.182.48', 'WSUSTRRPER07P', 59, 'Sewa', 2016, 3),
(1008, 8, 'Intel(R) Core(TM) i3-6100 CPU', '10.16.182.93', 'WSUSTRRPER10P', 59, 'Sewa', 2016, 3),
(1009, 8, 'Intel(R) Core(TM) i3-6100 CPU', '10.16.182.73', 'WSUSTRRPER15P', 59, 'Sewa', 2016, 3),
(1010, 8, 'Intel(R) Core(TM) i3-6100 CPU', '10.16.182.67', 'WSUSTRRPER05P', 59, 'Sewa', 2016, 3),
(1011, 81, 'Intel Pentium', '10.16.182.51', 'ITSUPPORTPLN-PC', 59, 'Aset PLN', 2012, 0),
(1012, 8, 'Intel(R) Core(TM) i3-6100 CPU', '10.16.183.62', 'WSUSTRRPRP01P', 58, 'Sewa', 2016, 3),
(1013, 8, 'Intel(R) Core(TM) i3-6100 CPU', 'Dhcp', 'WSUSTRRPRP02P1', 58, 'Sewa', 2016, 3),
(1014, 8, 'Intel(R) Core(TM) i3-6100 CPU', '10.16.183.56', 'WSUSTRRPRP03P ', 58, 'Sewa', 2016, 3),
(1015, 8, 'Intel(R) Core(TM) i3-6100 CPU', '10.16.183.63', 'WSUSTRRPRP-04P', 58, 'Sewa', 2016, 3),
(1016, 8, 'Intel(R) Core(TM) i3-6100 CPU', 'Dhcp', 'WSUSTRRPRP05P', 58, 'Sewa', 2016, 3),
(1017, 8, 'Intel(R) Core(TM) i3-6100 CPU', '10.16.183.58', 'WSUSTRRPRP06P ', 58, 'Sewa', 2016, 3),
(1018, 8, 'Intel(R) Core(TM) i3-6100 CPU', 'Dhcp', 'WSUSTRRPRPACMT1', 58, 'Sewa', 2016, 3),
(1019, 8, 'Intel(R) Core(TM) i3-6100 CPU', 'Dhcp', 'WSUSTRRPRP-APKT', 58, 'Sewa', 2016, 3),
(1020, 8, 'Core I3', 'Dhcp', 'Adm02-PC 8', 58, 'Aset PLN', 2009, 0),
(1021, 10, 'Core Duo', '10.16.183.51', 'WSUINVPRP-TEK', 58, 'Aset PLN', 2009, 0),
(1022, 8, 'Intel(R) Core(TM) i3-6100 CPU', '10.16.184.51', 'WSUSTRRTTRAPKT', 63, 'Sewa', 2016, 3),
(1023, 8, 'Intel(R) Core(TM) i3-6100 CPU', '10.16.184.55', 'WSUSTRRTTR04P', 63, 'Sewa', 2016, 3),
(1024, 8, 'Intel(R) Core(TM) i3-6100 CPU', '10.16.184.57', 'WSUSTRRTTR06P', 63, 'Sewa', 2016, 3),
(1025, 8, 'Intel(R) Core(TM) i3-6100 CPU', '10.16.184.69', 'WSUSTRRTTRACMT', 63, 'Sewa', 2016, 3),
(1026, 8, 'Intel(R) Core(TM) i3-6100 CPU', '10.16.184.54', 'WSUSTRRTTR03P', 63, 'Sewa', 2016, 3),
(1027, 8, 'Intel(R) Core(TM) i3-6100 CPU', '10.16.184.56', 'WSUSTRRTTR05P', 63, 'Sewa', 2016, 3),
(1028, 8, 'Intel(R) Core(TM) i3-6100 CPU', '10.16.184.53', 'WSUSTRRTTR02P', 63, 'Sewa', 2016, 3),
(1029, 8, 'Intel(R) Core(TM) i3-6100 CPU', '10.16.184.70', 'WSUSTRRTTR08P', 63, 'Sewa', 2016, 3),
(1030, 8, 'Intel(R) Core(TM) i3-6100 CPU', '10.16.184.73', 'WSUSTRRTTR09P', 63, 'Sewa', 2016, 3),
(1031, 8, 'Intel(R) Core(TM) i3-6100 CPU', '10.16.184.105', 'WSUSTRRTTR01P', 63, 'Sewa', 2016, 3),
(1032, 8, 'Intel(R) Core(TM) i3-6100 CPU', '10.16.184.71', 'WSUSTRRTTR07P', 63, 'Sewa', 2016, 3),
(1033, 83, 'Intel Pentium', '10.16.184.68', 'TAUFIKH-PC', 63, 'Aset PLN', 2012, 0),
(1034, 8, 'Intel(R) Core(TM) i3-2120 CPU', '10.16.184.63', 'PLNTGTIRAM-PC', 63, 'Aset PLN', 2012, 0),
(1035, 83, 'Intel Pentium', '10.16.184.60', '83', 63, 'Aset PLN', 2012, 0),
(1036, 8, 'Intel(R) Core(TM) i3-6100 CPU', '10.16.185.61', 'WSUSTRRSDM-01P ', 61, 'Sewa', 2016, 3),
(1037, 8, 'Intel(R) Core(TM) i3-6100 CPU', '10.16.185.75', 'WSUSTRRSDM-02P', 61, 'Sewa', 2016, 3),
(1038, 8, 'Intel(R) Core(TM) i3-6100 CPU', '10.16.185.104', 'WSUSTRR-SDM03P', 61, 'Sewa', 2016, 3),
(1039, 8, 'Intel(R) Core(TM) i3-6100 CPU', '10.16.185.56', 'WSUSTRRSDM04P', 61, 'Sewa', 2016, 3),
(1040, 8, 'Intel(R) Core(TM) i3-6100 CPU', '10.16.185.101', 'WSUSTRRSDM05P1', 61, 'Sewa', 2016, 3),
(1041, 8, 'Intel(R) Core(TM) i3-6100 CPU', '10.16.185.68', 'WSUSTRRSDM06P (ACMT)', 61, 'Sewa', 2016, 3),
(1042, 8, 'Intel(R) Core(TM) i3-6100 CPU', '10.16.185.67', 'WSU-STRRSDM07P', 61, 'Sewa', 2016, 3),
(1043, 8, 'Intel(R) Core(TM) i3-6100 CPU', 'DHCP', 'WSUSTRRSDM08P', 61, 'Sewa', 2016, 3),
(1044, 8, 'Intel(R) Core(TM) i3-6100 CPU', '10.16.185.62', 'WSUSTRRSDM-09P1', 61, 'Sewa', 2016, 3),
(1045, 8, 'Intel(R) Core(TM) i3-6100 CPU', '10.16.185.53', 'WSUSTRR-SDM10P', 61, 'Sewa', 2016, 3),
(1046, 8, 'Intel(R) Core(TM) i3-6100 CPU', '10.16.185.51', 'WSUSTRRSDMAPKT', 61, 'Sewa', 2016, 3),
(1047, 8, 'Intel Core I3', '10.16.185.71', 'WSUSTRSDKAD01', 61, 'Aset PLN', 2009, 0),
(1048, 81, 'Pentium (R)Dual-Core E6300', '10.16.185.54', 'PLN-PC', 61, 'Aset PLN', 2009, 0),
(1049, 8, 'Intel(R) Core(TM) i3-6100 CPU', '10.16.186.60', 'WSUSTRRIDPACMT1 ', 55, 'Sewa', 2016, 3),
(1050, 8, 'Intel(R) Core(TM) i3-6100 CPU', '10.16.186.69', 'WSUSTRRIDP03', 55, 'Sewa', 2016, 3),
(1051, 8, 'Intel(R) Core(TM) i3-6100 CPU', '10.16.186.55', 'WSUSTRRIDP04', 55, 'Sewa', 2016, 3),
(1052, 8, 'Intel(R) Core(TM) i3-6100 CPU', '10.16.186.75', 'WSUSTRRIDP07', 55, 'Sewa', 2016, 3),
(1053, 8, 'Intel(R) Core(TM) i3-6100 CPU', '10.16.186.73', 'WSUSTRRIDP01', 55, 'Sewa', 2016, 3),
(1054, 8, 'Intel(R) Core(TM) i3-6100 CPU', '10.16.186.72', 'WSUSTR-RIDP02P', 55, 'Sewa', 2016, 3),
(1055, 8, 'Intel(R) Core(TM) i3-6100 CPU', '10.16.186.105', 'WSUSTRRIDPAPKT ', 55, 'Sewa', 2016, 3),
(1056, 8, 'Intel(R) Core(TM) i3-6100 CPU', '10.16.186.67', 'WSUSTRRIDP11', 55, 'Sewa', 2016, 3),
(1057, 81, 'Pentium (R)Dual-Core E6300', '10.16.186.54', 'PLNINDRAPURA-PC', 55, 'Aset PLN', 2009, 0),
(1058, 81, 'Pentium (R)Dual-Core E6300', '10.16.186.52', 'PLNINDRAPURA-PC', 55, 'Aset PLN', 2009, 0),
(1059, 81, 'Pentium (R)Dual-Core E6300', '10.16.186.66', 'PLN-PC', 55, 'Aset PLN', 2009, 0),
(1060, 8, 'Intel(R) Core(TM) i3-6100 CPU', '10.16.187.57', 'WSUSTRRTJW-05 ', 62, 'Sewa', 2016, 3),
(1061, 8, 'Intel(R) Core(TM) i3-6100 CPU', '10.16.187.52', 'WSUSTRRTJWAPKT ', 62, 'Sewa', 2016, 3),
(1062, 8, 'Intel(R) Core(TM) i3-6100 CPU', '10.16.187.51', 'WSUSTRRTJW01 ', 62, 'Sewa', 2016, 3),
(1063, 8, 'Intel(R) Core(TM) i3-6100 CPU', '10.16.187.59 ', 'WSUSTRAJWACMT', 62, 'Sewa', 2016, 3),
(1064, 8, 'Intel(R) Core(TM) i3-6100 CPU', '10.16.187.73', 'WSUSTRRTJW02', 62, 'Sewa', 2016, 3),
(1065, 8, 'Intel(R) Core(TM) i3-6100 CPU', '10.16.187.54', 'WSUSTRRTJW03-P', 62, 'Sewa', 2016, 3),
(1066, 8, 'Intel(R) Core(TM) i3-6100 CPU', '10.16.187.68', 'WSUSTRRTJW-06', 62, 'Sewa', 2016, 3),
(1067, 8, 'Intel(R) Core(TM) i3-6100 CPU', '10.16.187.55', 'WSUSTRRTJW04', 62, 'Sewa', 2016, 3),
(1068, 8, 'Intel(R) Core(TM) i3-6100 CPU', '10.16.187.108', 'WSUSTR-AJAR15', 62, 'Sewa', 2016, 3),
(1069, 8, 'Intel(R) Core(TM) i3-6100 CPU', '10.16.187.108', 'WSUSTR-AJAR15', 9, 'Sewa', 2016, 3),
(1070, 8, 'Intel(R) Core(TM) i3-6100 CPU', 'DHCP', 'WSUSTRRPGG01P', 57, 'Sewa', 2016, 3),
(1071, 8, 'Intel(R) Core(TM) i3-6100 CPU', '10.16.188.71', 'WSUSTRRPGG07P0 ', 57, 'Sewa', 2016, 3),
(1072, 8, 'Intel(R) Core(TM) i3-6100 CPU', '10.16.188.51', 'WSUSTRRPGG-APKT', 57, 'Sewa', 2016, 3),
(1073, 8, 'Intel(R) Core(TM) i3-6100 CPU', '10.16.188.57', 'WSUSTRRPGG03P ', 57, 'Sewa', 2016, 3),
(1074, 8, 'Intel(R) Core(TM) i3-6100 CPU', '10.16.188.73', 'WSUSTRRPGG-05P ', 57, 'Sewa', 2016, 3),
(1075, 8, 'Intel(R) Core(TM) i3-6100 CPU', '10.16.188.75', 'WSUSTRRPGGACMT ', 57, 'Sewa', 2016, 3),
(1076, 8, 'Intel(R) Core(TM) i3-6100 CPU', '10.16.188.74', 'WSUSTRRPGG06P', 57, 'Sewa', 2016, 3),
(1077, 8, 'Intel(R) Core(TM) i3-6100 CPU', '10.16.188.60', 'WSUSTRRPGG04P', 57, 'Sewa', 2016, 3),
(1078, 8, 'Intel(R) Core(TM) i3-6100 CPU', '10.16.188.53', 'WSUSTRRPGGP2P', 57, 'Sewa', 2016, 3),
(1079, 8, 'Intel(R) Core(TM) i3', '10.16.188.50', 'INVPGG01', 57, 'Aset PLN', 2012, 0),
(1080, 8, 'Intel(R) Core(TM) i3-6100 CPU', '10.16.190.61', 'WSUSTRRDMS06-P', 54, 'Sewa', 2016, 3),
(1081, 8, 'Intel(R) Core(TM) i3-6100 CPU', '10.16.190.73', 'WSUSTRRDMS07P', 54, 'Sewa', 2016, 3),
(1082, 8, 'Intel(R) Core(TM) i3-6100 CPU', '10.16.190.74', 'WSUSTRRDMS04P', 54, 'Sewa', 2016, 3),
(1083, 8, 'Intel(R) Core(TM) i3-6100 CPU', '10.16.190.60', 'WSUSTRRDMS05P', 54, 'Sewa', 2016, 3),
(1084, 8, 'Intel(R) Core(TM) i3-6100 CPU', '10.16.191.124', 'WSUSTRRDMS01P', 54, 'Sewa', 2016, 3),
(1085, 8, 'Intel(R) Core(TM) i3-6100 CPU', '10.16.191.51', 'WSUSTRRDMSAPKT', 54, 'Sewa', 2016, 3),
(1086, 8, 'Intel(R) Core(TM) i3-6100 CPU', '10.16.191.123', 'WSUSTRRDMS02P', 54, 'Sewa', 2016, 3),
(1087, 8, 'Intel(R) Core(TM) i3-6100 CPU', '10.16.190.65', 'WSUSTRRDMS03P', 54, 'Sewa', 2016, 3),
(1088, 8, 'Intel(R) Core(TM) i3-6100 CPU', '10.16.190.56', 'WSUSTRRDMSACMT', 54, 'Sewa', 2016, 3),
(1089, 8, 'Intel(R) Core(TM) i3-6100 CPU', '10.16.4.104', 'WSUSTRAPAD13P', 9, 'Sewa', 2016, 3),
(1090, 8, 'Intel(R) Core(TM) i3-6100 CPU', '10.16.192.10', 'WSUSTRSKSR10P', 65, 'Sewa', 2016, 3),
(1091, 8, 'Intel(R) Core(TM) i3-6100 CPU', '10.16.192.100', 'WSUSTRRIDP05', 65, 'Sewa', 2016, 3),
(1092, 8, 'Intel(R) Core(TM) i3-6100 CPU', '10.16.192.22', 'WSUSTRRPER01P', 65, 'Sewa', 2016, 3),
(1093, 8, 'Intel(R) Core(TM) i3-6100 CPU', '10.16.192.51', 'WSUSTRAJAR14', 65, 'Sewa', 2016, 3),
(1094, 81, 'Pentium (R)Dual-Core E6300', 'DHCP', '81', 65, 'Aset PLN', 2009, 0),
(1095, 8, 'Intel Core i3:6100', '10.16.220.98', 'WSURTPRKPI08P', 69, 'Sewa', 2016, 3),
(1096, 8, 'Intel Core i3:6100', '10.16.220.61', 'WSURTPRKPACMT', 69, 'Sewa', 2016, 3),
(1097, 8, 'Intel Core i3:6100', '10.16.220.62', 'WSURTPRKPI04P', 69, 'Sewa', 2016, 3),
(1098, 8, 'Intel Core i3:6100', '10.16.220.89', 'WSURTPRKPI05P', 69, 'Sewa', 2016, 3),
(1099, 8, 'Intel Core i3:6100', '10.16.220.53', 'WSURTPRKPIAPKT', 69, 'Sewa', 2016, 3),
(1100, 8, 'Intel Core i3:6100', '10.16.220.63', 'WSURTPRKPI06P', 69, 'Sewa', 2016, 3),
(1101, 8, 'Intel Core i3:6100', '10.16.220.224', 'WSURTPRKPI07P', 69, 'Sewa', 2016, 3),
(1102, 8, 'Intel Core i3:6100', '10.16.220.55', 'WSURTPRKPI03P', 69, 'Sewa', 2016, 3),
(1103, 8, 'Intel Core i3:6100', '10.16.220.73', 'WSURTPRKPI01P', 69, 'Sewa', 2016, 3),
(1104, 8, 'Intel Core i3:6100', '10.16.224.101', 'WSURTPRKOTACMT', 68, 'Sewa', 2016, 3),
(1105, 8, 'Intel Core i3:6100', '10.16.224.109', 'WSURTPAPAD03P', 68, 'Sewa', 2016, 3),
(1106, 8, 'Intel Core i3:6100', '10.16.224.111', 'WSURTPRANBAPKT', 68, 'Sewa', 2016, 3),
(1107, 8, 'Intel Core i3:6100', '10.16.224.104', 'WSURTPRANB04P', 68, 'Sewa', 2016, 3),
(1108, 8, 'Intel Core i3:6100', '10.16.224.103', 'WSURTPRANB03P', 68, 'Sewa', 2016, 3),
(1109, 8, 'Intel Core i3:6100', '10.16.224.114', 'WSURTPRANB01P', 68, 'Sewa', 2016, 3),
(1110, 32, 'Intel Core i3', '10.16.224.56', 'HOMBING', 68, 'Aset PLN', 2016, 0),
(1111, 8, 'Intel Core i3:6100', '10.16.223.65', 'WSURTPRLBB05', 70, 'Sewa', 2016, 3),
(1112, 8, 'Intel Core i3:6100', '10.16.223.101', 'WSURTPRLBB08', 70, 'Sewa', 2016, 3),
(1113, 8, 'Intel Core i3:6100', 'DHCP', 'WSURTPRLBB07', 70, 'Sewa', 2016, 3),
(1114, 8, 'Intel Core i3:6100', '10.16.223.51', 'WSURTPRLBBAPKT', 70, 'Sewa', 2016, 3),
(1115, 8, 'Intel Core i3:6100', '10.16.223.89', 'WSUMDNRBEL10P', 70, 'Sewa', 2016, 3),
(1116, 8, 'Intel Core i3:6100', 'DHCP', 'WSURTPRLBB03', 70, 'Sewa', 2016, 3),
(1117, 8, 'Intel Core i3:6100', '10.16.223.70', 'WSURTPRLBB04', 70, 'Sewa', 2016, 3),
(1118, 8, 'Intel Core i3:6100', '10.16.223.59', 'WSURTPRLBB06P', 70, 'Sewa', 2016, 3),
(1119, 8, 'Intel Core i3:6100', '10.16.223.102', 'WSURTPRLBB01', 70, 'Sewa', 2016, 3),
(1120, 8, 'Intel Core i3:6100', '10.16.223.105', 'WSURTPRLBB06', 70, 'Sewa', 2016, 3),
(1121, 8, 'Intel Core i3:6100', '10.16.223.87', 'WSURTPRLBB09', 70, 'Sewa', 2016, 3),
(1122, 32, 'Intel Core i3', '10.16.223.56', 'OPDISTBILIK', 70, 'Aset PLN', 2016, 0),
(1123, 32, 'Intel Core i3', '10.16.223.57', 'ADM', 70, 'Aset PLN', 2016, 0),
(1124, 8, 'Intel Core I3-6100', '10.16.221.103', 'WSURTPRTJB09P', 72, 'Sewa', 2015, 3),
(1125, 8, 'Intel Core I3-6100', '10.16.221.67', 'WSURTPRTJB02P', 72, 'Sewa', 2015, 3),
(1126, 8, 'Intel Core I3-6100', '10.16.221.55', 'WSURTPRTJB03P', 72, 'Sewa', 2015, 3),
(1127, 8, 'Intel Core I3-6100', '10.16.221.68', 'WSURTPRAKBACMT', 72, 'Sewa', 2015, 3),
(1128, 8, 'Intel Core I3-6100', '10.16.221.58', 'WSURTPRTJB05P', 72, 'Sewa', 2015, 3),
(1129, 8, 'Intel Core I3-6100', '10.16.221.62', 'WSURTPRTJB06P', 72, 'Sewa', 2015, 3),
(1130, 8, 'Intel Core I3-6100', '10.16.221.65', 'WSURTPAAHL01P', 72, 'Sewa', 2015, 3),
(1131, 8, 'Intel Core I3-6100', '10.16.221.51', 'WSURTPRTJBAPKT', 72, 'Sewa', 2015, 3),
(1132, 8, 'Intel Core I3-6100', '10.16.221.66', 'WSURTPRTJB01P', 72, 'Sewa', 2015, 3),
(1133, 8, 'Intel Core I3-6100', '10.16.226.69', 'WSURTPRAKN09P', 72, 'Sewa', 2015, 3),
(1134, 82, 'INTEL PENTIUM 4', '10.16.221.60', '72', 72, 'Aset PLN', 2015, 0),
(1135, 82, 'INTEL DUAL Intel Core', '10.16.221.52', 'TONY-PC', 72, 'Aset PLN', 2015, 0),
(1136, 82, 'intel dual Intel Core', '10.16.221.53', 'INTEL-PC', 72, 'Aset PLN', 2015, 0),
(1137, 82, 'intel dual Intel Core', '10.16.221.62', 'WIN7PRO-PC', 72, 'Aset PLN', 2015, 0),
(1138, 8, 'Intel Core I3-6100', '10.16.222.70', 'WSURTPRAKN05P', 66, 'Sewa', 2015, 3),
(1139, 8, 'Intel Core I3-6100', '10.16.222.63', 'WSURTPRAKNAPKT', 66, 'Sewa', 2015, 3),
(1140, 8, 'Intel Core I3-6100', '10.16.222.103', 'WSURTPRAKN02P', 66, 'Sewa', 2015, 3),
(1141, 8, 'Intel Core I3-6100', '10.16.222.108', 'WSURTPRAKN04P', 66, 'Sewa', 2015, 3),
(1142, 8, 'Intel Core I3-6100', '10.16.222.65', 'WSURTPRAKN10P', 66, 'Sewa', 2015, 3),
(1143, 8, 'Intel Core I3-6100', '10.16.222.62', 'WSURTPRAKN11P', 66, 'Sewa', 2015, 3),
(1144, 8, 'Intel Core I3-6100', '10.16.222.106', 'WSURTPRAKN07P', 66, 'Sewa', 2015, 3),
(1145, 8, 'Intel Core I3-6100', '10.16.222.57', 'WSURTPRAKN03P', 66, 'Sewa', 2015, 3),
(1146, 8, 'Intel Core I3-6100', '10.16.222.58', 'WSURTPRTJBACMT', 66, 'Sewa', 2015, 3),
(1147, 82, 'Intel Core I5-6100', '10.16.222.71', 'RISKA-PC', 66, 'Aset PLN', 2015, 0),
(1148, 10, 'Intel Core I5-6100', '10.16.222.60', '66', 66, 'Aset PLN', 2016, 0),
(1149, 82, 'Intel Core I3 3240', '10.16.222.87', 'APKT AEK KANOPAN', 66, 'Aset PLN', 2016, 0),
(1150, 82, 'Intel Core I3 3240', '10.16.222.79', 'USER-PC', 66, 'Aset PLN', 2016, 0),
(1151, 10, 'INTEL DUAL Intel Core', '10.16.222.61', 'WIN7PRO-PC', 66, 'Aset PLN', 2014, 0),
(1152, 8, 'Intel Core I3-6100', '10.16.227.106', 'WSURTPRANB02P', 73, 'Sewa', 2015, 3),
(1153, 8, 'Intel Core I3-6100', '10.16.227.105', 'WSURTPRAKN08P', 73, 'Sewa', 2015, 3),
(1154, 8, 'Intel Core I3-6100', '10.16.227.104', 'WSURTPRKOT08P', 73, 'Sewa', 2015, 3);
INSERT INTO `komputer` (`id_komputer`, `id_merek`, `spesifikasi`, `ip_address`, `nama_pengguna`, `id_unit`, `status_kepemilikan`, `tahun`, `id_vendor`) VALUES
(1155, 8, 'Intel Core I3-6100', '10.16.227.110', 'WSURTPRLBB02P', 73, 'Sewa', 2015, 3),
(1156, 10, 'Intel Core I3', '10.16.227.102', 'WIN7PRO-PC', 73, 'Aset PLN', 2016, 0),
(1157, 8, 'Intel Core I3-6100', '10.16.226.50', 'WSURTPRTJB08P', 67, 'Sewa', 2015, 3),
(1158, 8, 'Intel Core I3-6100', '10.16.226.51', 'WSURTPRAKB03P', 67, 'Sewa', 2015, 3),
(1159, 8, 'Intel Core I3-6100', '10.16.226.59', 'WSURTPRAKB05P', 67, 'Sewa', 2015, 3),
(1160, 8, 'Intel Core I3-6100', '10.16.226.62', 'WSURTPRAKB06P', 67, 'Sewa', 2015, 3),
(1161, 8, 'Intel Core I3-6100', '10.16.226.78', 'WSURTPRAKB07P', 67, 'Sewa', 2015, 3),
(1162, 8, 'Intel Core I3-6100', '10.16.226.66', 'WSURTPRAKB04P', 67, 'Sewa', 2015, 3),
(1163, 8, 'Intel Core I3-6100', '10.16.226.59', 'WSURTPRAKB02P', 67, 'Sewa', 2015, 3),
(1164, 8, 'Intel Core I3-6100', '10.16.226.54', 'WSURTPRAKBAPKT', 67, 'Sewa', 2015, 3),
(1165, 8, 'Intel Core I3-6100', '10.16.226.112', 'WSURTPRTJB04P', 67, 'Sewa', 2015, 3),
(1166, 8, 'Intel Core I3-6100', '10.16.226.103', 'WSURTPRAKB08P', 67, 'Sewa', 2015, 3),
(1167, 82, 'Intel Dual Core', '10.16.226.63', 'WINDOWS-PC', 67, 'Aset PLN', 2015, 0),
(1168, 8, 'Intel Core I3', '10.16.72.135', 'WSURTPAMA01P', 10, 'Sewa', 2016, 3),
(1169, 8, 'Intel Core I3', '10.16.72.103', 'WSURTPAPAD06P', 10, 'Sewa', 2016, 3),
(1170, 8, 'Intel Core I3', '10.16.72.152', 'WSURTPAJAR01AM', 10, 'Sewa', 2016, 3),
(1171, 8, 'Intel Core I3', '10.16.72.128', 'WSURTPAJAR03P', 10, 'Sewa', 2016, 3),
(1172, 8, 'Intel Core I3', '10.16.72.108', 'WSURTPAJAR08P', 10, 'Sewa', 2016, 3),
(1173, 8, 'Intel Core I3', '10.16.72.127', 'WSURTPRANB05P', 10, 'Sewa', 2016, 3),
(1174, 8, 'Intel Core I3', '10.16.72.213', 'WSURTPAJAR05P', 10, 'Sewa', 2016, 3),
(1175, 8, 'Intel Core I3', '10.16.72.150', 'WSURTPRKPI02P', 10, 'Sewa', 2016, 3),
(1176, 8, 'Intel Core I3', '10.16.72.112', 'WSURTPAJAR02P', 10, 'Sewa', 2016, 3),
(1177, 8, 'Intel Core I3', '10.16.72.157', 'WSURTPRKOT0-1P', 10, 'Sewa', 2016, 3),
(1178, 8, 'Intel Core I3', '10.16.72.176', 'WSURTPAJAR10P', 10, 'Sewa', 2016, 3),
(1179, 8, 'Intel Core I3', '10.16.72.167', 'WSURTPAJAR04P', 10, 'Sewa', 2016, 3),
(1180, 8, 'Intel Core I3', '10.16.229.86', 'WSURTPAJAR10P', 10, 'Sewa', 2016, 3),
(1181, 8, 'Intel Core I3', '10.16.72.99', 'WSURTPATEL01AM', 10, 'Sewa', 2016, 3),
(1182, 8, 'Intel Core I3', '10.16.72.148', 'WSURTPATEL06P', 10, 'Sewa', 2016, 3),
(1183, 8, 'Intel Core I3', '10.16.229.93', 'WSURTPAPAD04P', 10, 'Sewa', 2016, 3),
(1184, 8, 'Intel Core I3', '10.16.72.113', 'WSURTPAPAD14P', 10, 'Sewa', 2016, 3),
(1185, 8, 'Intel Core I3', '10.16.72.122', 'WSURTPAPAD01AM', 10, 'Sewa', 2016, 3),
(1186, 8, 'Intel Core I3', '10.16.72.157', 'WSURTPRKOT06P', 10, 'Sewa', 2016, 3),
(1187, 8, 'Intel Core I3', '10.16.70.158', 'WSURTPRTJB07P', 10, 'Sewa', 2016, 3),
(1188, 8, 'Intel Core I3', '10.16.71.104', 'WSURTPAAHL02P', 10, 'Sewa', 2016, 3),
(1189, 8, 'Intel Core I3', '10.16.71.105', 'WSURTPRAKN06P', 10, 'Sewa', 2016, 3),
(1190, 8, 'Intel CoreI3', '10.16.71.102', 'WSURTPRAKNACMT', 10, 'Sewa', 2016, 3),
(1191, 8, 'Intel Core I3', '10.16.72.109', 'WSURTPAREN01-AM', 10, 'Sewa', 2016, 3),
(1192, 8, 'Intel Core I3', '10.16.72.107', 'WSURTPAJAR14P', 10, 'Sewa', 2016, 3),
(1193, 8, 'Intel Core I3', '10.16.72.112', 'WSURTPAJAR13P', 10, 'Sewa', 2016, 3),
(1194, 8, 'Intel Core I3', '10.16.72.171', 'WSURTPAJAR09P', 10, 'Sewa', 2016, 3),
(1195, 8, 'Intel Core I3', '10.16.72.137', 'WSURTPAJAR06P', 10, 'Sewa', 2016, 3),
(1196, 8, 'Intel Core I3', '10.16.72.196', 'WSURTPAJAR11P', 10, 'Sewa', 2016, 3),
(1197, 8, 'Intel Core I3', '10.16.72.251', 'WSURTPRAKN01-P', 10, 'Sewa', 2016, 3),
(1198, 8, 'Intel Core I3', '10.16.72.105', 'WSURTPATEL02P', 10, 'Sewa', 2016, 3),
(1199, 8, 'Intel Core I3', '10.16.72.140', 'WSURTPATEL01P', 10, 'Sewa', 2016, 3),
(1200, 8, 'Intel Core I3', 'DHCP', 'WSURTPATEL05P', 10, 'Sewa', 2016, 3),
(1201, 8, 'Intel Core I3', '10.16.72.106', 'WSURTPATEL08P', 10, 'Sewa', 2016, 3),
(1202, 8, 'Intel Core I3', '10.16.70.215', 'WSURTPATEL07P', 10, 'Sewa', 2016, 3),
(1203, 8, 'Intel Core I3', '10.16.72.116', 'WSURTPATEL04P', 10, 'Sewa', 2016, 3),
(1204, 8, 'Intel Core I3', '10.16.72.102', 'WSURTPATEL03P', 10, 'Sewa', 2016, 3),
(1205, 8, 'Intel Core I3', '10.16.72.165', 'WSURTPAPAD09P', 10, 'Sewa', 2016, 3),
(1206, 8, 'Intel Core I3', '10.16.72.100', 'WSURTPAPAD12P', 10, 'Sewa', 2016, 3),
(1207, 8, 'Intel Core I3', '10.16.72.181', 'WSURTPAPAD05P', 10, 'Sewa', 2016, 3),
(1208, 8, 'Intel Core I3', '10.16.72.17', 'WSURTPAPAD02P', 10, 'Sewa', 2016, 3),
(1209, 8, 'Intel Core I3', '10.16.72.130', 'WSURTPAPAD01P', 10, 'Sewa', 2016, 3),
(1210, 8, 'Intel Core I3', '10.16.72.172', 'WSURTPAPAD10P', 10, 'Sewa', 2016, 3),
(1211, 8, 'Intel Core I3', '10.16.72.156', 'WSURTPAPAD14P', 10, 'Sewa', 2016, 3),
(1212, 8, 'Intel Core I3', '10.16.72.145', 'WSURTPAPAD11P', 10, 'Sewa', 2016, 3),
(1213, 8, 'Intel Core I3', '10.16.72.144', 'WSURTPAPEL03P', 10, 'Sewa', 2016, 3),
(1214, 8, 'Intel Core I3', '10.16.72.112', 'WSURTPAPEL02P', 10, 'Sewa', 2016, 3),
(1215, 8, 'Intel Core I3', '10.16.72.173', 'WSURTPAPEL04P', 10, 'Sewa', 2016, 3),
(1216, 8, 'Intel Core I3', '10.16.72.136', 'WSURTPAPAD07P', 10, 'Sewa', 2016, 3),
(1217, 8, 'Intel Core I3', '10.16.72.196', 'WSURTPAJAR01P', 10, 'Sewa', 2016, 3),
(1218, 84, 'Intel Core I3', '10.16.72.144', 'Windows 7 Pro - PC', 10, 'Aset PLN', 2013, 0),
(1219, 84, 'Intel Core I5', '10.16.72.70', 'Windows 7 Pro - PC', 10, 'Aset PLN', 2014, 0),
(1220, 84, 'Intel Core I3', '10.16.72.70', 'Windows 7 Pro - PC', 10, 'Aset PLN', 2013, 0),
(1221, 84, 'Intel Core I3', '10.16.72.100', 'ADM', 10, 'Aset PLN', 2014, 0),
(1222, 84, 'Intel Core I7', '10.16.71.102', 'SEKUM RANTAU PRAPAT', 10, 'Aset PLN', 2012, 0),
(1223, 84, 'Intel Core 15', '10.16.72.171', 'Windows 7 Pro - PC', 10, 'Aset PLN', 2014, 0),
(1224, 85, 'Intel Core I3', '10.16.72.36', 'SMK3', 10, 'Aset PLN', 2011, 0),
(1225, 84, 'DUAL Intel Core', 'DHCP', 'Administrator', 10, 'Aset PLN', 2013, 0),
(1226, 8, 'Intel Core I3', '10.16.225.54', 'WSURTPRKOTAPKT', 71, 'Sewa', 2016, 3),
(1227, 8, 'Intel Core I3', '10.16.225.119', 'WSURTPRKOTO4P', 71, 'Sewa', 2016, 3),
(1228, 8, 'Intel Core I3', '10.16.225.112', 'WSURTPRKOTO2P', 71, 'Sewa', 2016, 3),
(1229, 8, 'Intel Core I3', '10.16.255.55', 'WSURTPAPAD08P', 71, 'Sewa', 2016, 3),
(1230, 8, 'Intel Core I3', '10.16.225.55', 'WSURTPAKB01P', 71, 'Sewa', 2016, 3),
(1231, 8, 'Intel Core I3', '10.16.225.164', 'WSURTPAJAR07P', 71, 'Sewa', 2016, 3),
(1232, 8, 'Intel Core I3', '10.16.225.56', 'WSURTPRKOT05P', 71, 'Sewa', 2016, 3),
(1233, 8, 'Intel Core I3', '10.16.225.113', 'WSURTPRANBACMT', 71, 'Sewa', 2016, 3),
(1234, 8, 'Intel Core I3', '10.16.225.74', 'WSURTPRKOTO7P', 71, 'Sewa', 2016, 3),
(1235, 84, 'Intel Core I3', '10.16.225.105', 'USER', 71, 'Aset PLN', 2016, 0),
(1236, 84, 'PENTIUM 4', '10.16.225.72', 'USER', 71, 'Aset PLN', 2014, 0),
(1237, 10, 'Intel Core DUO', '10.16.225.73', 'Pelayanan Pelanggan', 71, 'Aset PLN', 2014, 0),
(1238, 84, 'Intel Core I5', '10.16.225.63', 'USER', 71, 'Aset PLN', 2014, 0),
(1239, 84, 'Intel Core I3', 'Off', 'WIN7PRO-PC', 71, 'Aset PLN', 2014, 0),
(1240, 84, 'Intel Core I3', '10.16.225.65', 'LITAPASARIBU', 71, 'Aset PLN', 2014, 0),
(1241, 8, 'Intel Core I3 6119', '10.16.52.157', 'WSUSBGAMA01P', 11, 'Sewa', 2016, 0),
(1242, 8, 'Intel Core I3 6119', '10.16.52.66', 'WSUSBGAPAD06P', 11, 'Sewa', 2016, 3),
(1243, 8, 'Intel Core I3 6119', '10.16.52.24', 'WSUSBGATEL08P', 11, 'Sewa', 2016, 3),
(1244, 8, 'Intel Core I3 6119', '10.16.52.20', 'WSUSBGATEL10P', 11, 'Sewa', 2016, 3),
(1245, 8, 'Intel Core I3 6119', '10.16.52.27', 'WSUSBGRBARACMT', 11, 'Sewa', 2016, 3),
(1246, 8, 'Intel Core I3 6119', '10.16.52.111', 'WSUSBGAPAD05P', 11, 'Sewa', 2016, 3),
(1247, 8, 'Intel Core I3 6119', '10.16.52.23', 'WSUSBGAPAD04P', 11, 'Sewa', 2016, 3),
(1248, 8, 'Intel Core I3 6119', '10.16.51.217', 'WSUSBGAJAR01AM', 11, 'Sewa', 2016, 3),
(1249, 8, 'Intel Core I3 6119', '10.16.51.17', 'WSUSBGATEL11P', 11, 'Sewa', 2016, 3),
(1250, 8, 'Intel Core I3 6119', '10.16.51.21', 'WSUSBGAJAR05', 11, 'Sewa', 2016, 3),
(1251, 8, 'Intel Core I3 6119', '169.254.0.222', 'WSUSBGAJAR12', 11, 'Sewa', 2016, 3),
(1252, 8, 'Intel Core I3 6119', '10.16.209.123', 'WSUSBGAJAR02', 11, 'Sewa', 2016, 3),
(1253, 8, 'Intel Core I3 6119', '10.16.51.22', 'WSUSBGAJAR06', 11, 'Sewa', 2016, 3),
(1254, 8, 'Intel Core I3 6119', '10.16.51.168', 'WSUSBGAJAR13P', 11, 'Sewa', 2016, 3),
(1255, 8, 'Intel Core I3 6119', '192.168.0.105', 'WSUSBGATEL04P', 11, 'Sewa', 2016, 3),
(1256, 8, 'Intel Core I3 6119', '10.16.51.214', 'WSUSBGAJAR08P', 11, 'Sewa', 2016, 3),
(1257, 8, 'Intel Core I3 6119', '10.16.51.79', 'WSUSBGAJAR04', 11, 'Sewa', 2016, 3),
(1258, 8, 'Intel Core I3 6119', '192.168.0.105', 'WSUSBGAJAR07-P', 11, 'Sewa', 2016, 3),
(1259, 8, 'Intel Core I3 6119', '10.16.51.203', 'WSUSBGRSBR09P', 11, 'Sewa', 2016, 3),
(1260, 8, 'Intel Core I3 6119', '10.16.51.200', 'WSUSBGATEL01AM', 11, 'Sewa', 2016, 3),
(1261, 8, 'Intel Core I3 6119', '10.16.51.149', 'WSUSBGRKOT02', 11, 'Sewa', 2016, 3),
(1262, 8, 'Intel Core I3 6119', '10.16.51.131', 'WSUSBGATEL03P-2', 11, 'Sewa', 2016, 3),
(1263, 8, 'Intel Core I3 6119', '10.16.51.48', 'WSUSBGATEL05P', 11, 'Sewa', 2016, 3),
(1264, 8, 'Intel Core I3 6119', '10.16.51.233', 'WSUSBGATEL07P', 11, 'Sewa', 2016, 3),
(1265, 8, 'Intel Core I3 6119', '10.16.51.23', 'WSUSBGATEL01P', 11, 'Sewa', 2016, 3),
(1266, 8, 'Intel Core I3 6119', '10.16.51.74', 'WSUSBGAJAR03P', 11, 'Sewa', 2016, 3),
(1267, 8, 'Intel Core I3 6119', '10.16.52.13', 'WSUSBGREN01AM', 11, 'Sewa', 2016, 3),
(1268, 8, 'Intel Core I3 6119', '10.16.52.217', 'WSUSBGAJAR09', 11, 'Sewa', 2016, 3),
(1269, 8, 'Intel Core I3 6119', '10.16.52.212', 'WSUSBGATEL02P', 11, 'Sewa', 2016, 3),
(1270, 8, 'Intel Core I3 6119', '10.16.52.80', 'WSUSBGAJAR15', 11, 'Sewa', 2016, 3),
(1271, 8, 'Intel Core I3 6119', '10.16.52.65', 'WSUSBGAJAR10P', 11, 'Sewa', 2016, 3),
(1272, 8, 'Intel Core I3 6119', '10.16.52.145', 'WSUSBGRKOT01', 11, 'Sewa', 2016, 3),
(1273, 8, 'Intel Core I3 6119', '10.16.52.213', 'WSUSBGATEL06-P', 11, 'Sewa', 2016, 3),
(1274, 8, 'Intel Core I3 6119', '10.16.52.130', 'WSUSBGAPAD01AM', 11, 'Sewa', 2016, 3),
(1275, 8, 'Intel Core I3 6119', '10.16.52.118', 'WSUSBGAPEL04P', 11, 'Sewa', 2016, 3),
(1276, 8, 'Intel Core I3 6119', '10.16.51.70', 'WSUSBGAPAD09-P', 11, 'Sewa', 2016, 3),
(1277, 8, 'Intel Core I3 6119', '10.16.52.221', 'WSUSBGAPAD01P', 11, 'Sewa', 2016, 3),
(1278, 8, 'Intel Core I3 6119', '10.16.52.46', 'WSUSBGAPAD07P', 11, 'Sewa', 2016, 3),
(1279, 8, 'Intel Core I3 6119', '10.16.52.231', 'WSUSBGAPAD-10P', 11, 'Sewa', 2016, 3),
(1280, 8, 'Intel Core I3 6119', '10.16.52.28', 'WSUSBGAPAD08PC', 11, 'Sewa', 2016, 3),
(1281, 8, 'Intel Core I3 6119', '10.16.52.16', 'WSUSBGAJAR01', 11, 'Sewa', 2016, 3),
(1282, 8, 'Intel Core I3 6119', '10.16.52.26', 'WSUSBGAPAD11P', 11, 'Sewa', 2016, 3),
(1283, 8, 'Intel Core I3 6119', '10.16.52.249', 'WSUSBGATEL09P', 11, 'Sewa', 2016, 3),
(1284, 8, 'Intel Core I3 6119', '10.16.52.19', 'WSUSBGAPAD15P', 11, 'Sewa', 2016, 3),
(1285, 8, 'Intel Core I3 6119', '10.16.52.21', 'WSUSBGAPAD13P', 11, 'Sewa', 2016, 3),
(1286, 8, 'Intel Core I3 6119', '10.16.52.78', 'WSUSBGAPAD03P', 11, 'Sewa', 2016, 3),
(1287, 8, 'Intel Core I3 6119', '10.16.52.117', 'WSUSBGAPAD02P', 11, 'Sewa', 2016, 3),
(1288, 8, 'Intel Core I3 6119', '10.16.52.93', 'WSUSBGAPAD12P', 11, 'Sewa', 2016, 3),
(1289, 8, 'Intel Core I3 6119', '10.16.52.205', 'WSUSBGAPEL02P', 11, 'Sewa', 2016, 3),
(1290, 8, 'Intel Core I3 6119', '10.16.52.219', 'WSUSBGRTRTACMT', 11, 'Sewa', 2016, 3),
(1291, 8, 'Intel Core I3 6119', '10.16.52.14', 'WSUSBGAPEL-03P', 11, 'Sewa', 2016, 3),
(1292, 8, 'Intel Core I3 6119', '10.16.52.241', 'WSUSBGAJAR11', 11, 'Sewa', 2016, 3),
(1293, 82, 'Intel Core 2 DUO E 7500', '192.168.0.124', 'CPU', 11, 'Aset PLN', 2016, 0),
(1294, 10, 'Intel Core 2 DUO E 7500', '10.16.52.129', 'CPU', 11, 'Aset PLN', 2016, 0),
(1295, 10, 'Intel Core I3 540', '10.16.52.222', 'CPU', 11, 'Aset PLN', 2016, 0),
(1296, 82, 'Intel Core I3 2100', '10.16.56.124', 'CPU', 11, 'Aset PLN', 2016, 0),
(1297, 10, 'Intel Core 2 E 7500 ', '192.168.1.4', 'CPU', 11, 'Aset PLN', 2016, 0),
(1298, 10, 'INTEL PENTIUM 4 506', '192.168.1.5', 'CPU', 11, 'Aset PLN', 2016, 0),
(1299, 10, 'Intel Core 2 DUO E 7500', '10.16.52.210', 'CPU', 11, 'Aset PLN', 2016, 0),
(1300, 10, 'Intel Core I3 2100', '10.16.52.128', 'CPU', 11, 'Aset PLN', 2016, 0),
(1301, 8, 'Intel Core I3 6100', '10.16.204.57', 'WSUSBGRTRT05P', 80, 'Sewa', 2016, 3),
(1302, 8, 'Intel Core I3 6100', '10.16.204.56', 'WSUSBGRTRT06P', 80, 'Sewa', 2016, 3),
(1303, 8, 'Intel Core I3 6100', '10.16.204.65', 'WSUSBGRTRT02P', 80, 'Sewa', 2016, 3),
(1304, 8, 'Intel Core I3 6100', '10.16.204.68', 'WSUSBGRTRT07P', 80, 'Sewa', 2016, 3),
(1305, 8, 'Intel Core I3 6100', '10.16.204.55', 'WSUSBGRTRT04P', 80, 'Sewa', 2016, 3),
(1306, 8, 'Intel Core I3 6100', '10.16.204.90', 'WSUSBGRTRT07-P', 80, 'Sewa', 2016, 3),
(1307, 8, 'Intel Core I3 6100', '10.16.204.96', 'WSUSBGRTRTAPKT', 80, 'Sewa', 2016, 3),
(1308, 8, 'Intel Core I3 6100', '10.16.204.52', 'WSUSBGRTRT01P', 80, 'Sewa', 2016, 3),
(1309, 8, 'Intel Core I3 6100', '10.16.204.53', 'WSUSBGRTRT03P', 80, 'Sewa', 2016, 3),
(1310, 82, 'Intel Pentium Dual-Core Inside', 'DHCP', 'CPU', 80, 'Aset PLN', 2011, 0),
(1311, 8, 'Intel Core I3 6119', '10.16.202.70', 'WSUSBGRSBR01P', 79, 'Sewa', 0, 3),
(1312, 8, 'Intel Core I3 6119', '10.16.202.102', 'WSUSBGRSBR08P', 79, 'Sewa', 0, 3),
(1313, 8, 'Intel Core I3 6119', '10.16.202.67', 'WSUSBGRSBR10P', 79, 'Sewa', 0, 3),
(1314, 8, 'Intel Core I3 6119', '10.16.202.56', 'WSUSBGRSBR03P', 79, 'Sewa', 0, 3),
(1315, 8, 'Intel Core I3 6119', '10.16.202.', 'WSUSBGRSBR05P', 79, 'Sewa', 0, 3),
(1316, 8, 'Intel Core I3 6119', '10.16.202.66', 'WSUSBGRSBR11P', 79, 'Sewa', 0, 3),
(1317, 8, 'Intel Core I3 6119', '10.16.202.74', 'WSUSBGRSBRACMT', 79, 'Sewa', 0, 3),
(1318, 8, 'Intel Core I3 6119', '10.16.202.101', 'WSUSBGRSBR06P', 79, 'Sewa', 0, 3),
(1319, 8, 'Intel Core I3 6119', '10.16.202.65', 'WSUSBGRSBR07P', 79, 'Sewa', 0, 3),
(1320, 8, 'Intel Core I3 6119', '10.16.202.104', 'WSUSBGRSBRAPKT', 79, 'Sewa', 0, 3),
(1321, 8, 'Intel Core I3 6119', '10.16.202.69', 'WSUSBGRSBR08PC', 79, 'Sewa', 0, 3),
(1322, 8, 'Intel Core I3 6119', '10.16.202.68', 'WSUSBGRSBR02P', 79, 'Sewa', 0, 3),
(1323, 8, 'Intel Core I3 6119', '10.16.202.73', 'WSUSBGRSBR04P', 79, 'Sewa', 0, 3),
(1324, 8, 'Intel Core I3 6119', '10.16.51.157', 'WSUSBGRPORACMT', 78, 'Sewa', 0, 3),
(1325, 8, 'Intel Core I3 6119', '10.16.56.105', 'WSUSBGRKOT10-P', 78, 'Sewa', 0, 3),
(1326, 8, 'Intel Core I3 6119', '10.16.56.238', 'WSUSBGAPAD14P', 78, 'Sewa', 0, 3),
(1327, 8, 'Intel Core I3 6119', '10.16.56.63', 'WSUSBGRKOT08', 78, 'Sewa', 0, 3),
(1328, 8, 'Intel Core I3 6119', '10.16.51.212', 'WSUSBGRKOT04', 78, 'Sewa', 0, 3),
(1329, 8, 'Intel Core I3 6119', '10.16.56.209', 'WSUSBGRKOTACMT', 78, 'Sewa', 0, 3),
(1330, 8, 'Intel Core I3 6119', '10.16.56.210', 'WSUSBGRKOT07', 78, 'Sewa', 0, 3),
(1331, 8, 'Intel Core I3 6119', '10.16.56.103', 'WSUSBGAPEL01P', 78, 'Sewa', 0, 3),
(1332, 8, 'Intel Core I3 6119', '10.16.56.26', 'WSUSBGAJAR14', 78, 'Sewa', 0, 3),
(1333, 8, 'Intel Core I3 6119', '10.16.56.220', 'WSUSBGRKOT12', 78, 'Sewa', 0, 3),
(1334, 8, 'Intel Core I3 6119', '10.16.56.81', 'WSUSBGRKOT06', 78, 'Sewa', 0, 3),
(1335, 8, 'Intel Core I3 6119', '10.16.56.54', 'WSUSBGRKOT03', 78, 'Sewa', 0, 3),
(1336, 8, 'Intel Core I3 6119', '10.16.56.56', 'WSUSBGRKOT05-P', 78, 'Sewa', 0, 3),
(1337, 8, 'Intel Core I3 6119', '10.16.56.33', 'WSUSBGRKOT09', 78, 'Sewa', 0, 3),
(1338, 8, 'Intel Core I3 6119', '10.16.56.129', 'WSUSBGRKOT11', 78, 'Sewa', 0, 3),
(1339, 2, 'Intel Pentium Dual-Core Inside', '10.16.56.80', 'CPU', 78, 'Aset PLN', 0, 0),
(1340, 85, 'Intel Pentium Dual-Core Inside', '192.168.100.231', 'CPU', 78, 'Aset PLN', 0, 0),
(1341, 85, 'Intel Pentium Dual-Core Inside', '10.16.56.101', 'CPU', 78, 'Aset PLN', 2011, 0),
(1342, 8, 'Intel Core I3 6119', '10.16.200.70', 'WSUSBGRPOR05P     ', 77, 'Sewa', 0, 3),
(1343, 8, 'Intel Core I3 6119', '10.16.200.53', 'WSUSBGRPOR02P', 77, 'Sewa', 0, 3),
(1344, 8, 'Intel Core I3 6119', '10.16.200.51', 'WSUSBGRPORAPKT', 77, 'Sewa', 0, 3),
(1345, 8, 'Intel Core I3 6119', '10.16.200.104', 'WSUSBGRPOR01P', 77, 'Sewa', 0, 3),
(1346, 8, 'Intel Core I3 6119', '10.16.200.54', 'WSUSBGRPOR03P     ', 77, 'Sewa', 0, 3),
(1347, 8, 'Intel Core I3 6119', '10.16.200.55', 'WSUSBGRPOR06P', 77, 'Sewa', 0, 3),
(1348, 8, 'Intel Core I3 6119', '10.16.200.63', 'WSUSBGRPOR04P', 77, 'Sewa', 0, 3),
(1349, 8, 'Intel Core I3 6119', '10.16.200.58', 'WSUSBGRPOR07P     ', 77, 'Sewa', 0, 3),
(1350, 10, 'Intel Core I3 2100', '192.168.1.38', 'CPU', 77, 'Aset PLN', 2012, 0),
(1351, 8, 'Intel Core I3 6119', '10.16.203.111', 'WSUSBGRDOL05P', 76, 'Sewa', 0, 3),
(1352, 8, 'Intel Core I3 6119', '10.16.203.112', 'WSUSBGRDOLAPKT', 76, 'Sewa', 0, 3),
(1353, 8, 'Intel Core I3 6119', '10.16.203.107', 'WSUSBGRDOL03P', 76, 'Sewa', 0, 3),
(1354, 8, 'Intel Core I3 6119', '10.16.203.106', 'WSUSBGRDOL07P', 76, 'Sewa', 0, 3),
(1355, 8, 'Intel Core I3 6119', '10.16.203.118', 'WSUSBGRDOL08P', 76, 'Sewa', 0, 3),
(1356, 8, 'Intel Core I3 6119', '10.16.203.105', 'WSUSBGRDOL04P', 76, 'Sewa', 0, 3),
(1357, 8, 'Intel Core I3 6119', '10.16.203.115', 'WSUSBGRDOL06P', 76, 'Sewa', 0, 3),
(1358, 8, 'Intel Core I3 6119', '10.16.203.113', 'WSUSBGRDOL02P', 76, 'Sewa', 0, 3),
(1359, 8, 'Intel Core I3 6119', '10.16.203.108', 'WSUSBGRDOLACMT', 76, 'Sewa', 0, 3),
(1360, 8, 'Intel Core I3 6119', '10.16.203.102', 'WSUSBGRDOL01P', 76, 'Sewa', 0, 3),
(1361, 2, 'Intel Pentium Dual-Core Inside', '10.16.203.53', 'CPU', 76, 'Aset PLN', 2011, 0),
(1362, 10, 'Intel Pentium Dual-Core Inside', '10.16.203.69', 'CPU', 76, 'Aset PLN', 2011, 0),
(1363, 8, 'Intel Core I3 6100', '10.16.205.115', 'WSUSBGRBAR08-P', 75, 'Sewa', 2016, 3),
(1364, 8, 'Intel Core I3 6100', '10.16.205.108', 'WSUSBGRBAR07P', 75, 'Sewa', 2016, 3),
(1365, 8, 'Intel Core I3 6100', '10.16.205.107', 'WSUSBGRBAR06P', 75, 'Sewa', 2016, 3),
(1366, 8, 'Intel Core I3 6100', '10.16.205.51', 'WSUSBGRBARAPKT', 75, 'Sewa', 2016, 3),
(1367, 8, 'Intel Core I3 6100', '10.16.205.110', 'WSUSBGRBAR02-PC', 75, 'Sewa', 2016, 3),
(1368, 8, 'Intel Core I3 6100', '10.16.205.54', 'WSUSBGRBAR03PC', 75, 'Sewa', 2016, 3),
(1369, 8, 'Intel Core I3 6100', '10.16.205.52', 'WSUSBGRBAR01P', 75, 'Sewa', 2016, 3),
(1370, 8, 'Intel Core I3 6100', '10.16.205.55', 'WSUSBGRBAR04P', 75, 'Sewa', 2016, 3),
(1371, 8, 'Intel Core I3 6100', '10.16.205.56', 'WSUSBGRBAR05-P', 75, 'Sewa', 2016, 3),
(1372, 8, 'Intel Core I3 6119', '10.16.201.61', 'WSUSBGRB85APKT', 74, 'Sewa', 2016, 3),
(1373, 8, 'Intel Core I3 6119', '10.16.201.64', 'WSUSBGRB8503-P', 74, 'Sewa', 2016, 3),
(1374, 8, 'Intel Core I3 6119', '10.16.201.54', 'WSUSBGRB8501', 74, 'Sewa', 2016, 3),
(1375, 8, 'Intel Core I3 6119', '10.16.201.123', 'WSUSBGRB8507', 74, 'Sewa', 2016, 3),
(1376, 8, 'Intel Core I3 6119', '10.16.201.53', 'WSUSBGRB8508', 74, 'Sewa', 2016, 3),
(1377, 8, 'Intel Core I3 6119', '10.16.201.56', 'WSUSBGRB8505', 74, 'Sewa', 2016, 3),
(1378, 8, 'Intel Core I3 6119', '10.16.201.146', 'WSUSBGRB8504', 74, 'Sewa', 2016, 3),
(1379, 8, 'Intel Core I3 6119', '10.16.201.57', 'WSUSBGRB8502', 74, 'Sewa', 2016, 3),
(1380, 8, 'Intel Core I3 6119', '10.16.201.63', 'WSUSBGRB8506-P', 74, 'Sewa', 2016, 3),
(1381, 8, 'Intel Core I3-6100 CPU', '10.16.62.150', 'WSUPSPMA01P', 8, 'Sewa', 2016, 3),
(1382, 8, 'Intel Core I3-6100 CPU', '10.16.62.148', 'WSUPSPAJAR06P', 8, 'Sewa', 2016, 3),
(1383, 8, 'Intel Core I3-6100 CPU', '10.16.66.100', 'WSUPSPAAHL02P', 8, 'Sewa', 2016, 3),
(1384, 8, 'Intel Core I3-6100 CPU', '10.16.66.102', 'WSUPSPAAHL01P', 8, 'Sewa', 2016, 3),
(1385, 8, 'Intel Core I3-6100 CPU', '10.16.66.98', 'WSUPSPAJAR01AM', 8, 'Sewa', 2016, 3),
(1386, 8, 'Intel Core I3-6100 CPU', '10.16.66.96', 'WSUPSPAJAR09P', 8, 'Sewa', 2016, 3),
(1387, 8, 'Intel Core I3-6100 CPU', '10.16.62.218', 'WSUPSPRPYB01P', 8, 'Sewa', 2016, 3),
(1388, 8, 'Intel Core I3-6100 CPU', '10.16.66.90', 'WSUPSPAJAR03P', 8, 'Sewa', 2016, 3),
(1389, 8, 'Intel Core I3-6100 CPU', '10.16.66.94', 'WSUPSPAJAR10P', 8, 'Sewa', 2016, 3),
(1390, 8, 'Intel Core I3-6100 CPU', '10.16.62.100', 'WSUPSPAJAR12P', 8, 'Sewa', 2016, 3),
(1391, 8, 'Intel Core I3-6100 CPU', '10.16.66.92', 'WSUPSPAJAR13P', 8, 'Sewa', 2016, 3),
(1392, 8, 'Intel Core I3-6100 CPU', '10.16.61.125', 'WSUPSPAJAR05P', 8, 'Sewa', 2016, 3),
(1393, 8, 'Intel Core I3-6100 CPU', '10.16.61.104', 'WSUPSPAJAR08P', 8, 'Sewa', 2016, 3),
(1394, 8, 'Intel Core I3-6100 CPU', '10.16.62.156', 'WSUPSPAJAR07P', 8, 'Sewa', 2016, 3),
(1395, 8, 'Intel Core I3-6100 CPU', '10.16.219.34', 'WSUPSPRSPR02P', 8, 'Sewa', 2016, 3),
(1396, 8, 'Intel Core I3-6100 CPU', '10.16.219.32', 'WSUPSPAJAR01P', 8, 'Sewa', 2016, 3),
(1397, 8, 'Intel Core I3-6100 CPU', '10.16.219.36', 'WSUPSPAPAD12P', 8, 'Sewa', 2016, 3),
(1398, 8, 'Intel Core I3-6100 CPU', '10.16.62.138', 'WSUPSPATEL01AM', 8, 'Sewa', 2016, 3),
(1399, 8, 'Intel Core I3-6100 CPU', '10.16.62.136', 'WSUPSPATEL01P', 8, 'Sewa', 2016, 3),
(1400, 8, 'Intel Core I3-6100 CPU', '10.16.62.134', 'WSUPSPATEL03P', 8, 'Sewa', 2016, 3),
(1401, 8, 'Intel Core I3-6100 CPU', '10.16.62.128', 'WSUPSPATEL05P', 8, 'Sewa', 2016, 3),
(1402, 8, 'Intel Core I3-6100 CPU', '10.16.62.130', 'WSUPSPATEL07P', 8, 'Sewa', 2016, 3),
(1403, 8, 'Intel Core I3-6100 CPU', '10.16.62.154', 'WSUPSPAJAR14P', 8, 'Sewa', 2016, 3),
(1404, 8, 'Intel Core I3-6100 CPU', '10.16.62.146', 'WSUPSPATEL09P', 8, 'Sewa', 2016, 3),
(1405, 8, 'Intel Core I3-6100 CPU', '10.16.62.142', 'WSUPSPATEL06P', 8, 'Sewa', 2016, 3),
(1406, 8, 'Intel Core I3-6100 CPU', '10.16.62.144', 'WSUPSPATEL10P', 8, 'Sewa', 2016, 3),
(1407, 8, 'Intel Core I3-6100 CPU', '10.16.62.120', 'WSUPSPAPAD01P', 8, 'Sewa', 2016, 3),
(1408, 8, 'Intel Core I3-6100 CPU', '10.16.62.124', 'WSUPSPAPAD02P', 8, 'Sewa', 2016, 3),
(1409, 8, 'Intel Core I3-6100 CPU', '10.16.62.126', 'WSUPSPAPAD03P', 8, 'Sewa', 2016, 3),
(1410, 8, 'Intel Core I3-6100 CPU', '10.16.62.122', 'WSUPSPRGNT05P', 8, 'Sewa', 2016, 3),
(1411, 8, 'Intel Core I3-6100 CPU', '10.16.61.104', 'WSUPSPAPAD01AM', 8, 'Sewa', 2016, 3),
(1412, 8, 'Intel Core I3-6100 CPU', '10.16.61.120', 'WSUPSPAPAD09P', 8, 'Sewa', 2016, 3),
(1413, 8, 'Intel Core I3-6100 CPU', '10.16.61.86', 'WSUPSPAPAD05P', 8, 'Sewa', 2016, 3),
(1414, 8, 'Intel Core I3-6100 CPU', '10.16.61.82', 'WSUPSPRPYB02P', 8, 'Sewa', 2016, 3),
(1415, 8, 'Intel Core I3-6100 CPU', '10.16.61.122', 'WSUPSPRKNP03P', 8, 'Sewa', 2016, 3),
(1416, 8, 'Intel Core I3-6100 CPU', '10.16.61.92', 'WSUPSPAPAD11P', 8, 'Sewa', 2016, 3),
(1417, 8, 'Intel Core I3-6100 CPU', '10.16.61.80', 'WSUPSPRSBH05P', 8, 'Sewa', 2016, 3),
(1418, 8, 'Intel Core I3-6100 CPU', '10.16.61.100', 'WSUPSPRSBH07P', 8, 'Sewa', 2016, 3),
(1419, 8, 'Intel Core I3-6100 CPU', '10.16.61.96', 'WSUPSPRKNP05P', 8, 'Sewa', 2016, 3),
(1420, 8, 'Intel Core I3-6100 CPU', '10.16.61.88', 'WSUPSPAPAD10P', 8, 'Sewa', 2016, 3),
(1421, 8, 'Intel Core I3-6100 CPU', '10.16.61.84', 'WSUPSPAPAD06P', 8, 'Sewa', 2016, 3),
(1422, 8, 'Intel Core I3-6100 CPU', '10.16.66.215', 'WSUPSPATEL02P', 8, 'Sewa', 2016, 3),
(1423, 8, 'Intel Core I3-6100 CPU', '10.16.61.94', 'WSUPSPAPEL04P', 8, 'Sewa', 2016, 3),
(1424, 8, 'Intel Core I3-6100 CPU', '10.16.61.90', 'WSUPSPRNTL04P', 8, 'Sewa', 2016, 3),
(1425, 8, 'Intel Core I3-6100 CPU', '10.16.6.84', 'WSUPSPAPEL02P', 8, 'Sewa', 2016, 3),
(1426, 8, 'Intel Core I3-6100 CPU', '10.16.6.82', 'WSUPSPAPEL01P', 8, 'Sewa', 2016, 3),
(1427, 8, 'Intel Core I3-6100 CPU', '10.16.6.88', 'WSUPSPAPEL03P', 8, 'Sewa', 2016, 3),
(1428, 8, 'Intel Core I3-6100 CPU', '10.16.6.80', 'WSUPSPATEL08P', 8, 'Sewa', 2016, 3),
(1429, 8, 'Intel Core I3-6100 CPU', '10.16.66.182', 'WSUPSPATEL04P', 8, 'Sewa', 2016, 3),
(1430, 8, 'Intel Core I3-6100 CPU', '10.16.66.80', 'WSUPSPAJAR04P', 8, 'Sewa', 2016, 3),
(1431, 8, 'Intel Core I3-6100 CPU', '10.16.66.82', 'WSUPSPAJAR02P', 8, 'Sewa', 2016, 3),
(1432, 8, 'Intel Core I3-6100 CPU', '10.16.66.86', 'WSUPSPAJAR15P', 8, 'Sewa', 2016, 3),
(1433, 8, 'Intel Core I3-6100 CPU', '10.16.66.88', 'WSUPSPREN01AM', 8, 'Sewa', 2016, 3),
(1434, 8, 'Intel Core I3-6100 CPU', '10.16.66.106', 'WSUPSPRSPR05P', 8, 'Sewa', 2016, 3),
(1435, 8, 'Intel Core I3-6100 CPU', '10.16.66.223', 'WSUPSPAJAR11P', 8, 'Sewa', 2016, 3),
(1436, 8, 'Intel Core I3-6100 CPU', '10.16.62.200', 'WSUPSPAPAD07P', 8, 'Sewa', 2016, 3),
(1437, 8, 'Intel Core I3-6100 CPU', '10.16.62.204', 'WSUPSPRGNT01P', 8, 'Sewa', 2016, 3),
(1438, 8, 'Intel Core I3-6100 CPU', '10.16.62.202', 'WSUPSPAPAD08P', 8, 'Sewa', 2016, 3),
(1439, 8, 'Intel Core I3-6100 CPU', '10.16.62.118', 'WSUPSPAPAD11P', 8, 'Sewa', 2016, 3),
(1440, 8, 'Intel Core I3-6100 CPU', '10.16.61.122', 'WSUPSPAPAD04P', 8, 'Sewa', 2016, 3),
(1441, 83, 'Intel Core I3', '192.168.100.3', 'PC', 8, 'Aset PLN', 2011, 0),
(1442, 2, 'Intel Core I5', '10.16.6.5', 'PC', 8, 'Aset PLN', 2012, 0),
(1443, 2, 'Intel Core I5', '10.16.62.222', 'PC', 8, 'Aset PLN', 2012, 0),
(1444, 2, 'Intel Core I5', '10.16.62.166', 'PC', 8, 'Aset PLN', 2012, 0),
(1445, 2, 'Intel Core I5', '10.16.62.160', 'PC', 8, 'Aset PLN', 2012, 0),
(1446, 2, 'Intel Core I5', '10.16.62.162', 'PC', 8, 'Aset PLN', 2012, 0),
(1447, 2, 'Intel Core I5', '10.16.62.164', 'PC', 8, 'Aset PLN', 2012, 0),
(1448, 2, 'Intel Core I5', '10.16.62.108', 'PC', 8, 'Aset PLN', 2012, 0),
(1449, 83, 'Intel Core I5-2320 CPU', '10.16.66.51', 'PC', 8, 'Aset PLN', 2012, 0),
(1450, 84, 'Intel Core 2 duo', '10.16.62.58', 'PC', 8, 'Aset PLN', 2012, 0),
(1451, 8, 'Intel Core I3-6100 CPU', '10.16.214.50', 'WSUPSPRGNT02P', 47, 'Sewa', 2016, 3),
(1452, 8, 'Intel Core I3-6100 CPU', '10.16.214.54', 'WSUPSPRGNT03P', 47, 'Sewa', 2016, 3),
(1453, 8, 'Intel Core I3-6100 CPU', '10.16.214.79', 'WSUPSPRGNT04P', 47, 'Sewa', 2016, 3),
(1454, 8, 'Intel Core I3-6100 CPU', '10.16.214.82', 'WSUPSPRGNT06P', 47, 'Sewa', 2016, 3),
(1455, 8, 'Intel Core I3-6100 CPU', '10.16.214.95', 'WSUPSPRGNT07P', 47, 'Sewa', 2016, 3),
(1456, 8, 'Intel Core I3-6100 CPU', '10.16.214.74', 'WSUPSPRGNT08P', 47, 'Sewa', 2016, 3),
(1457, 8, 'Intel Core I3-6100 CPU', '10.16.214.59', 'WSUPSPRGNT09P', 47, 'Sewa', 2016, 3),
(1458, 8, 'Intel Core I3-6100 CPU', '10.16.214.65', 'WSUPSPRGNT10P', 47, 'Sewa', 2016, 3),
(1459, 8, 'Intel Core I3-6100 CPU', '10.16.214.104', 'WSUPSPRGNTACMT', 47, 'Sewa', 2016, 3),
(1460, 8, 'Intel Core I3-6100 CPU', '10.16.214.52', 'WSUPSPRGNTAPKT', 47, 'Sewa', 2016, 3),
(1461, 8, 'Intel Core I3-6100 CPU', '10.16.211.62', 'WSUPSPRKNP01P', 48, 'Sewa', 2016, 3),
(1462, 8, 'Intel Core I3-6100 CPU', '10.16.211.74', 'WSUPSPRKNP02P', 48, 'Sewa', 2016, 3),
(1463, 8, 'Intel Core I3-6100 CPU', '10.16.211.58', 'WSUPSPRKNP04P', 48, 'Sewa', 2016, 3),
(1464, 8, 'Intel Core I3-6100 CPU', '10.16.211.116', 'WSUPSPRKNP06P', 48, 'Sewa', 2016, 3),
(1465, 8, 'Intel Core I3-6100 CPU', '10.16.211.60', 'WSUPSPRKNP07P', 48, 'Sewa', 2016, 3),
(1466, 8, 'Intel Core I3-6100 CPU', '10.16.211.104', 'WSUPSPRKNPACMT', 48, 'Sewa', 2016, 3),
(1467, 8, 'Intel Core I3-6100 CPU', '10.16.211.91', 'WSUPSPRKNPAPKT', 48, 'Sewa', 2016, 3),
(1468, 83, 'Inter Core I3-CPU 540', '10.16.211.71', 'PC', 48, 'Aset PLN', 2012, 0),
(1469, 8, 'Intel Core I3-6100 CPU', '10.16.215.52', 'WSUPSPRNTL01P', 49, 'Sewa', 2016, 3),
(1470, 8, 'Intel Core I3-6100 CPU', '10.16.215.20', 'WSUPSPRNTL02P', 49, 'Sewa', 2016, 3),
(1471, 8, 'Intel Core I3-6100 CPU', '10.16.215.16', 'WSUPSPRNTL03P', 49, 'Sewa', 2016, 3),
(1472, 8, 'Intel Core I3-6100 CPU', '10.16.215.56', 'WSUPSPRNTL05P', 49, 'Sewa', 2016, 3),
(1473, 8, 'Intel Core I3-6100 CPU', '10.16.215.91', 'WSUPSPRNTL06P', 49, 'Sewa', 2016, 3),
(1474, 8, 'Intel Core I3-6100 CPU', '10.16.215.55', 'WSUPSPRNTL07P', 49, 'Sewa', 2016, 3),
(1475, 8, 'Intel Core I3-6100 CPU', '10.16.215.66', 'WSUPSPRNTL08P', 49, 'Sewa', 2016, 3),
(1476, 8, 'Intel Core I3-6100 CPU', '10.16.215.44', 'WSUPSPRNTL09P', 49, 'Sewa', 2016, 3),
(1477, 8, 'Intel Core I3-6100 CPU', '10.16.215.34', 'WSUPSPRNTL10P', 49, 'Sewa', 2016, 3),
(1478, 8, 'Intel Core I3-6100 CPU', '10.16.215.12', 'WSUPSPRNTLAPKT', 49, 'Sewa', 2016, 3),
(1479, 8, 'Intel Core I3-6100 CPU', '10.16.210.54', 'WSUPSPRPYB03P', 50, 'Sewa', 2016, 3),
(1480, 8, 'Intel Core I3-6100 CPU', '10.16.210.58', 'WSUPSPRPYB04P', 50, 'Sewa', 2016, 3),
(1481, 8, 'Intel Core I3-6100 CPU', '10.16.210.66', 'WSUPSPRPYB05P', 50, 'Sewa', 2016, 3),
(1482, 8, 'Intel Core I3-6100 CPU', '10.16.210.63', 'WSUPSPRPYB06P', 50, 'Sewa', 2016, 3),
(1483, 8, 'Intel Core I3-6100 CPU', '10.16.210.55', 'WSUPSPRPYB07P', 50, 'Sewa', 2016, 3),
(1484, 8, 'Intel Core I3-6100 CPU', '10.16.210.65', 'WSUPSPRPYB08P', 50, 'Sewa', 2016, 3),
(1485, 8, 'Intel Core I3-6100 CPU', '10.16.210.61', 'WSUPSPRPYB09P', 50, 'Sewa', 2016, 3),
(1486, 8, 'Intel Core I3-6100 CPU', '10.16.210.57', 'WSUPSPRPYBACMT', 50, 'Sewa', 2016, 3),
(1487, 8, 'Intel Core I3-6100 CPU', '10.16.210.62', 'WSUPSPRPYBAPKT', 50, 'Sewa', 2016, 3),
(1488, 83, 'Intel Core I3 CPU 550', '10.16.210.33', 'PC', 50, 'Aset PLN', 2012, 0),
(1489, 8, 'Intel Core I3-6100 CPU', '10.16.216.70', 'WSUPSPRKOT01P', 52, 'Sewa', 2016, 3),
(1490, 8, 'Intel Core I3-6100 CPU', '10.16.216.68', 'WSUPSPRKOT02P', 52, 'Sewa', 2016, 3),
(1491, 8, 'Intel Core I3-6100 CPU', '10.16.216.62', 'WSUPSPRKOT03P', 52, 'Sewa', 2016, 3),
(1492, 8, 'Intel Core I3-6100 CPU', '10.16.216.60', 'WSUPSPRKOT04P', 52, 'Sewa', 2016, 3),
(1493, 8, 'Intel Core I3-6100 CPU', '10.16.216.58', 'WSUPSPRKOT05P', 52, 'Sewa', 2016, 3),
(1494, 8, 'Intel Core I3-6100 CPU', '10.16.216.64', 'WSUPSPRKOT06P', 52, 'Sewa', 2016, 3),
(1495, 8, 'Intel Core I3-6100 CPU', '10.16.216.56', 'WSUPSPRKOT07P', 52, 'Sewa', 2016, 3),
(1496, 8, 'Intel Core I3-6100 CPU', '10.16.216.66', 'WSUPSPRKOTAPKT', 52, 'Sewa', 2016, 3),
(1497, 8, 'Intel Core I3-6100 CPU', '10.16.216.77', 'WSUPSPRKOTACMT', 52, 'Sewa', 2016, 3),
(1498, 83, 'Pentium Dual Core CPU E5400 @2.7 GHz', '10.16.216.81', 'PC', 52, 'Aset PLN', 2009, 0),
(1499, 83, 'Intel Core I3 CPU 550 @3,20 Ghz', '10.16.216.55', 'PC', 52, 'Aset PLN', 2012, 0),
(1500, 8, 'Intel Core I3-6100 CPU', '10.16.212.59', 'WSUPSPRSBH01P', 51, 'Sewa', 2016, 3),
(1501, 8, 'Intel Core I3-6100 CPU', '10.16.212.55', 'WSUPSPRSBH02P', 51, 'Sewa', 2016, 3),
(1502, 8, 'Intel Core I3-6100 CPU', '10.16.212.54', 'WSUPSPRSBH03P', 51, 'Sewa', 2016, 3),
(1503, 8, 'Intel Core I3-6100 CPU', '10.16.212.52', 'WSUPSPRSBH04P', 51, 'Sewa', 2016, 3),
(1504, 8, 'Intel Core I3-6100 CPU', '10.16.212.102', 'WSUPSPRSBH06P', 51, 'Sewa', 2016, 3),
(1505, 8, 'Intel Core I3-6100 CPU', '10.16.212.56', 'WSUPSPRSBH08P', 51, 'Sewa', 2016, 3),
(1506, 8, 'Intel Core I3-6100 CPU', '10.16.212.77', 'WSUPSPRSBH09P', 51, 'Sewa', 2016, 3),
(1507, 8, 'Intel Core I3-6100 CPU', '10.16.212.85', 'WSUPSPRSBH10P', 51, 'Sewa', 2016, 3),
(1508, 8, 'Intel Core I3-6100 CPU', '10.16.212.103', 'WSUPSPRSBHACMT', 51, 'Sewa', 2016, 3),
(1509, 8, 'Intel Core I3-6100 CPU', '10.16.212.51', 'WSUPSPRSBHAPKT', 51, 'Sewa', 2016, 3),
(1510, 2, 'Intel Core I3-550 CPU', '10.16.212.60', 'PC', 51, 'Aset PLN', 2012, 3),
(1511, 8, 'Intel Core I3-6100 CPU', '10.16.213.48', 'WSUPSPRSPR01P', 53, 'Sewa', 2016, 3),
(1512, 8, 'Intel Core I3-6100 CPU', '10.16.213.60', 'WSUPSPRSPR03P', 53, 'Sewa', 2016, 3),
(1513, 8, 'Intel Core I3-6100 CPU', '10.16.213.54', 'WSUPSPRSPR04P', 53, 'Sewa', 2016, 3),
(1514, 8, 'Intel Core I3-6100 CPU', '10.16.213.56', 'WSUPSPRSPR06P', 53, 'Sewa', 2016, 3),
(1515, 8, 'Intel Core I3-6100 CPU', '10.16.213.58', 'WSUPSPRSPR07P', 53, 'Sewa', 2016, 3),
(1516, 8, 'Intel Core I3-6100 CPU', '10.16.213.64', 'WSUPSPRSPR08P', 53, 'Sewa', 2016, 3),
(1517, 8, 'Intel Core I3-6100 CPU', '10.16.213.52', 'WSUPSPRSPRACMT', 53, 'Sewa', 2016, 3),
(1518, 8, 'Intel Core I3-6100 CPU', '10.16.213.66', 'WSUPSPRSPRAPKT', 53, 'Sewa', 2016, 3),
(1519, 81, 'Intel Core I3 540 @3,07 GHz', '10.16.213.101', 'PC', 53, 'Aset PLN', 2012, 0),
(1520, 83, 'Intel Core I3 540 @3,07 GHz', '10.16.213.62', 'PC', 53, 'Aset PLN', 2012, 0),
(1521, 8, 'Intel Core i3-6100', '10.16.206.32', 'WSUNIAAPAD01AM', 7, 'Sewa', 2016, 3),
(1522, 8, 'Intel Core i3-6100', '10.16.206.168', 'WSUNIAAPAD08P', 7, 'Sewa', 2016, 3),
(1523, 8, 'Intel Core i3-6100', '10.16.206.43', 'WSUNIAAPAD09P', 7, 'Sewa', 2016, 3),
(1524, 8, 'Intel Core i3-6100', '10.16.208.56', 'WSUNIAAPEL05P', 7, 'Sewa', 2016, 3),
(1525, 8, 'Intel Core i3-6100', '10.16.206.39', 'WSUNIAAKIT01P', 7, 'Sewa', 2016, 3),
(1526, 8, 'Intel Core i3-6100', '10.16.206.102', 'WSUNIARGNS04P', 7, 'Sewa', 2016, 3),
(1527, 8, 'Intel Core i3-6100', '10.16.206.177', 'WSUNIAAJAR01AM', 7, 'Sewa', 2016, 3),
(1528, 8, 'Intel Core i3-6100', '10.16.206.100', 'WSUNIAARJAR05P', 7, 'Sewa', 2016, 3),
(1529, 8, 'Intel Core i3-6100', '10.16.206.91', 'WSUNIAAJAR01P', 7, 'Sewa', 2016, 3),
(1530, 8, 'Intel Core i3-6100', '10.16.206.88', 'WSUNIAAPAD10P', 7, 'Sewa', 2016, 3),
(1531, 8, 'Intel Core i3-6100', '10.16.208.28', 'WSUNIAAJAR08P', 7, 'Sewa', 2016, 3),
(1532, 8, 'Intel Core i3-6100', '10.16.206.173', 'WSUNIAAJAR07P', 7, 'Sewa', 2016, 3),
(1533, 8, 'Intel Core i3-6100', '10.16.208.22', 'WSUNIAAJAR02P', 7, 'Sewa', 2016, 3),
(1534, 8, 'Intel Core i3-6100', '10.16.206.6', 'WSUNIAAJAR03P', 7, 'Sewa', 2016, 3),
(1535, 8, 'Intel Core i3-6100', '10.16.206.189', 'WSUNIAAJAR06P', 7, 'Sewa', 2016, 3),
(1536, 8, 'Intel Core i3-6100', '10.16.206.141', 'WSUNIAAPEL02P', 7, 'Sewa', 2016, 3),
(1537, 8, 'Intel Core i3-6100', '10.16.206.198', 'WSUNIAATEL02P', 7, 'Sewa', 2016, 3),
(1538, 8, 'Intel Core i3-6100', '10.16.206.27', 'WSUNIAATEL08P', 7, 'Sewa', 2016, 3),
(1539, 8, 'Intel Core i3-6100', '10.16.206.144', 'WSUNIAATEL006P', 7, 'Sewa', 2016, 3),
(1540, 8, 'Intel Core i3-6100', '10.16.206.93', 'WSUNIARTDL09P', 7, 'Sewa', 2016, 3),
(1541, 8, 'Intel Core i3-6100', '10.16.206.63', 'WSUNIAATEL07P', 7, 'Sewa', 2016, 3),
(1542, 8, 'Intel Core i3-6100', '10.16.206.135', 'WSUNIAATEL01P', 7, 'Sewa', 2016, 3),
(1543, 8, 'Intel Core i3-6100', '10.16.206.168', 'WSUNIAATEL05P', 7, 'Sewa', 2016, 3),
(1544, 8, 'Intel Core i3-6100', '10.16.206.202', 'WSUNIAAPEL04P', 7, 'Sewa', 2016, 3),
(1545, 8, 'Intel Core i3-6100', '10.16.206.42', 'WSUNIAAPEL10P', 7, 'Sewa', 2016, 3),
(1546, 8, 'Intel Core i3-6100', '10.16.206.77', 'WSUNIAAPAD12P', 7, 'Sewa', 2016, 3),
(1547, 8, 'Intel Core i3-6100', '10.16.206.118', 'WSU-NIAAPAD03P', 7, 'Sewa', 2016, 3),
(1548, 8, 'Intel Core i3-6100', '10.16.206.227', 'WSUNIAAPAD04P', 7, 'Sewa', 2016, 3),
(1549, 8, 'Intel Core i3-6100', '10.16.206.136', 'WSUNIARTDL18P', 7, 'Sewa', 2016, 3),
(1550, 8, 'Intel Core i3-6100', '10.16.206.72', 'WSUNIAAKT02P', 7, 'Sewa', 2016, 3),
(1551, 8, 'Intel Core i3-6100', '10.16.206.125', 'WSUNIAAPEL03P', 7, 'Sewa', 2016, 3),
(1552, 8, 'Intel Core i3-6100', '10.16.206.254', 'WSUNIAAPAD02P', 7, 'Sewa', 2016, 3),
(1553, 8, 'Intel Core i3-6100', '10.16.206.127', 'WSUNIARTEL04P', 7, 'Sewa', 2016, 3),
(1554, 8, 'Intel Core i3-6100', '10.16.206.211', 'WSUNIAAPAD01P', 7, 'Sewa', 2016, 3),
(1555, 8, 'Intel Core i3-6100', '10.16.206.78', 'WSUNIAAPEL01P', 7, 'Sewa', 2016, 3),
(1556, 8, 'Intel Core i3-6100', '10.16.206.221', 'WSUNIAMA01P', 7, 'Sewa', 2016, 3),
(1557, 8, 'Intel Core i3-6100', '10.16.206.163', 'WSUNIARGNS13P', 42, 'Sewa', 2016, 3),
(1558, 8, 'Intel Core i3-6100', '10.16.206.147', 'WSUNIAAJAR09P', 42, 'Sewa', 2016, 3),
(1559, 8, 'Intel Core i3-6100', '10.16.206.41', 'WSUNIARGNS05P', 42, 'Sewa', 2016, 3),
(1560, 8, 'Intel Core i3-6100', '10.16.206.204', 'WSUNIARGNS06P', 42, 'Sewa', 2016, 3),
(1561, 8, 'Intel Core i3-6100', '10.16.206.176', 'WSUNIARGNS08P', 42, 'Sewa', 2016, 3),
(1562, 8, 'Intel Core i3-6100', '10.16.206.89', 'WSUNIARGNS19P', 42, 'Sewa', 2016, 3),
(1563, 8, 'Intel Core i3-6100', '10.16.206.33', 'WSUNIARGNS03P', 42, 'Sewa', 2016, 3),
(1564, 8, 'Intel Core i3-6100', '10.16.206.148', 'WSUNIARGNS10P', 42, 'Sewa', 2016, 3),
(1565, 8, 'Intel Core i3-6100', '10.16.206.139', 'WSUNIARGNS07P', 42, 'Sewa', 2016, 3),
(1566, 8, 'Intel Core i3-6100', '10.16.206.204', 'WSUNIARTDL20P', 42, 'Sewa', 2016, 3),
(1567, 8, 'Intel Core i3-6100', '10.16.206.62', 'WSUNIARGNS11P', 42, 'Sewa', 2016, 3),
(1568, 8, 'Intel Core i3-6100', '10.16.206.133', 'WSUNIARGNS18P', 42, 'Sewa', 2016, 3),
(1569, 8, 'Intel Core i3-6100', '10.16.206.52', 'WSUNIARGNS02P', 42, 'Sewa', 2016, 3),
(1570, 8, 'Intel Core i3-6100', '10.16.206.59', 'WSUNIARGNSAPKT', 42, 'Sewa', 2016, 3),
(1571, 8, 'Intel Core i3-6100', '10.16.206.203', 'WSUNIARGNS16P', 42, 'Sewa', 2016, 3),
(1572, 8, 'Intel Core i3-6100', '10.16.206.107', 'WSUNIARGNS15P', 42, 'Sewa', 2016, 3),
(1573, 8, 'Intel Core i3-6100', '10.16.207.53', 'WSUNIARTDL12P', 43, 'Sewa', 2016, 3),
(1574, 8, 'Intel Core i3-6100', '10.16.207.22', 'WSUNIAAPAD06P', 43, 'Sewa', 2016, 3),
(1575, 8, 'Intel Core i3-6100', '10.16.207.88', 'WSUNIARTDL15P', 43, 'Sewa', 2016, 3),
(1576, 8, 'Intel Core i3-6100', '10.16.207.92', 'WSUNIARTDL14P', 43, 'Sewa', 2016, 3),
(1577, 8, 'Intel Core i3-6100', '10.16.207.24', 'WSUNIARTDL01P', 43, 'Sewa', 2016, 3),
(1578, 8, 'Intel Core i3-6100', '10.16.207.95', 'WSUNIARTDL03P', 43, 'Sewa', 2016, 3),
(1579, 8, 'Intel Core i3-6100', '10.16.207.27', 'WSUNIARTDL07P', 43, 'Sewa', 2016, 3),
(1580, 8, 'Intel Core i3-6100', '10.16.207.49', 'WSUNIARTDL05P', 43, 'Sewa', 2016, 3),
(1581, 8, 'Intel Core i3-6100', '10.16.207.64', 'WSUNIARTDL13P', 43, 'Sewa', 2016, 3),
(1582, 8, 'Intel Core i3-6100', '10.16.207.17', 'WSUNIARTDLAPKT', 43, 'Sewa', 2016, 3),
(1583, 8, 'Intel Core i3-6100', '10.16.207.25', 'WSUNIARTDL06P', 43, 'Sewa', 2016, 3),
(1584, 8, 'Intel Core i3-6100', '10.16.207.55', 'WSUNIARTDL04P', 43, 'Sewa', 2016, 3),
(1585, 8, 'Intel Core i3-6100', '10.16.207.90', 'WSUNIARTDL08P', 43, 'Sewa', 2016, 3),
(1586, 8, 'Intel Core i3-6100', '10.16.208.19', 'WSUNIARGNS01P', 102, 'Sewa', 2016, 3),
(1587, 8, 'Intel Core i3-6100', '10.16.208.119', 'WSUNIARGNS14P', 102, 'Sewa', 2016, 3),
(1588, 8, 'Intel Core i3-6100', '10.16.208.9', 'WSUNIARTDL10P', 102, 'Sewa', 2016, 3),
(1589, 8, 'Intel Core i3-6100', '10.16.208.59', 'WSUNIARTDL02P', 102, 'Sewa', 2016, 3),
(1590, 8, 'Intel Core i3-6100', '10.16.208.39', 'WSUNIAAKIT01AM', 102, 'Sewa', 2016, 3),
(1591, 8, 'Intel Core i3-6100', '10.16.208.89', 'WSUNIAAPAD11P', 102, 'Sewa', 2016, 3),
(1592, 8, 'Intel Core i3-6100', '10.16.206.44', 'WSUNIAAJAR04P', 7, 'Sewa', 2016, 3),
(1593, 8, 'Intel Core i3-6100', 'DHCP', 'WSUNIAATEL03P', 7, 'Sewa', 2016, 3),
(1594, 8, 'Intel Core i3-6100', 'DHCP', 'WSUNIAAPAD05P', 7, 'Sewa', 2016, 3),
(1595, 8, 'Intel Core i3-6100', 'DHCP', 'WSUNIARGNS17P', 42, 'Sewa', 2016, 3),
(1596, 2, 'Intel Core i5', '10.43.10.118', 'PC ADUM 1', 103, 'Aset PLN', 2018, 0),
(1597, 2, 'Intel Core i5', '10.43.10.140', 'PC PBJ 2', 103, 'Aset PLN', 2017, 0),
(1598, 81, 'Intel Core i3', '10.43.10.108', 'PC ADUM 2', 103, 'Aset PLN', 2012, 0),
(1599, 2, 'Intel Core i3', '10.43.10.100', 'PC ADUM 3', 103, 'Aset PLN', 2012, 0),
(1600, 83, 'Intel Core i3', '10.43.10.157', 'PC ADUM 4', 103, 'Aset PLN', 2012, 0),
(1601, 81, 'Intel Core i3', '10.43.10.37', 'PC ADUM 5', 103, 'Aset PLN', 2012, 0),
(1602, 2, 'Intel Core i5', '10.43.10.135', 'PC ADUM 6', 103, 'Aset PLN', 2017, 0),
(1603, 2, 'Intel Core i5', '10.43.10.111', 'PC FASOP 1', 103, 'Aset PLN', 2016, 0),
(1604, 2, 'Intel Core i5', '10.43.10.144', 'PC PBJ 1', 103, 'Aset PLN', 2017, 0),
(1605, 81, 'Intel Core i5', '10.43.10.37', 'PC OPERASI 1', 103, 'Aset PLN', 2012, 0),
(1606, 2, 'Intel Core i5', '10.43.10.159', 'PC OPERASI 2', 103, 'Aset PLN', 2017, 0),
(1607, 8, 'Intel Core i5', '10.43.10.156', 'PC OPERASI 3', 103, 'Aset PLN', 2012, 0),
(1608, 2, 'Intel Core i5', '10.43.10.131', 'PC ADUM 7', 103, 'Aset PLN', 2017, 0),
(1609, 2, 'Intel Core i5', '10.43.10.173', 'PC ADUM 8', 103, 'Aset PLN', 2017, 0),
(1610, 2, 'Intel Core i5', '10.43.10.141', 'PC ADUM 9', 103, 'Aset PLN', 2017, 0),
(1611, 2, 'Intel Core i5', '10.43.10.230', 'PC SEK MANAJER', 103, 'Sewa', 2018, 1),
(1612, 2, 'Intel Core i5', '10.43.10.88', 'PC DISPATCHER 1', 103, 'Aset PLN', 2011, 0),
(1613, 2, 'Intel Core i5', '10.43.10.111', 'PC DISPATCHER 2', 103, 'Aset PLN', 2017, 0),
(1614, 2, 'Intel Core i5', '10.43.10.242', 'PC DISPATCHER 3', 103, 'Aset PLN', 2013, 0),
(1615, 8, 'Intel Core i7', '10.43.10.90', 'PC DISPATCHER 4', 103, 'Sewa', 2017, 1),
(1616, 8, 'Intel Core i7', '10.43.10.71', 'PC DISPATCHER 5', 103, 'Sewa', 2017, 1),
(1617, 8, 'Intel Core i7', '10.43.10.72', 'PC DISPATCHER 6', 103, 'Sewa', 2017, 1),
(1618, 2, 'Intel Core i5', '10.43.10.135', 'PC ADUM 10', 103, 'Aset PLN', 2017, 0),
(1619, 81, 'Intel Core i3', '10.43.10.102', 'PC ASMAN ADUM', 103, 'Aset PLN', 2011, 0),
(1620, 32, 'Intel Core i3', '10.43.10.105', 'PC FASOP 2', 103, 'Aset PLN', 2011, 0),
(1621, 2, 'Intel Core i5', '10.43.10.145', 'PC FASOP 3', 103, 'Aset PLN', 2015, 0),
(1622, 2, 'Intel Core i5', '10.43.10.148', 'PC FASOP 4', 103, 'Aset PLN', 2017, 0),
(1623, 81, 'Intel Core i3', '10.43.10.99', 'PC OPERASI 4', 103, 'Aset PLN', 2013, 0),
(1624, 8, 'Intel Core i3', '10.43.10.121', 'PC OPERASI 5', 103, 'Aset PLN', 2014, 0),
(1625, 32, 'Intel Core i3', '10.43.10.170', 'PC OPERASI 6', 103, 'Aset PLN', 2013, 0),
(1626, 2, 'Intel Core i3', '10.43.10.52', 'PC OPERASI 7', 103, 'Aset PLN', 2012, 0),
(1627, 84, 'Intel Core i5', '10.43.10.143', 'PC KINERJA 1', 103, 'Aset PLN', 2013, 0),
(1628, 81, 'Intel Core i3', '10.43.10.208', 'PC KOPERASI 1', 103, 'Aset PLN', 2010, 0),
(1629, 83, 'Intel Core i3', '10.43.10.44', 'PC KOPERASI 2', 103, 'Aset PLN', 2010, 0),
(1630, 32, 'Intel Core i7', '172.17.3.253', 'PC MONITOR FASOP', 103, 'Aset PLN', 2018, 0),
(1631, 2, 'Intel Core i5', '10.43.10.108', 'PC FASOP SCADA', 103, 'Aset PLN', 2016, 0);

-- --------------------------------------------------------

--
-- Table structure for table `kpi`
--

CREATE TABLE `kpi` (
  `kpi_id` int(11) NOT NULL,
  `indikator_kpi` varchar(100) COLLATE utf8_unicode_ci NOT NULL,
  `pic` int(11) NOT NULL,
  `satuan` varchar(16) COLLATE utf8_unicode_ci NOT NULL,
  `bobot` int(11) NOT NULL,
  `target` float NOT NULL,
  `realisasi` float NOT NULL,
  `skor` float NOT NULL,
  `waktu` date NOT NULL,
  `status` varchar(16) COLLATE utf8_unicode_ci NOT NULL
) ENGINE=InnoDB DEFAULT CHARSET=utf8 COLLATE=utf8_unicode_ci;

--
-- Dumping data for table `kpi`
--

INSERT INTO `kpi` (`kpi_id`, `indikator_kpi`, `pic`, `satuan`, `bobot`, `target`, `realisasi`, `skor`, `waktu`, `status`) VALUES
(1, 'Penyelesaian temuan auditor (BPK)', 2, '%', 2, 100, 100, 2, '2015-01-05', 'Closed'),
(6, 'Kepuasan Pelanggan', 2, '%', 6, 87, 88.1, 6, '2015-01-05', 'Closed'),
(7, 'Penambahan Jumlah Pelanggan', 3, 'Unit', 3, 3.6, 3.67, 3, '2015-01-05', 'Closed'),
(8, 'SAIDI', 2, 'Level', 6, 300, 318.6, 5.6, '2015-01-05', 'Closed'),
(9, 'SAIFI', 3, 'Unit', 7, 5.5, 5.97, 6.4, '2015-01-05', 'Closed'),
(10, 'Fuel Mix BBM Termasuk IPP', 2, '%', 6, 8.5, 8.22, 6, '2015-01-05', 'Closed'),
(11, 'Penambahan Kapasitas Pembangkit (COD)', 2, 'Unit', 5, 3.87, 2.05, 2.7, '2015-01-05', 'Closed'),
(12, 'Kapasitas Pembangkit Sewa BBM', 3, 'Level', 2, 4.39, 2.64, 2, '2015-01-05', 'Closed'),
(13, 'EAF PLTU', 3, '%', 4, 81, 82, 4, '2015-01-05', 'Open'),
(14, 'Susut Jaringan', 3, '%', 3, 8.45, 9.77, 2.5, '2015-01-05', 'Open'),
(15, 'Human Capital Readiness', 2, 'Level', 5, 3.7, 3.8, 5, '2015-01-05', 'Open'),
(16, 'Organization Capital Readiness', 2, 'Level', 5, 3.7, 3.72, 5, '2015-01-05', 'Open'),
(17, 'Produktifitas Pegawai', 2, 'Dokumen', 7, 5.129, 4.915, 6.7, '2015-01-05', 'Open'),
(18, 'Biaya Non Fuel', 3, 'Dokumen', 6, 222, 227.9, 5.8, '2015-01-05', 'Open'),
(19, 'BPP (Biaya Pokok Penyediaan)', 2, 'Dokumen', 8, 1.419, 1.3, 8, '2015-01-05', 'Open'),
(20, 'EBITDA Margin', 2, '%', 2, 18.8, 17.9, 1.5, '2015-01-05', 'Open'),
(21, 'Program(Realisasi program terkontrak UIP) tanpa luncuran', 2, '%', 4, 100, 94.7, 3.8, '2015-01-05', 'Closed'),
(22, 'Fisik (realisasi bayar/pagu disburse)', 2, '%', 4, 75, 70.04, 3.7, '2015-01-05', 'Open'),
(23, 'Jumlah Pembangkit yang masuk kriteria PROPER dari hasil sampling Kementrian Lingkungan Hidup', 2, '%', 2, 65, 72.4, 2, '2015-01-05', 'Closed'),
(24, 'Peningkatan tingkat PROPER unit', 3, 'Unit', 2, 6, 10, 2, '2015-01-05', 'Open'),
(25, 'Skor Penilaian Kinerja Unggul BUMN', 2, 'Skor', 3, 576, 587, 3, '2015-01-05', 'Open'),
(26, 'Skor GSG', 3, 'Skor', 3, 86, 86, 3, '2015-01-05', 'Closed'),
(27, 'Pengelolaan risiko', 3, 'Level', 3, 3.5, 3.4, 2.9, '2015-01-05', 'Open'),
(28, 'Pemenuhan Portal BUMN', 2, '%', 2, 100, 100, 2, '2015-01-05', 'Closed');

-- --------------------------------------------------------

--
-- Table structure for table `laptop`
--

CREATE TABLE `laptop` (
  `id_laptop` int(11) NOT NULL,
  `id_merek` int(11) DEFAULT NULL,
  `laptop_name` varchar(30) NOT NULL,
  `serial_number` varchar(50) NOT NULL,
  `spesifikasi` varchar(200) DEFAULT NULL,
  `ip_address` varchar(50) DEFAULT NULL,
  `nama_pengguna` varchar(50) DEFAULT NULL,
  `id_unit` int(11) DEFAULT NULL,
  `status_kepemilikan` varchar(50) DEFAULT NULL,
  `tahun` int(4) DEFAULT NULL,
  `id_vendor` int(11) DEFAULT NULL
) ENGINE=InnoDB DEFAULT CHARSET=latin1;

--
-- Dumping data for table `laptop`
--

INSERT INTO `laptop` (`id_laptop`, `id_merek`, `laptop_name`, `serial_number`, `spesifikasi`, `ip_address`, `nama_pengguna`, `id_unit`, `status_kepemilikan`, `tahun`, `id_vendor`) VALUES
(1, 7, '', '', 'Intel  Core   i5-6100 CPU @ 3.70GHz', 'DHCP', 'WSUKWDMANG', 1, 'Sewa', 2016, 3),
(2, 7, '', '', 'Intel  Core   i5-6100 CPU @ 3.70GHz', 'DHCP', 'WSUKWDMKEUPC', 1, 'Sewa', 2016, 3),
(3, 7, '', '', 'Intel  Core   i5-6100 CPU @ 3.70GHz', 'DHCP', 'WSUKWDMAKUNPC', 1, 'Sewa', 2016, 3),
(4, 7, '', '', 'Intel  Core   i5-6100 CPU @ 3.70GHz', 'DHCP', 'WSUKWLSFAS04L', 1, 'Sewa', 2016, 3),
(5, 7, '', '', 'Intel  Core   i5-6100 CPU @ 3.70GHz', 'DHCP', 'WSUKWLSFAS03L', 1, 'Sewa', 2016, 3),
(6, 7, '', '', 'Intel  Core   i5-6100 CPU @ 3.70GHz', 'DHCP', 'WSUKWLSFAS02-L', 1, 'Sewa', 2016, 3),
(7, 7, '', '', 'Intel  Core   i5-6100 CPU @ 3.70GHz', 'DHCP', 'WSUKWLSFAS01L-', 1, 'Sewa', 2016, 3),
(8, 7, '', '', 'Intel  Core   i5-6100 CPU @ 3.70GHz', 'DHCP', 'WSUKWLSFASO5L', 1, 'Sewa', 2016, 3),
(9, 7, '', '', 'Intel  Core   i5-6100 CPU @ 3.70GHz', 'DHCP', 'WSUKWLRSTI01L', 1, 'Sewa', 2016, 3),
(10, 7, '', '', 'Intel  Core   i5-6100 CPU @ 3.70GHz', 'DHCP', 'WSUKWLRSTI03L', 1, 'Sewa', 2016, 3),
(11, 7, '', '', 'Intel  Core   i5-6100 CPU @ 3.70GHz', 'DHCP', 'WSUKWLRSTI02L', 1, 'Sewa', 2016, 3),
(12, 7, '', '', 'Intel  Core   i5-6100 CPU @ 3.70GHz', 'DHCP', 'WSUKWDMBANGSDM', 1, 'Sewa', 2016, 3),
(13, 7, '', '', 'Intel  Core   i5-6100 CPU @ 3.70GHz', 'DHCP', 'WSUKWDMADMPEG', 1, 'Sewa', 2016, 3),
(14, 7, '', '', 'Intel  Core   i5-6100 CPU @ 3.70GHz', 'DHCP', 'WSUKWLADMKM1', 1, 'Sewa', 2016, 3),
(15, 7, '', '', 'Intel  Core   i5-6100 CPU @ 3.70GHz', 'DHCP', 'WSUKWLSHHM01L', 1, 'Sewa', 2016, 3),
(16, 7, '', '', 'Intel  Core   i5-6100 CPU @ 3.70GHz', 'DHCP', 'WSUKWDMADMUMUM', 1, 'Sewa', 2016, 3),
(17, 7, '', '', 'Intel  Core   i5-6100 CPU @ 3.70GHz', 'DHCP', 'WSUKWDMRENUS', 1, 'Sewa', 2016, 3),
(18, 7, '', '', 'Intel  Core   i5-6100 CPU @ 3.70GHz', 'DHCP', 'WSUKWLRSIS03L', 1, 'Sewa', 2016, 3),
(19, 7, '', '', 'Intel  Core   i5-6100 CPU @ 3.70GHz', 'DHCP', 'WSUKWDMMEKAGA', 1, 'Sewa', 2016, 3),
(20, 7, '', '', 'Intel  Core   i5-6100 CPU @ 3.70GHz', 'DHCP', 'WSUKWLRPER02L', 1, 'Sewa', 2016, 3),
(21, 7, '', '', 'Intel  Core   i5-6100 CPU @ 3.70GHz', 'DHCP', 'WSUKWLRPER03-L', 1, 'Sewa', 2016, 3),
(22, 7, '', '', 'Intel  Core   i5-6100 CPU @ 3.70GHz', 'DHCP', 'WSUKWDMRENSIS', 1, 'Sewa', 2016, 3),
(23, 7, '', '', 'Intel  Core   i5-6100 CPU @ 3.70GHz', 'DHCP', 'WSUKWDMTI', 1, 'Sewa', 2016, 3),
(24, 7, '', '', 'Intel  Core   i5-6100 CPU @ 3.70GHz', 'DHCP', 'WSUKWDMIPP', 1, 'Sewa', 2016, 3),
(25, 7, '', '', 'Intel  Core   i5-6100 CPU @ 3.70GHz', 'DHCP', 'WSUKWLNADM02L', 1, 'Sewa', 2016, 3),
(26, 7, '', '', 'Intel  Core   i5-6100 CPU @ 3.70GHz', 'DHCP', 'WSUKWDMSAR', 1, 'Sewa', 2016, 3),
(27, 7, '', '', 'Intel  Core   i5-6100 CPU @ 3.70GHz', 'DHCP', 'WSUKWDMREVAS', 1, 'Sewa', 2016, 3),
(28, 7, '', '', 'Intel  Core   i5-6100 CPU @ 3.70GHz', 'DHCP', 'WSUKWDMDALOPDIS', 1, 'Sewa', 2016, 3),
(29, 7, '', '', 'Intel  Core   i5-6100 CPU @ 3.70GHz', 'DHCP', 'WSUKWLMDIS01L', 1, 'Sewa', 2016, 3),
(30, 7, '', '', 'Intel  Core   i5-6100 CPU @ 3.70GHz', 'DHCP', 'WSUKWDMEFISIENSI', 1, 'Sewa', 2016, 3),
(31, 7, '', '', 'Intel  Core   i5-6100 CPU @ 3.70GHz', 'DHCP', 'WSUKWPEJLAKPGDN', 1, 'Sewa', 2016, 3),
(32, 7, '', '', 'Intel  Core   i5-6100 CPU @ 3.70GHz', 'DHCP', 'WSUKWDMKONST', 1, 'Sewa', 2016, 3),
(33, 7, '', '', 'Intel  Core   i5-6100 CPU @ 3.70GHz', 'DHCP', 'WSUKWLGM01L', 1, 'Sewa', 2016, 3),
(34, 7, '', '', 'Intel  Core   i5-6100 CPU @ 3.70GHz', 'DHCP', 'WSUADPMBOSD01', 1, 'Sewa', 2016, 3),
(35, 7, '', '', 'Intel  Core   i5-6100 CPU @ 3.70GHz', 'DHCP', 'WSUKWLRSTI01L', 1, 'Sewa', 2016, 3),
(36, 7, '', '', 'Intel  Core   i5-6100 CPU @ 3.70GHz', 'DHCP', 'WSUKWASMNTELMDN', 6, 'Sewa', 2015, 3),
(37, 7, '', '', 'Intel  Core   i5-6100 CPU @ 3.70GHz', 'DHCP', 'WSUMDNAJAR01L', 6, 'Sewa', 2015, 3),
(38, 7, '', '', 'Intel  Core   i5-6100 CPU @ 3.70GHz', 'DHCP', 'WSUMDNAPAD01LU', 6, 'Sewa', 2015, 3),
(39, 7, '', '', 'Intel  Core   i5-6100 CPU @ 3.70GHz', 'DHCP', 'WSUMDNAPAD02LU', 6, 'Sewa', 2015, 3),
(40, 7, '', '', 'Intel  Core   i5-6100 CPU @ 3.70GHz', 'DHCP', 'WSUMDNMA01L', 6, 'Sewa', 2015, 3),
(41, 7, '', '', 'Intel  Core   i5-6100 CPU @ 3.70GHz', 'DHCP', 'WSUMDNREN01L', 6, 'Sewa', 2015, 3),
(42, 7, '', '', 'Intel  Core   i5-6100 CPU @ 3.70GHz', 'DHCP', 'WSUMDNSPVMSLT01', 41, 'Sewa', 2015, 3),
(43, 7, '', '', 'Intel  Core   i5-6100 CPU @ 3.70GHz', 'DHCP', 'WSUMDNMRSGGL', 41, 'Sewa', 2015, 3),
(44, 7, '', '', 'Intel  Core   i5-6100 CPU @ 3.70GHz', 'DHCP', 'WSMDNSPVSGGL01', 41, 'Sewa', 2015, 3),
(45, 7, '', '', 'Intel  Core   i5-6100 CPU @ 3.70GHz', 'DHCP', 'WSUMDNRSUN04L', 41, 'Sewa', 2015, 3),
(46, 7, '', '', 'Intel  Core   i5-6100 CPU @ 3.70GHz', 'DHCP', 'WSUMDNMRJOHR01', 95, 'Sewa', 2015, 3),
(47, 7, '', '', 'Intel  Core   i5-6100 CPU @ 3.70GHz', 'DHCP', 'WSUMDNRJOH03L', 95, 'Sewa', 2015, 3),
(48, 7, '', '', 'Intel  Core   i5-6100 CPU @ 3.70GHz', 'DHCP', 'WSUMDNRJOH02L', 95, 'Sewa', 2015, 3),
(49, 7, '', '', 'Intel  Core   i5-6100 CPU @ 3.70GHz', 'DHCP', 'WSUMDNRJOH04L', 95, 'Sewa', 2015, 3),
(50, 7, '', '', 'Intel  Core   i5-6100 CPU @ 3.70GHz', 'DHCP', 'WSUMDNRSEL04-L', 92, 'Sewa', 2015, 3),
(51, 7, '', '', 'Intel  Core   i5-6100 CPU @ 3.70GHz', 'DHCP', 'WSUMDNMRMDNSLTN', 92, 'Sewa', 2015, 3),
(52, 7, '', '', 'Intel  Core   i5-6100 CPU @ 3.70GHz', 'DHCP', 'WSUMDNRSUN03L', 92, 'Sewa', 2015, 3),
(53, 7, '', '', 'Intel  Core   i5-6100 CPU @ 3.70GHz', 'DHCP', 'WSUMDNRKOT01L', 100, 'Sewa', 2015, 3),
(54, 7, '', '', 'Intel  Core   i5-6100 CPU @ 3.70GHz', 'DHCP', 'WSUMDNRKOT02L', 100, 'Sewa', 2015, 3),
(55, 7, '', '', 'Intel  Core   i5-6100 CPU @ 3.70GHz', 'DHCP', 'WSUMDNRKOT04L', 100, 'Sewa', 2015, 3),
(56, 7, '', '', 'Intel  Core   i5-6100 CPU @ 3.70GHz', 'DHCP', 'WSUMDNRKOT03L', 100, 'Sewa', 2015, 3),
(57, 7, '', '', 'Intel  Core   i5-6100 CPU @ 3.70GHz', 'DHCP', 'WSUMDNRBAR01L', 91, 'Sewa', 2015, 3),
(58, 7, '', '', 'Intel  Core   i5-6100 CPU @ 3.70GHz', 'DHCP', 'WSUMDNRBAR02L', 91, 'Sewa', 2015, 3),
(59, 7, '', '', 'Intel  Core   i5-6100 CPU @ 3.70GHz', 'DHCP', 'WSUMDNRBAR04L', 91, 'Sewa', 2015, 3),
(60, 7, '', '', 'Intel  Core   i5-6100 CPU @ 3.70GHz', 'DHCP', 'WSUMDNRBAR03L', 91, 'Sewa', 2015, 3),
(61, 7, '', '', 'Intel  Core   i5-6100 CPU @ 3.70GHz', 'DHCP', 'WSUKWL', 6, 'Sewa', 2015, 3),
(62, 7, '', '', 'Intel  Core   i5-6100 CPU @ 3.70GHz', 'DHCP', 'WSUMDNAPAD01L', 6, 'Sewa', 2015, 3),
(63, 7, '', '', 'Intel  Core   i5-6100 CPU @ 3.70GHz', 'DHCP', 'WSUPKMRGLG04L', 6, 'Sewa', 2015, 3),
(64, 7, '', '', 'Intel  Core   i5-6100 CPU @ 3.70GHz', 'DHCP', 'WSUPKMSPVDENAI1', 6, 'Sewa', 2015, 3),
(65, 7, '', '', 'Intel  Core   i5-6100 CPU @ 3.70GHz', 'DHCP', 'WSUMDNRBEL03L', 6, 'Sewa', 2015, 3),
(66, 7, '', '', 'Intel  Core   i5-6100 CPU @ 3.70GHz', 'DHCP', 'WSUMDNRLAB06P', 94, 'Sewa', 2015, 3),
(67, 7, '', '', 'Intel  Core   i5-6100 CPU @ 3.70GHz', 'DHCP', 'WSUMDNSPVLBH02', 94, 'Sewa', 2015, 3),
(68, 7, '', '', 'Intel  Core   i5-6100 CPU @ 3.70GHz', 'DHCP', 'WSUMDNMRLBHN', 94, 'Sewa', 2015, 3),
(69, 7, '', '', 'Intel  Core   i5-6100 CPU @ 3.70GHz', 'DHCP', 'WSUMDNRLAB02L', 94, 'Sewa', 2015, 3),
(70, 7, '', '', 'Intel  Core   i5-6100 CPU @ 3.70GHz', 'DHCP', 'WSUMDNSPVBLWN01', 89, 'Sewa', 2015, 3),
(71, 7, '', '', 'Intel  Core   i5-6100 CPU @ 3.70GHz', 'DHCP', 'WSUMDNRBEL04L', 89, 'Sewa', 2015, 3),
(72, 7, '', '', 'Intel  Core   i5-6100 CPU @ 3.70GHz', 'DHCP', 'WSUMDNRBEL01L', 89, 'Sewa', 2015, 3),
(73, 7, '', '', 'Intel  Core   i5-6100 CPU @ 3.70GHz', 'DHCP', 'WSUMDNR_HLVT', 90, 'Sewa', 2015, 3),
(74, 7, '', '', 'Intel  Core   i5-6100 CPU @ 3.70GHz', 'DHCP', 'WSUMDNSPVHLVT01', 90, 'Sewa', 2015, 3),
(75, 7, '', '', 'Intel  Core   i5-6100 CPU @ 3.70GHz', 'DHCP', 'WSUMDNRHEL02L', 90, 'Sewa', 2015, 3),
(76, 7, '', '', 'Intel  Core   i5-6100 CPU @ 3.70GHz', 'DHCP', 'WSUMDNSPVHLVT02', 90, 'Sewa', 2015, 3),
(77, 7, '', '', 'Intel  Core   i5-6100 CPU @ 3.70GHz', 'DHCP', 'WSUMDNRTIM01L', 93, 'Sewa', 2015, 3),
(78, 7, '', '', 'Intel  Core   i5-6100 CPU @ 3.70GHz', 'DHCP', 'WSUMDNRTIM02L', 93, 'Sewa', 2015, 3),
(79, 7, '', '', 'Intel  Core   i5-6100 CPU @ 3.70GHz', 'DHCP', 'WSUMDNSPVMDNTMR01', 93, 'Sewa', 2015, 3),
(80, 7, '', '', 'Intel  Core   i5-6100 CPU @ 3.70GHz', 'DHCP', 'WSULBKPKM01', 28, 'Sewa', 2015, 3),
(81, 7, '', '', 'Intel  Core   i5-6100 CPU @ 3.70GHz', 'DHCP', 'WSULBKPKM02', 28, 'Sewa', 2015, 3),
(82, 7, '', '', 'Intel  Core   i5-6100 CPU @ 3.70GHz', 'DHCP', 'WSULBKPKM03', 28, 'Sewa', 2015, 3),
(83, 7, '', '', 'Intel  Core   i5-6100 CPU @ 3.70GHz', 'DHCP', 'WSULBKPKM04', 28, 'Sewa', 2015, 3),
(84, 7, '', '', 'Intel  Core   i5-6100 CPU @ 3.70GHz', 'DHCP', 'WSULBKPKM05', 28, 'Sewa', 2015, 3),
(85, 7, '', '', 'Intel  Core   i5-6100 CPU @ 3.70GHz', 'DHCP', 'WSULBKPKM06', 28, 'Sewa', 2015, 3),
(86, 7, '', '', 'Intel  Core   i5-6100 CPU @ 3.70GHz', 'DHCP', 'WSULBKPKM07', 26, 'Sewa', 2015, 3),
(87, 7, '', '', 'Intel  Core   i5-6100 CPU @ 3.70GHz', 'DHCP', 'WSULBKPKM08', 26, 'Sewa', 2015, 3),
(88, 7, '', '', 'Intel  Core   i5-6100 CPU @ 3.70GHz', 'DHCP', 'WSULBKPKM09', 26, 'Sewa', 2015, 3),
(89, 7, '', '', 'Intel  Core   i5-6100 CPU @ 3.70GHz', 'DHCP', 'WSULBKPKM10', 26, 'Sewa', 2015, 3),
(90, 7, '', '', 'Intel  Core   i5-6100 CPU @ 3.70GHz', 'DHCP', 'WSULBKPKM11', 27, 'Sewa', 2015, 3),
(91, 7, '', '', 'Intel  Core   i5-6100 CPU @ 3.70GHz', 'DHCP', 'WSULBKPKM12', 27, 'Sewa', 2015, 3),
(92, 7, '', '', 'Intel  Core   i5-6100 CPU @ 3.70GHz', 'DHCP', 'WSULBKPKM13', 27, 'Sewa', 2015, 3),
(93, 7, '', '', 'Intel  Core   i5-6100 CPU @ 3.70GHz', 'DHCP', 'WSULBKPKM14', 27, 'Sewa', 2015, 3),
(94, 7, '', '', 'Intel  Core   i5-6100 CPU @ 3.70GHz', 'DHCP', 'WSULBKPKM15', 97, 'Sewa', 2015, 3),
(95, 7, '', '', 'Intel  Core   i5-6100 CPU @ 3.70GHz', 'DHCP', 'WSULBKPKM16', 97, 'Sewa', 2015, 3),
(96, 7, '', '', 'Intel  Core   i5-6100 CPU @ 3.70GHz', 'DHCP', 'WSULBKPKM17', 97, 'Sewa', 2015, 3),
(97, 7, '', '', 'Intel  Core   i5-6100 CPU @ 3.70GHz', 'DHCP', 'WSULBKPKM18', 97, 'Sewa', 2015, 3),
(98, 7, '', '', 'Intel  Core   i5-6100 CPU @ 3.70GHz', 'DHCP', 'WSULBKPKM19', 29, 'Sewa', 2015, 3),
(99, 7, '', '', 'Intel  Core   i5-6100 CPU @ 3.70GHz', 'DHCP', 'WSULBKPKM20', 29, 'Sewa', 2015, 3),
(100, 7, '', '', 'Intel  Core   i5-6100 CPU @ 3.70GHz', 'DHCP', 'WSULBKPKM21', 29, 'Sewa', 2015, 3),
(101, 7, '', '', 'Intel  Core   i5-6100 CPU @ 3.70GHz', 'DHCP', 'WSULBKPKM22', 29, 'Sewa', 2015, 3),
(102, 7, '', '', 'Intel  Core   i5-6100 CPU @ 3.70GHz', 'DHCP', 'WSULBKPKM23', 30, 'Sewa', 2015, 3),
(103, 7, '', '', 'Intel  Core   i5-6100 CPU @ 3.70GHz', 'DHCP', 'WSULBKPKM24', 30, 'Sewa', 2015, 3),
(104, 7, '', '', 'Intel  Core   i5-6100 CPU @ 3.70GHz', 'DHCP', 'WSULBKPKM25', 30, 'Sewa', 2015, 3),
(105, 7, '', '', 'Intel  Core   i5-6100 CPU @ 3.70GHz', 'DHCP', 'WSULBKPKM26', 30, 'Sewa', 2015, 3),
(106, 7, '', '', 'Intel  Core   i5-6100 CPU @ 3.70GHz', 'DHCP', 'WSULBKPKM27', 98, 'Sewa', 2015, 3),
(107, 7, '', '', 'Intel  Core   i5-6100 CPU @ 3.70GHz', 'DHCP', 'WSULBKPKM28', 98, 'Sewa', 2015, 3),
(108, 7, '', '', 'Intel  Core   i5-6100 CPU @ 3.70GHz', 'DHCP', 'WSULBKPKM29', 98, 'Sewa', 2015, 3),
(109, 7, '', '', 'Intel  Core   i5-6100 CPU @ 3.70GHz', 'DHCP', 'WSULBKPKM30', 98, 'Sewa', 2015, 3),
(110, 7, '', '', 'Intel  Core   i5-6100 CPU @ 3.70GHz', 'DHCP', 'WSULBKPKM31', 99, 'Sewa', 2015, 3),
(111, 7, '', '', 'Intel  Core   i5-6100 CPU @ 3.70GHz', 'DHCP', 'WSULBKPKM32', 99, 'Sewa', 2015, 3),
(112, 7, '', '', 'Intel  Core   i5-6100 CPU @ 3.70GHz', 'DHCP', 'WSULBKPKM33', 99, 'Sewa', 2015, 3),
(113, 7, '', '', 'Intel  Core   i5-6100 CPU @ 3.70GHz', 'DHCP', 'WSULBKPKM34', 99, 'Sewa', 2015, 3),
(114, 7, '', '', 'Intel  Core   i5-6100 CPU @ 3.70GHz', 'DHCP', 'WSUBJIAPAD02L', 2, 'Sewa', 2015, 3),
(115, 7, '', '', 'Intel  Core   i5-6100 CPU @ 3.70GHz', 'DHCP', 'WSUBJIAREN01L', 2, 'Sewa', 2015, 3),
(116, 7, '', '', 'Intel  Core   i5-6100 CPU @ 3.70GHz', 'DHCP', 'WSUBJIAPAD01L', 2, 'Sewa', 2015, 3),
(117, 7, '', '', 'Intel  Core   i5-6100 CPU @ 3.70GHz', 'DHCP', 'WSUBJIATEL01L', 2, 'Sewa', 2015, 3),
(118, 7, '', '', 'Intel  Core   i5-6100 CPU @ 3.70GHz', 'DHCP', 'WSUBJIAMA01L', 2, 'Sewa', 2015, 3),
(119, 7, '', '', 'Intel  Core   i5-6100 CPU @ 3.70GHz', 'DHCP', 'WSUBJIAJAR01L', 2, 'Sewa', 2015, 3),
(120, 7, '', '', 'Intel  Core   i5-6100 CPU @ 3.70GHz', 'DHCP', 'WSUKWASMANPADBJI', 2, 'Sewa', 2015, 3),
(121, 7, '', '', 'Intel  Core   i5-6100 CPU @ 3.70GHz', 'DHCP', 'WSUBJIRBRT01L', 13, 'Sewa', 2015, 3),
(122, 7, '', '', 'Intel  Core   i5-6100 CPU @ 3.70GHz', 'DHCP', 'WSUBJIRBRT03L', 13, 'Sewa', 2015, 3),
(123, 7, '', '', 'Intel  Core   i5-6100 CPU @ 3.70GHz', 'DHCP', 'WSUBJIRBRT04L', 13, 'Sewa', 2015, 3),
(124, 7, '', '', 'Intel  Core   i5-6100 CPU @ 3.70GHz', 'DHCP', 'WSUBJIRKOT01L', 12, 'Sewa', 2015, 3),
(125, 7, '', '', 'Intel  Core   i5-6100 CPU @ 3.70GHz', 'DHCP', 'WSUBJIRKOT02L', 12, 'Sewa', 2015, 3),
(126, 7, '', '', 'Intel  Core   i5-6100 CPU @ 3.70GHz', 'DHCP', 'WSUBJIRKOT03L', 12, 'Sewa', 2015, 3),
(127, 7, '', '', 'Intel  Core   i5-6100 CPU @ 3.70GHz', 'DHCP', 'WSUBJIRKOT04L', 12, 'Sewa', 2015, 3),
(128, 7, '', '', 'Intel  Core   i5-6100 CPU @ 3.70GHz', 'DHCP', 'WSUBJITMR02L', 14, 'Sewa', 2015, 3),
(129, 7, '', '', 'Intel  Core   i5-6100 CPU @ 3.70GHz', 'DHCP', 'WSUBJIRPBD01L', 14, 'Sewa', 2015, 3),
(130, 7, '', '', 'Intel  Core   i5-6100 CPU @ 3.70GHz', 'DHCP', 'WSUBJIRTMR03L', 14, 'Sewa', 2015, 3),
(131, 7, '', '', 'Intel  Core   i5-6100 CPU @ 3.70GHz', 'DHCP', 'WSUBJIRGBG01L', 15, 'Sewa', 2015, 3),
(132, 7, '', '', 'Intel  Core   i5-6100 CPU @ 3.70GHz', 'DHCP', 'WSUBJIRGBG04L', 15, 'Sewa', 2015, 3),
(133, 7, '', '', 'Intel  Core   i5-6100 CPU @ 3.70GHz', 'DHCP', 'WSUBJIRGBG02L', 15, 'Sewa', 2015, 3),
(134, 7, '', '', 'Intel  Core   i5-6100 CPU @ 3.70GHz', 'DHCP', 'WSUBJIRGBG03L', 15, 'Sewa', 2015, 3),
(135, 7, '', '', 'Intel  Core   i5-6100 CPU @ 3.70GHz', 'DHCP', 'WSUBJIRPBD01L', 16, 'Sewa', 2015, 3),
(136, 7, '', '', 'Intel  Core   i5-6100 CPU @ 3.70GHz', 'DHCP', 'WSUBJIRPBD02L', 16, 'Sewa', 2015, 3),
(137, 7, '', '', 'Intel  Core   i5-6100 CPU @ 3.70GHz', 'DHCP', 'WSUBJIRPBD03L', 16, 'Sewa', 2015, 3),
(138, 7, '', '', 'Intel  Core   i5-6100 CPU @ 3.70GHz', 'DHCP', 'WSUBJIRPSS01L', 17, 'Sewa', 2015, 3),
(139, 7, '', '', 'Intel  Core   i5-6100 CPU @ 3.70GHz', 'DHCP', 'WSUBJIRPSS04L', 17, 'Sewa', 2015, 3),
(140, 7, '', '', 'Intel  Core   i5-6100 CPU @ 3.70GHz', 'DHCP', 'WSUBJIRPSS03L', 17, 'Sewa', 2015, 3),
(141, 7, '', '', 'Intel  Core   i5-6100 CPU @ 3.70GHz', 'DHCP', 'WSUBJIRPSS02L', 17, 'Sewa', 2015, 3),
(142, 7, '', '', 'Intel  Core   i5-6100 CPU @ 3.70GHz', 'DHCP', 'WSUBJIRSTB01L', 18, 'Sewa', 2015, 3),
(143, 7, '', '', 'Intel  Core   i5-6100 CPU @ 3.70GHz', 'DHCP', 'WSUBJIRSTB02L', 18, 'Sewa', 2015, 3),
(144, 7, '', '', 'Intel  Core   i5-6100 CPU @ 3.70GHz', 'DHCP', 'WSUBJIRSTB03L', 18, 'Sewa', 2015, 3),
(145, 7, '', '', 'Intel  Core   i5-6100 CPU @ 3.70GHz', 'DHCP', 'WSUBJIRSTB04L', 18, 'Sewa', 2015, 3),
(146, 7, '', '', 'Intel  Core   i5-6100 CPU @ 3.70GHz', 'DHCP', 'WSUBJIRTJP01L', 19, 'Sewa', 2015, 3),
(147, 7, '', '', 'Intel  Core   i5-6100 CPU @ 3.70GHz', 'DHCP', 'WSUBJIRTJP02L', 19, 'Sewa', 2015, 3),
(148, 7, '', '', 'Intel  Core   i5-6100 CPU @ 3.70GHz', 'DHCP', 'WSUBJIRTJP03L', 19, 'Sewa', 2015, 3),
(149, 7, '', '', 'Intel  Core   i5-6100 CPU @ 3.70GHz', 'DHCP', 'WSUBJIRTJP04L', 19, 'Sewa', 2015, 3),
(150, 7, '', '', 'Intel  Core   i5-6100 CPU @ 3.70GHz', 'DHCP', 'WSUBJIRBRS02L', 20, 'Sewa', 2015, 3),
(151, 7, '', '', 'Intel  Core   i5-6100 CPU @ 3.70GHz', 'DHCP', 'WSUBJIRBRS04L', 20, 'Sewa', 2015, 3),
(152, 7, '', '', 'Intel  Core   i5-6100 CPU @ 3.70GHz', 'DHCP', 'WSUBJIRBRS01L', 20, 'Sewa', 2015, 3),
(153, 7, '', '', 'Intel  Core   i5-6100 CPU @ 3.70GHz', 'DHCP', 'WSUBJIRBRS03L', 20, 'Sewa', 2015, 3),
(154, 7, '', '', 'Intel  Core   i5-6100 CPU @ 3.70GHz', 'DHCP', 'WSUBJIRKBJ01L', 22, 'Sewa', 2015, 3),
(155, 7, '', '', 'Intel  Core   i5-6100 CPU @ 3.70GHz', 'DHCP', 'WSUBJIRKBJ04L', 22, 'Sewa', 2015, 3),
(156, 7, '', '', 'Intel  Core   i5-6100 CPU @ 3.70GHz', 'DHCP', 'WSUBJIRKBJ03L', 22, 'Sewa', 2015, 3),
(157, 7, '', '', 'Intel  Core   i5-6100 CPU @ 3.70GHz', 'DHCP', 'WSUBJIRKBJ02L', 22, 'Sewa', 2015, 3),
(158, 7, '', '', 'Intel  Core   i5-6100 CPU @ 3.70GHz', 'DHCP', 'WSUBJIRKUAL01L', 21, 'Sewa', 2015, 3),
(159, 7, '', '', 'Intel  Core   i5-6100 CPU @ 3.70GHz', 'DHCP', 'WSUBJIRKUAL03L', 21, 'Sewa', 2015, 3),
(160, 7, '', '', 'Intel  Core   i5-6100 CPU @ 3.70GHz', 'DHCP', 'WSUBJIRKUAL04L', 21, 'Sewa', 2015, 3),
(161, 7, '', '', 'Intel  Core   i5-6100 CPU @ 3.70GHz', 'DHCP', 'WSUBJIRKUAL02L', 21, 'Sewa', 2015, 3),
(162, 7, '', '', 'Intel  Core   i5-6100 CPU @ 3.70GHz', 'DHCP', 'WSUBJIROABA01', 25, 'Sewa', 2015, 3),
(163, 7, '', '', 'Intel  Core   i5-6100 CPU @ 3.70GHz', 'DHCP', 'WSUBJIROABA02', 25, 'Sewa', 2015, 3),
(164, 7, '', '', 'Intel  Core   i5-6100 CPU @ 3.70GHz', 'DHCP', 'WSUBJIROABA03', 25, 'Sewa', 2015, 3),
(165, 7, '', '', 'Intel  Core   i5-6100 CPU @ 3.70GHz', 'DHCP', 'WSUBJJIRSDK01L', 24, 'Sewa', 2015, 3),
(166, 7, '', '', 'Intel  Core   i5-6100 CPU @ 3.70GHz', 'DHCP', 'WSUBJIRSDK04L', 24, 'Sewa', 2015, 3),
(167, 7, '', '', 'Intel  Core   i5-6100 CPU @ 3.70GHz', 'DHCP', 'WSUBJIRSDK02L', 24, 'Sewa', 2015, 3),
(168, 7, '', '', 'Intel  Core   i5-6100 CPU @ 3.70GHz', 'DHCP', 'WSUBJIRSDK03L', 24, 'Sewa', 2015, 3),
(169, 7, '', '', 'Intel  Core   i5-6100 CPU @ 3.70GHz', 'DHCP', 'WSUBJIRTGB04L', 23, 'Sewa', 2015, 3),
(170, 7, '', '', 'Intel  Core   i5-6100 CPU @ 3.70GHz', 'DHCP', 'WSUBJIRTGB02L', 23, 'Sewa', 2015, 3),
(171, 7, '', '', 'Intel  Core   i5-6100 CPU @ 3.70GHz', 'DHCP', 'WSUBJIRTGB03L', 23, 'Sewa', 2015, 3),
(172, 7, '', '', 'Intel  Core   i5-6100 CPU @ 3.70GHz', 'DHCP', 'WSUKWMAPMS1', 9, 'Sewa', 2015, 3),
(173, 7, '', '', 'Intel  Core   i5-6100 CPU @ 3.70GHz', 'DHCP', 'WSUKWASMNPADPMS', 9, 'Sewa', 2015, 3),
(174, 7, '', '', 'Intel  Core   i5-6100 CPU @ 3.70GHz', 'DHCP', 'WSUKWASMNTELPMS', 9, 'Sewa', 2015, 3),
(175, 7, '', '', 'Intel  Core   i5-6100 CPU @ 3.70GHz', 'DHCP', 'WSUKWLMAGA01L', 9, 'Sewa', 2015, 3),
(176, 7, '', '', 'Intel  Core   i5-6100 CPU @ 3.70GHz', 'DHCP', 'WSUKWASMNJARPMS', 9, 'Sewa', 2015, 3),
(177, 7, '', '', 'Intel  Core   i5-6100 CPU @ 3.70GHz', 'DHCP', 'WSUSTRAPAD01L', 9, 'Sewa', 2015, 3),
(178, 7, '', '', 'Intel  Core   i5-6100 CPU @ 3.70GHz', 'DHCP', 'WSUSTRAPAD02LU', 9, 'Sewa', 2015, 3),
(179, 7, '', '', 'Intel  Core   i5-6100 CPU @ 3.70GHz', 'DHCP', 'WSUSTRRKOT02L', 60, 'Sewa', 2015, 3),
(180, 7, '', '', 'Intel  Core   i5-6100 CPU @ 3.70GHz', 'DHCP', 'WSUSTRRKOT01L ', 60, 'Sewa', 2015, 3),
(181, 7, '', '', 'Intel  Core   i5-6100 CPU @ 3.70GHz', 'DHCP', 'WSUSTRRKOT03L', 60, 'Sewa', 2015, 3),
(182, 7, '', '', 'Intel  Core   i5-6100 CPU @ 3.70GHz', 'DHCP', 'WSUSTRRKOT04L', 60, 'Sewa', 2015, 3),
(183, 7, '', '', 'Intel  Core   i5-6100 CPU @ 3.70GHz', 'DHCP', 'WSUSTRRTBT01L', 64, 'Sewa', 2015, 3),
(184, 7, '', '', 'Intel  Core   i5-6100 CPU @ 3.70GHz', 'DHCP', 'WSUSTRRTBT02L', 64, 'Sewa', 2015, 3),
(185, 7, '', '', 'Intel  Core   i5-6100 CPU @ 3.70GHz', 'DHCP', 'WSUSTRRTBT03L', 64, 'Sewa', 2015, 3),
(186, 7, '', '', 'Intel  Core   i5-6100 CPU @ 3.70GHz', 'DHCP', 'WSUSTRRKSR01L', 56, 'Sewa', 2015, 3),
(187, 7, '', '', 'Intel  Core   i5-6100 CPU @ 3.70GHz', 'DHCP', 'WSUSTRRKSR02L', 56, 'Sewa', 2015, 3),
(188, 7, '', '', 'Intel  Core   i5-6100 CPU @ 3.70GHz', 'DHCP', 'WSUSTRRKSR03L', 56, 'Sewa', 2015, 3),
(189, 7, '', '', 'Intel  Core   i5-6100 CPU @ 3.70GHz', 'DHCP', 'WSUSTRRKSR04L', 56, 'Sewa', 2015, 3),
(190, 7, '', '', 'Intel  Core   i5-6100 CPU @ 3.70GHz', 'DHCP', 'WSUSTRRPER01L', 59, 'Sewa', 2015, 3),
(191, 7, '', '', 'Intel  Core   i5-6100 CPU @ 3.70GHz', 'DHCP', 'WSUSTRRPER02L', 59, 'Sewa', 2015, 3),
(192, 7, '', '', 'Intel  Core   i5-6100 CPU @ 3.70GHz', 'DHCP', 'WSUSTRRPER03L', 59, 'Sewa', 2015, 3),
(193, 7, '', '', 'Intel  Core   i5-6100 CPU @ 3.70GHz', 'DHCP', 'WSUSTRRPER04L', 59, 'Sewa', 2015, 3),
(194, 7, '', '', 'Intel  Core   i5-6100 CPU @ 3.70GHz', 'DHCP', 'WSUSTRRPRP01L', 58, 'Sewa', 2015, 3),
(195, 7, '', '', 'Intel  Core   i5-6100 CPU @ 3.70GHz', 'DHCP', 'WSUSTRRPRP02L', 58, 'Sewa', 2015, 3),
(196, 7, '', '', 'Intel  Core   i5-6100 CPU @ 3.70GHz', 'DHCP', 'WSUSTRRPRP03L', 58, 'Sewa', 2015, 3),
(197, 7, '', '', 'Intel  Core   i5-6100 CPU @ 3.70GHz', 'DHCP', 'WSUSTRRPRP04L', 58, 'Sewa', 2015, 3),
(198, 7, '', '', 'Intel  Core   i5-6100 CPU @ 3.70GHz', 'DHCP', 'WSUSTRRTTR01L', 63, 'Sewa', 2015, 3),
(199, 7, '', '', 'Intel  Core   i5-6100 CPU @ 3.70GHz', 'DHCP', 'WSUSTRRTTR02L', 63, 'Sewa', 2015, 3),
(200, 7, '', '', 'Intel  Core   i5-6100 CPU @ 3.70GHz', 'DHCP', 'WSUSTRRTTR03L', 63, 'Sewa', 2015, 3),
(201, 7, '', '', 'Intel  Core   i5-6100 CPU @ 3.70GHz', 'DHCP', 'WSUSTRRTTR04L', 63, 'Sewa', 2015, 3),
(202, 7, '', '', 'Intel  Core   i5-6100 CPU @ 3.70GHz', 'DHCP', 'WSUSTRRSDM01L', 61, 'Sewa', 2015, 3),
(203, 7, '', '', 'Intel  Core   i5-6100 CPU @ 3.70GHz', 'DHCP', 'WSUSTRRSDM02L', 61, 'Sewa', 2015, 3),
(204, 7, '', '', 'Intel  Core   i5-6100 CPU @ 3.70GHz', 'DHCP', 'WSUSTRRSDM03L', 61, 'Sewa', 2015, 3),
(205, 7, '', '', 'Intel  Core   i5-6100 CPU @ 3.70GHz', 'DHCP', 'WSUSTRRSDM04L', 61, 'Sewa', 2015, 3),
(206, 7, '', '', 'Intel  Core   i5-6100 CPU @ 3.70GHz', 'DHCP', 'WSUSTRRIDP01L ', 55, 'Sewa', 2015, 3),
(207, 7, '', '', 'Intel  Core   i5-6100 CPU @ 3.70GHz', 'DHCP', 'WSUSTRRIDP04-L', 55, 'Sewa', 2015, 3),
(208, 7, '', '', 'Intel  Core   i5-6100 CPU @ 3.70GHz', 'DHCP', 'WSUSTRRIDP02L', 55, 'Sewa', 2015, 3),
(209, 7, '', '', 'Intel  Core   i5-6100 CPU @ 3.70GHz', 'DHCP', 'WSUSTRRIDP03-L', 55, 'Sewa', 2015, 3),
(210, 7, '', '', 'Intel  Core   i5-6100 CPU @ 3.70GHz', 'DHCP', 'WSUSTRRTJW-01L', 62, 'Sewa', 2015, 3),
(211, 7, '', '', 'Intel  Core   i5-6100 CPU @ 3.70GHz', 'DHCP', 'WSUSTRRTJW04L', 62, 'Sewa', 2015, 3),
(212, 7, '', '', 'Intel  Core   i5-6100 CPU @ 3.70GHz', 'DHCP', 'WSUSTRRTJW02L', 62, 'Sewa', 2015, 3),
(213, 7, '', '', 'Intel  Core   i5-6100 CPU @ 3.70GHz', 'DHCP', 'WSUSTRRTJW03L', 62, 'Sewa', 2015, 3),
(214, 7, '', '', 'Intel  Core   i5-6100 CPU @ 3.70GHz', 'DHCP', 'WSUSTRRPGG01L', 57, 'Sewa', 2015, 3),
(215, 7, '', '', 'Intel  Core   i5-6100 CPU @ 3.70GHz', 'DHCP', 'WSUSTRRPGG02L', 57, 'Sewa', 2015, 3),
(216, 7, '', '', 'Intel  Core   i5-6100 CPU @ 3.70GHz', 'DHCP', 'WSUSTRRPGG03L', 57, 'Sewa', 2015, 3),
(217, 7, '', '', 'Intel  Core   i5-6100 CPU @ 3.70GHz', 'DHCP', 'WSUSTRRPGG04L', 57, 'Sewa', 2015, 3),
(218, 7, '', '', 'Intel  Core   i5-6100 CPU @ 3.70GHz', 'DHCP', 'WSUSTRRDMS01L', 54, 'Sewa', 2015, 3),
(219, 7, '', '', 'Intel  Core   i5-6100 CPU @ 3.70GHz', 'DHCP', 'WSUSTRRDMS02L', 54, 'Sewa', 2015, 3),
(220, 7, '', '', 'Intel  Core   i5-6100 CPU @ 3.70GHz', 'DHCP', 'WSUSTRRDMS03L', 54, 'Sewa', 2015, 3),
(221, 7, '', '', 'Intel  Core   i5-6100 CPU @ 3.70GHz', 'DHCP', 'WSUSTRRDMS-04L', 54, 'Sewa', 2015, 3),
(222, 7, '', '', 'Intel  Core   i5-6100 CPU @ 3.70GHz', 'DHCP', 'WSUSTRRTBT06L', 65, 'Sewa', 2015, 3),
(223, 7, '', '', 'Intel  Core   i5-6100 CPU @ 3.70GHz', 'DHCP', 'WSURTPRKPI01L', 69, 'Sewa', 2015, 3),
(224, 7, '', '', 'Intel  Core   i5-6100 CPU @ 3.70GHz', 'DHCP', 'WSURTPRKPI03L', 69, 'Sewa', 2015, 3),
(225, 7, '', '', 'Intel  Core   i5-6100 CPU @ 3.70GHz', 'DHCP', 'WSURTPRKPI04L', 69, 'Sewa', 2015, 3),
(226, 7, '', '', 'Intel  Core   i5-6100 CPU @ 3.70GHz', 'DHCP', 'WSURTPRKPI02L', 69, 'Sewa', 2015, 3),
(227, 7, '', '', 'Intel  Core   i5-6100 CPU @ 3.70GHz', 'DHCP', 'WSURTPRANB03L', 68, 'Sewa', 2015, 3),
(228, 7, '', '', 'Intel  Core   i5-6100 CPU @ 3.70GHz', 'DHCP', 'WSURTPRANB01L', 68, 'Sewa', 2015, 3),
(229, 7, '', '', 'Intel  Core   i5-6100 CPU @ 3.70GHz', 'DHCP', 'WSURTPRANB04L', 68, 'Sewa', 2015, 3),
(230, 7, '', '', 'Intel  Core   i5-6100 CPU @ 3.70GHz', 'DHCP', 'WSURTPRANB02L', 68, 'Sewa', 2015, 3),
(231, 7, '', '', 'Intel  Core   i5-6100 CPU @ 3.70GHz', 'DHCP', 'WSURTPRLBB01L', 70, 'Sewa', 2015, 3),
(232, 7, '', '', 'Intel  Core   i5-6100 CPU @ 3.70GHz', 'DHCP', 'WSURTPRLBB02L', 70, 'Sewa', 2015, 3),
(233, 7, '', '', 'Intel  Core   i5-6100 CPU @ 3.70GHz', 'DHCP', 'WSURTPRLBB03L', 70, 'Sewa', 2015, 3),
(234, 7, '', '', 'Intel  Core   i5-6100 CPU @ 3.70GHz', 'DHCP', 'WSURTPRTJB04L', 70, 'Sewa', 2015, 3),
(235, 7, '', '', 'Intel  Core   i5-6100 CPU @ 3.70GHz', 'DHCP', 'WSURTPRTJB01L', 72, 'Sewa', 2015, 3),
(236, 7, '', '', 'Intel  Core   i5-6100 CPU @ 3.70GHz', 'DHCP', 'WSURTPRTJB02L', 72, 'Sewa', 2015, 3),
(237, 7, '', '', 'Intel  Core   i5-6100 CPU @ 3.70GHz', 'DHCP', 'WSURTPRTJB04L', 72, 'Sewa', 2015, 3),
(238, 7, '', '', 'Intel  Core   i5-6100 CPU @ 3.70GHz', 'DHCP', 'WSURTPRTJB03L', 72, 'Sewa', 2015, 3),
(239, 7, '', '', 'Intel  Core   i5-6100 CPU @ 3.70GHz', 'DHCP', 'WSURTPRAKN01L', 66, 'Sewa', 2015, 3),
(240, 7, '', '', 'Intel  Core   i5-6100 CPU @ 3.70GHz', 'DHCP', 'WSURTPRAKN02L', 66, 'Sewa', 2015, 3),
(241, 7, '', '', 'Intel  Core   i5-6100 CPU @ 3.70GHz', 'DHCP', 'WSURTPRAKN04L', 66, 'Sewa', 2015, 3),
(242, 7, '', '', 'Intel  Core   i5-6100 CPU @ 3.70GHz', 'DHCP', 'WSURTPRAKN03L', 66, 'Sewa', 2015, 3),
(243, 7, '', '', 'Intel  Core   i5-6100 CPU @ 3.70GHz', 'DHCP', 'WSURTPRAKB01L', 67, 'Sewa', 2015, 3),
(244, 7, '', '', 'Intel  Core   i5-6100 CPU @ 3.70GHz', 'DHCP', 'WSURTPRAKB02L', 67, 'Sewa', 2015, 3),
(245, 7, '', '', 'Intel  Core   i5-6100 CPU @ 3.70GHz', 'DHCP', 'WSURTPRAKB04L', 67, 'Sewa', 2015, 3),
(246, 7, '', '', 'Intel  Core   i5-6100 CPU @ 3.70GHz', 'DHCP', 'WSURTPRAKB03L', 67, 'Sewa', 2015, 3),
(247, 7, '', '', 'Intel  Core   i5-6100 CPU @ 3.70GHz', 'DHCP', 'WSUKWMARTP01', 10, 'Sewa', 2015, 3),
(248, 7, '', '', 'Intel  Core   i5-6100 CPU @ 3.70GHz', 'DHCP', 'WSUKWASMNPADRTP', 10, 'Sewa', 2015, 3),
(249, 7, '', '', 'Intel  Core   i5-6100 CPU @ 3.70GHz', 'DHCP', 'WSURTPREN01L', 10, 'Sewa', 2015, 3),
(250, 7, '', '', 'Intel  Core   i5-6100 CPU @ 3.70GHz', 'DHCP', 'WSURTPAPAD02LU', 10, 'Sewa', 2015, 3),
(251, 7, '', '', 'Intel  Core   i5-6100 CPU @ 3.70GHz', 'DHCP', 'WSURTPRKOT01L', 101, 'Sewa', 2015, 3),
(252, 7, '', '', 'Intel  Core   i5-6100 CPU @ 3.70GHz', 'DHCP', 'WSURTPRKOT02L', 101, 'Sewa', 2015, 3),
(253, 7, '', '', 'Intel  Core   i5-6100 CPU @ 3.70GHz', 'DHCP', 'WSURTPRLPB04L', 101, 'Sewa', 2015, 3),
(254, 7, '', '', 'Intel  Core   i5-6100 CPU @ 3.70GHz', 'DHCP', 'WSURTPKOT03L', 101, 'Sewa', 2015, 3),
(255, 7, '', '', 'Intel  Core   i5-6100 CPU @ 3.70GHz', 'DHCP', 'WSUSBGAMA01P', 11, 'Sewa', 2015, 3),
(256, 7, '', '', 'Intel  Core   i5-6100 CPU @ 3.70GHz', 'DHCP', 'WSUSBGAASMANJAR', 11, 'Sewa', 2015, 3),
(257, 7, '', '', 'Intel  Core   i5-6100 CPU @ 3.70GHz', 'DHCP', 'WSUKWASMNTELSBG', 11, 'Sewa', 2015, 3),
(258, 7, '', '', 'Intel  Core   i5-6100 CPU @ 3.70GHz', 'DHCP', 'WSUSBGAASMANREN', 11, 'Sewa', 2015, 3),
(259, 7, '', '', 'Intel  Core   i5-6100 CPU @ 3.70GHz', 'DHCP', 'WSUSBGAPAD01L', 11, 'Sewa', 2015, 3),
(260, 7, '', '', 'Intel  Core   i5-6100 CPU @ 3.70GHz', 'DHCP', 'WSUSBGAPAD02L', 11, 'Sewa', 2015, 3),
(261, 7, '', '', 'Intel  Core   i5-6100 CPU @ 3.70GHz', 'DHCP', 'WSUKWMASBG', 11, 'Sewa', 2013, 3),
(262, 7, '', '', 'Intel  Core   i5-6100 CPU @ 3.70GHz', 'DHCP', 'WSUSBGRKOT04L', 78, 'Sewa', 2013, 3),
(263, 7, '', '', 'Intel  Core   i5-6100 CPU @ 3.70GHz', 'DHCP', 'WSUSBGRKOT03L', 78, 'Sewa', 2013, 3),
(264, 7, '', '', 'Intel  Core   i5-6100 CPU @ 3.70GHz', 'DHCP', 'WSUSBGRKOT02L', 78, 'Sewa', 2013, 3),
(265, 7, '', '', 'Intel  Core   i5-6100 CPU @ 3.70GHz', 'DHCP', 'WSUSBGRKOT01L', 78, 'Sewa', 2013, 3),
(266, 7, '', '', 'Intel  Core   i5-6100 CPU @ 3.70GHz', 'DHCP', 'WSUSBGRBLG01L', 74, 'Sewa', 2013, 3),
(267, 7, '', '', 'Intel  Core   i5-6100 CPU @ 3.70GHz', 'DHCP', 'WSUSBGRBLG02L', 74, 'Sewa', 2013, 3),
(268, 7, '', '', 'Intel  Core   i5-6100 CPU @ 3.70GHz', 'DHCP', 'WSUSBGRBLG04L', 74, 'Sewa', 2013, 3),
(269, 7, '', '', 'Intel  Core   i5-6100 CPU @ 3.70GHz', 'DHCP', 'WSUSBGRBLG03L', 74, 'Sewa', 2013, 3),
(270, 7, '', '', 'Intel  Core   i5-6100 CPU @ 3.70GHz', 'DHCP', 'WSUSBGRPOR01L', 77, 'Sewa', 2013, 3),
(271, 7, '', '', 'Intel  Core   i5-6100 CPU @ 3.70GHz', 'DHCP', 'WSUSBGRPOR02L', 77, 'Sewa', 2013, 3),
(272, 7, '', '', 'Intel  Core   i5-6100 CPU @ 3.70GHz', 'DHCP', 'WSUSBGRPOR04L', 77, 'Sewa', 2013, 3),
(273, 7, '', '', 'Intel  Core   i5-6100 CPU @ 3.70GHz', 'DHCP', 'WSUSBGRPOR03L', 77, 'Sewa', 2013, 3),
(274, 7, '', '', 'Intel  Core   i5-6100 CPU @ 3.70GHz', 'DHCP', 'WSUSBGRTRT01L', 80, 'Sewa', 2013, 3),
(275, 7, '', '', 'Intel  Core   i5-6100 CPU @ 3.70GHz', 'DHCP', 'WSUSBGRTRT04L', 80, 'Sewa', 2013, 3),
(276, 7, '', '', 'Intel  Core   i5-6100 CPU @ 3.70GHz', 'DHCP', 'WSUSBGRTRT03L', 80, 'Sewa', 2013, 3),
(277, 7, '', '', 'Intel  Core   i5-6100 CPU @ 3.70GHz', 'DHCP', 'WSUSBGRTRT02L', 80, 'Sewa', 2013, 3),
(278, 7, '', '', 'Intel  Core   i5-6100 CPU @ 3.70GHz', 'DHCP', 'WSUSBGRSBR03L', 79, 'Sewa', 2013, 3),
(279, 7, '', '', 'Intel  Core   i5-6100 CPU @ 3.70GHz', 'DHCP', 'WSUNIAPGNS03L', 79, 'Sewa', 2013, 3),
(280, 7, '', '', 'Intel  Core   i5-6100 CPU @ 3.70GHz', 'DHCP', 'WSUSBGRSBR01L', 79, 'Sewa', 2013, 3),
(281, 7, '', '', 'Intel  Core   i5-6100 CPU @ 3.70GHz', 'DHCP', 'WSUSBGRSBR02L', 79, 'Sewa', 2013, 3),
(282, 7, '', '', 'Intel  Core   i5-6100 CPU @ 3.70GHz', 'DHCP', 'WSUSBGRBAR01L', 75, 'Sewa', 2013, 3),
(283, 7, '', '', 'Intel  Core   i5-6100 CPU @ 3.70GHz', 'DHCP', 'WSUSBGRBAR03L', 75, 'Sewa', 2013, 3),
(284, 7, '', '', 'Intel  Core   i5-6100 CPU @ 3.70GHz', 'DHCP', 'WSUSBGRBAR02L', 75, 'Sewa', 2013, 3),
(285, 7, '', '', 'Intel  Core   i5-6100 CPU @ 3.70GHz', 'DHCP', 'WSUSBGRBAR04L', 75, 'Sewa', 2013, 3),
(286, 7, '', '', 'Intel  Core   i5-6100 CPU @ 3.70GHz', 'DHCP', 'WSUSBGRDOL03L', 76, 'Sewa', 2013, 3),
(287, 7, '', '', 'Intel  Core   i5-6100 CPU @ 3.70GHz', 'DHCP', 'WSUSBGRDOL04L', 76, 'Sewa', 2013, 3),
(288, 7, '', '', 'Intel  Core   i5-6100 CPU @ 3.70GHz', 'DHCP', 'WSUSBGRDOL02L', 76, 'Sewa', 2013, 3),
(289, 7, '', '', 'Intel  Core   i5-6100 CPU @ 3.70GHz', 'DHCP', 'WSUSBGRDOL01L', 76, 'Sewa', 2013, 3),
(290, 7, '', '', 'Intel Core I5-5300U CPU @2.30GHz', 'DHCP', 'WSUKWMAPSP', 8, 'Sewa', 2013, 3),
(291, 7, '', '', 'Intel Core I5-5300U CPU @2.30GHz', 'DHCP', 'WSUKWASMNJARPSP', 8, 'Sewa', 2013, 3),
(292, 7, '', '', 'Intel Core I5-5300U CPU @2.30GHz', 'DHCP', 'WSUPSPATEL01L', 8, 'Sewa', 2013, 3),
(293, 7, '', '', 'Intel Core I5-5300U CPU @2.30GHz', 'DHCP', 'WSUKWASMNPADSP', 8, 'Sewa', 2013, 3),
(294, 7, '', '', 'Intel Core I5-5300U CPU @2.30GHz', 'DHCP', 'WSUPSPREN01L', 8, 'Sewa', 2013, 3),
(295, 7, '', '', 'Intel Core I5-5300U CPU @2.30GHz', 'DHCP', 'WSUPSPAPAD01LU', 8, 'Sewa', 2013, 3),
(296, 7, '', '', 'Intel Core I5-5300U CPU @2.30GHz', 'DHCP', 'WSUPSPAPAD01LU', 8, 'Sewa', 2013, 3),
(297, 7, '', '', 'Intel Core I5-5300U CPU @2.30GHz', 'DHCP', 'WSUPSPRGNT01L', 47, 'Sewa', 2013, 3),
(298, 7, '', '', 'Intel Core I5-5300U CPU @2.30GHz', 'DHCP', 'WSUPSPRGNT02L', 47, 'Sewa', 2013, 3),
(299, 7, '', '', 'Intel Core I5-5300U CPU @2.30GHz', 'DHCP', 'WSUPSPRGNT02LU', 47, 'Sewa', 2013, 3),
(300, 7, '', '', 'Intel Core I5-5300U CPU @2.30GHz', 'DHCP', 'WSUPSPRNTL03L', 47, 'Sewa', 2013, 3),
(301, 7, '', '', 'Intel Core I5-5300U CPU @2.30GHz', 'DHCP', 'WSUPSPRKNP01L', 48, 'Sewa', 2013, 3),
(302, 7, '', '', 'Intel Core I5-5300U CPU @2.30GHz', 'DHCP', 'WSUPSPRKNP02L', 48, 'Sewa', 2013, 3),
(303, 7, '', '', 'Intel Core I5-5300U CPU @2.30GHz', 'DHCP', 'WSUPSPRKNP03L', 48, 'Sewa', 2013, 3),
(304, 7, '', '', 'Intel Core I5-5300U CPU @2.30GHz', 'DHCP', 'WSUPSPRKNP04L', 48, 'Sewa', 2013, 3),
(305, 7, '', '', 'Intel Core I5-5300U CPU @2.30GHz', 'DHCP', 'WSUPSPRNTL01L', 49, 'Sewa', 2013, 3),
(306, 7, '', '', 'Intel Core I5-5300U CPU @2.30GHz', 'DHCP', 'WSUPSPRNTL02L', 49, 'Sewa', 2013, 3),
(307, 7, '', '', 'Intel Core I5-5300U CPU @2.30GHz', 'DHCP', 'WSUPSPRNTL03L', 49, 'Sewa', 2013, 3),
(308, 7, '', '', 'Intel Core I5-5300U CPU @2.30GHz', 'DHCP', 'WSUPSPRNTL04L', 49, 'Sewa', 2013, 3),
(309, 7, '', '', 'Intel Core I5-5300U CPU @2.30GHz', 'DHCP', 'WSUPSPRPYB01L', 50, 'Sewa', 2013, 3),
(310, 7, '', '', 'Intel Core I5-5300U CPU @2.30GHz', 'DHCP', 'WSUPSPRPYB02L', 50, 'Sewa', 2013, 3),
(311, 7, '', '', 'Intel Core I5-5300U CPU @2.30GHz', 'DHCP', 'WSUPSPRPYB03L', 50, 'Sewa', 2013, 3),
(312, 7, '', '', 'Intel Core I5-5300U CPU @2.30GHz', 'DHCP', 'WSUPSPRPYB04L', 50, 'Sewa', 2013, 3),
(313, 7, '', '', 'Intel Core I5-5300U CPU @2.30GHz', 'DHCP', 'WSUPSPRKOT01L', 52, 'Sewa', 2013, 3),
(314, 7, '', '', 'Intel Core I5-5300U CPU @2.30GHz', 'DHCP', 'WSUPSPRKOT02L', 52, 'Sewa', 2013, 3),
(315, 7, '', '', 'Intel Core I5-5300U CPU @2.30GHz', 'DHCP', 'WSUPSPRKOT03L', 52, 'Sewa', 2013, 3),
(316, 7, '', '', 'Intel Core I5-5300U CPU @2.30GHz', 'DHCP', 'WSUPSPRKOT04L', 52, 'Sewa', 2013, 3),
(317, 7, '', '', 'Intel Core I5-5300U CPU @2.30GHz', 'DHCP', 'WSUPSPRSBH01L', 51, 'Sewa', 2013, 3),
(318, 7, '', '', 'Intel Core I5-5300U CPU @2.30GHz', 'DHCP', 'WSUPSPRSBH02L', 51, 'Sewa', 2013, 3),
(319, 7, '', '', 'Intel Core I5-5300U CPU @2.30GHz', 'DHCP', 'WSUPSPRSBH03L', 51, 'Sewa', 2013, 3),
(320, 7, '', '', 'Intel Core I5-5300U CPU @2.30GHz', 'DHCP', 'WSUPSPRSBH04L', 51, 'Sewa', 2013, 3),
(321, 7, '', '', 'Intel Core I5-5300U CPU @2.30GHz', 'DHCP', 'WSUPSPRSPR01L', 53, 'Sewa', 2013, 3),
(322, 7, '', '', 'Intel Core I5-5300U CPU @2.30GHz', 'DHCP', 'WSUPSPRSPR02L', 53, 'Sewa', 2013, 3),
(323, 7, '', '', 'Intel Core I5-5300U CPU @2.30GHz', 'DHCP', 'WSUPSPRSPR03L', 53, 'Sewa', 2013, 3),
(324, 7, '', '', 'Intel Core I5-5300U CPU @2.30GHz', 'DHCP', 'WSUPSPRSPR04L', 53, 'Sewa', 2013, 3),
(325, 7, '', '', 'Intel Core I5-5300U CPU @2.30GHz', 'DHCP', 'WSUNIAAPAD01L', 7, 'Sewa', 2013, 3),
(326, 7, '', '', 'Intel Core I5-5300U CPU @2.30GHz', 'DHCP', 'WSUNIARGNS04L', 42, 'Sewa', 2013, 3),
(327, 7, '', '', 'Intel Core I5-5300U CPU @2.30GHz', 'DHCP', 'WSUNIARTDL01L', 43, 'Sewa', 2013, 3),
(328, 7, '', '', 'Intel Core I5-5300U CPU @2.30GHz', 'DHCP', 'WSUNIAAKIT01L', 7, 'Sewa', 2013, 3),
(329, 7, '', '', 'Intel Core I5-5300U CPU @2.30GHz', 'DHCP', 'WSUNIAAPAD01LU', 7, 'Sewa', 2013, 3),
(330, 7, '', '', 'Intel Core I5-5300U CPU @2.30GHz', 'DHCP', 'WSUNIAMA01L', 7, 'Sewa', 2013, 3),
(331, 7, '', '', 'Intel Core I5-5300U CPU @2.30GHz', 'DHCP', 'WSUNIAAJAR01L', 7, 'Sewa', 2013, 3),
(332, 7, '', '', 'Intel Core I5-5300U CPU @2.30GHz', 'DHCP', 'WSUNIAREN01L', 7, 'Sewa', 2013, 3),
(333, 7, '', '', 'Intel Core I5-5300U CPU @2.30GHz', 'DHCP', 'WSUNIAATEL01L', 7, 'Sewa', 2013, 3),
(334, 7, '', '', 'Intel Core I5-5300U CPU @2.30GHz', 'DHCP', 'WSUNIAAPAD01L', 7, 'Sewa', 2013, 3),
(335, 7, '', '', 'Intel Core I5-5300U CPU @2.30GHz', 'DHCP', 'WSUSBGRSBR02L', 7, 'Sewa', 2013, 3),
(336, 7, '', '', 'Intel Core I5-5300U CPU @2.30GHz', 'DHCP', 'WSUNIARGNS01L', 42, 'Sewa', 2013, 3),
(337, 7, '', '', 'Intel Core I5-5300U CPU @2.30GHz', 'DHCP', 'WSUNIARGNS02L', 42, 'Sewa', 2013, 3),
(338, 7, '', '', 'Intel Core I5-5300U CPU @2.30GHz', 'DHCP', 'WSUNIARGNS03L', 42, 'Sewa', 2013, 3),
(339, 7, '', '', 'Intel Core I5-5300U CPU @2.30GHz', 'DHCP', 'WSUNIARGNS04L', 42, 'Sewa', 2013, 3),
(340, 7, '', '', 'Intel Core I5-5300U CPU @2.30GHz', 'DHCP', 'WSUNIAPTDL02L', 43, 'Sewa', 2013, 3),
(341, 7, '', '', 'Intel Core I5-5300U CPU @2.30GHz', 'DHCP', 'WSUNIARTDL03L', 43, 'Sewa', 2013, 3),
(342, 7, '', '', 'Intel Core I5-5300U CPU @2.30GHz', 'DHCP', 'WSUNIAPTDL01L', 43, 'Sewa', 2013, 3),
(343, 7, '', '', 'Intel Core I5-5300U CPU @2.30GHz', 'DHCP', 'WSUNIARTDL01L', 43, 'Sewa', 2013, 3),
(344, 7, '', '', 'Intel Core I5-5300U CPU @2.30GHz', 'DHCP', 'WSUNIAPTDL05L', 102, 'Sewa', 2013, 3),
(345, 7, '', '', 'Intel Core I5-5300U CPU @2.30GHz', 'DHCP', 'WSUNIAPGNS02L', 44, 'Sewa', 2013, 3),
(346, 7, '', '', 'Intel Core I5-5300U CPU @2.30GHz', 'DHCP', 'WSUNIAPTDL03L', 45, 'Sewa', 2013, 3),
(347, 7, '', '', 'Intel Core I5-5300U CPU @2.30GHz', 'DHCP', 'WSUNIAPTDL04L', 7, 'Sewa', 2013, 3),
(348, 3, '', '', 'Intel Core I5-5300U CPU @2.30GHz', 'DHCP', 'LAPTOP LOADER 3 TELKOM', 103, 'Sewa', 2013, 1),
(349, 3, '', '', 'Intel Core I5-5300U CPU @2.30GHz', 'DHCP', 'LAPTOP LOADER 4 TELKOM', 103, 'Sewa', 2012, 1),
(350, 3, '', '', 'Intel Core I5-5300U CPU @2.30GHz', 'DHCP', 'LAPTOP SCADA 1', 103, 'Sewa', 2018, 1),
(351, 1, '', '', 'Intel Core I5-5300U CPU @2.30GHz', 'DHCP', 'LAPTOP SCADA 2', 103, 'Sewa', 2018, 1),
(352, 1, '', '', 'Intel Core I5-5300U CPU @2.30GHz', 'DHCP', 'LAPTOP SCADA 3', 103, 'Sewa', 2019, 1),
(353, 7, '', '', 'Intel Core I5-5300U CPU @2.30GHz', 'DHCP', 'LAPTOP LOADER 1 SCADA', 103, 'Sewa', 2018, 1),
(354, 1, '', '', 'Intel Core I5-5300U CPU @2.30GHz', 'DHCP', 'LAPTOP ADUM 1', 103, 'Sewa', 2018, 1),
(355, 1, '', '', 'Intel Core I5-5300U CPU @2.30GHz', 'DHCP', 'LAPTOP ADUM 2', 103, 'Sewa', 2018, 1),
(356, 1, '', '', 'Intel Core I5-5300U CPU @2.30GHz', 'DHCP', 'LAPTOP ADUM 3', 103, 'Sewa', 2018, 1),
(357, 1, '', '', 'Intel Core I5-5300U CPU @2.30GHz', 'DHCP', 'LAPTOP ADUM 4', 103, 'Sewa', 2018, 1),
(358, 1, '', '', 'Intel Core I5-5300U CPU @2.30GHz', 'DHCP', 'LAPTOP ADUM 5', 103, 'Sewa', 2018, 1),
(359, 1, '', '', 'Intel Core I5-5300U CPU @2.30GHz', 'DHCP', 'LAPTOP ADUM 6', 103, 'Sewa', 2018, 1),
(360, 1, '', '', 'Intel Core I5-5300U CPU @2.30GHz', 'DHCP', 'LAPTOP OPERASI 1', 103, 'Sewa', 2018, 1),
(361, 1, '', '', 'Intel Core I5-5300U CPU @2.30GHz', 'DHCP', 'LAPTOP OPERASI 2', 103, 'Sewa', 2018, 1),
(362, 1, '', '', 'Intel Core I5-5300U CPU @2.30GHz', 'DHCP', 'LAPTOP OPERASI 3', 103, 'Sewa', 2018, 1),
(363, 1, '', '', 'Intel Core I5-5300U CPU @2.30GHz', 'DHCP', 'LAPTOP OPERASI 4', 103, 'Sewa', 2018, 1),
(364, 1, '', '', 'Intel Core I5-5300U CPU @2.30GHz', 'DHCP', 'LAPTOP PBJ', 103, 'Sewa', 2018, 1);

-- --------------------------------------------------------

--
-- Table structure for table `log_gangguan`
--

CREATE TABLE `log_gangguan` (
  `log_id` int(11) NOT NULL,
  `no_tiket` varchar(30) NOT NULL,
  `nama_service` text NOT NULL,
  `sid` varchar(20) NOT NULL,
  `wilayah` varchar(11) NOT NULL,
  `layanan` varchar(20) NOT NULL,
  `status_log` varchar(11) NOT NULL,
  `tiket_open` timestamp NOT NULL DEFAULT current_timestamp() ON UPDATE current_timestamp(),
  `tiket_close` timestamp NOT NULL DEFAULT current_timestamp() ON UPDATE current_timestamp(),
  `stop_clock` int(11) NOT NULL,
  `durasi` time NOT NULL,
  `penyebab` text NOT NULL,
  `action` text DEFAULT NULL
) ENGINE=InnoDB DEFAULT CHARSET=latin1;

--
-- Dumping data for table `log_gangguan`
--

INSERT INTO `log_gangguan` (`log_id`, `no_tiket`, `nama_service`, `sid`, `wilayah`, `layanan`, `status_log`, `tiket_open`, `tiket_close`, `stop_clock`, `durasi`, `penyebab`, `action`) VALUES
(7, 'TIK/2009/100471', '[UIW SUMUT],  -,  -,  -,  Indonesia,  - - ULP PANGURURAN, -, -, -, Indonesia\r\n', '990000020276912', 'STI Sumut 1', 'IPVPN', 'Closed', '2021-01-05 03:24:58', '2021-01-05 03:24:58', 0, '15:17:58', '\"1. GANGGUAN PUTUS KABEL FO DIJARAK 500 METER DARI POP PANGURURAN KE ARAH POP GI TELE AKIBAT TERTARIK KENDARAAN (PU) \r\n2. GANGGUAN SOFTWARE PADA PERANGKAT SWITCH DI SISI POP PANGURURAN\"', 'PENYAMBUNGAN KABEL FO\r\n'),
(9, 'TIK/2009/96369', '[UIP3BS - UPT SIANTAR - SCADA]-GI SEI MANGKEI (SCADA)\r\n', '990000320452064', 'STI Sumut 2', 'IPVPN', 'Closed', '2021-01-05 02:22:23', '2021-01-05 02:22:23', 0, '00:00:32', 'GANGGUAN MODUL POWER DISISI GI SEI MANGKEI\r\n', 'PERBAIKAN MODUL POWER\r\n'),
(11, 'TIK/2011/129712', '[UIW SUMUT],  -,  -,  -,  Indonesia,  - - ULP PANCUR BATU, -, -, -, Indonesia\r\n', '10000027240015', 'STI Sumut 2', 'Metronet', 'Open', '2021-01-05 02:22:30', '2021-01-05 02:22:30', 0, '11:10:07', '1. GANGGUAN PUTUS CORE DIJARAK 15 KM DAN 15,1 KM DARI POP KITSBU KEARAH LASTMILE AKIBAT CRACK\r\n2. GANGGUAN PERANGKAT MODUL SFP DI LASTMILE\r\n', 'PENYAMBUNGAN CORE DAN PERBAIKAN PERANGKAT MODUL SFP DI LASTMILE\r\n'),
(13, 'TIK/2011/130192', '[UIP3BS - UPT SIANTAR - SCADA]-GI DOLOK SANGGUL (SCADA)\r\n', '990000320449035', 'STI Sumut 1', 'IPVPN', 'Closed', '2021-01-05 02:22:09', '2021-01-05 02:22:09', 0, '02:04:54', 'GANGGUAN SOFTWARE DISISI LASTMILE\r\n', 'PERBAIKAN SOFTWARE\r\n'),
(14, 'TIK/2011/127935', '[UIP3BS - UPT PEMATANG SIANTAR] GI SUBULUSALAM Kota Subulussalam Nanggro Aceh Darussalam ,Indonesia ,-   \r\n', '1000095406', 'STI Sumut 2', 'Clear Channel', 'Closed', '2021-01-05 02:22:34', '2021-01-05 03:21:32', 30, '00:28:58', 'GANGGUAN JALUR SEGMENT PEKANBARU - GARUDASAKTI\r\n', 'PERBAIKAN JALUR SEGMENT PEKANBARU - GARUDASAKTI\r\n'),
(15, 'TIK/2009/100872', '[UIP3BS - UPT PEMATANG SIANTAR], GI PENYABUNGAN\r\n', '1000095407', 'STI Sumut 1', 'Metronet', 'Closed', '2021-01-05 02:22:14', '2021-01-05 03:10:16', 20, '00:28:02', 'GANGGUAN  JALUR AREA PANYAMBUNGAN - POP KOTANOPAN  IMPACT PUTUS KABEL FO DIJARAK 8 KM DARI ARAH POP KOTANOPAN.\r\n', 'REROUTE JALUR\r\n'),
(16, 'TIK/2009/099095', '[UIW SUMUT],  -,  -,  -,  Indonesia,  - - ULP BELAWAN, -, -, -, Indonesia\r\n', '10000027240010', 'STI Sumut 1', 'Internet', 'Open', '2021-01-05 03:20:12', '2021-01-05 03:20:12', 0, '00:00:00', 'GANGGUAN PUTUS CORE FO DIJARAK 182 METER DARI POP BELAWAN KEARAH LASTMILE AKIBAT CRAK\r\n', 'PENYAMBUNGAN CORE\r\n'),
(17, 'TIK/2007/072916', '[UIP3BS], pekanbaru, Kota Pekanbaru, Riau, Indonesia - GI LABUHAN ANGIN, -, -, -, Indonesia\r\n', '990000320307855', 'STI Sumut 2', 'Internet', 'Open', '2020-12-30 13:32:00', '2020-12-30 15:50:00', 30, '01:48:00', 'GANGGUAN PUTUS KABEL FO DIJARAK 4 KM DARI POP SIBOLGA KE ARAH LASTMILE YANG DISEBABKAN POHON TUMBANG DILOKASI\r\n', 'PENYAMBUNGAN KABEL FO\r\n');

-- --------------------------------------------------------

--
-- Table structure for table `merek`
--

CREATE TABLE `merek` (
  `id_merek` int(11) NOT NULL,
  `merek` varchar(50) DEFAULT NULL,
  `kategori` varchar(50) DEFAULT NULL
) ENGINE=InnoDB DEFAULT CHARSET=latin1;

--
-- Dumping data for table `merek`
--

INSERT INTO `merek` (`id_merek`, `merek`, `kategori`) VALUES
(1, 'HP', 'Laptop'),
(2, 'HP AIO', 'PC'),
(3, 'DELL', 'Laptop'),
(4, 'DELL AIO', 'PC'),
(5, 'TOSHIBA', 'Laptop'),
(6, 'TOSHIBA AIO', 'PC'),
(7, 'LENOVO', 'Laptop'),
(8, 'LENOVO AIO', 'PC'),
(9, 'ASUS', 'Laptop'),
(10, 'ASUS AIO', 'PC'),
(11, 'APPLE', 'Laptop'),
(12, 'APPLE AIO', 'PC'),
(14, 'CANON', 'Printer'),
(15, 'EPSON', 'Printer'),
(16, 'HP', 'Printer'),
(17, 'SAMSUNG', 'Printer'),
(18, 'BROTHER', 'Printer'),
(19, 'XEROX', 'Printer'),
(20, 'DELL', 'Printer'),
(21, 'DELL', 'Monitor'),
(22, 'HP', 'Monitor'),
(23, 'SAMSUNG', 'Monitor'),
(24, 'LENOVO', 'Monitor'),
(25, 'ASUS', 'Monitor'),
(26, 'BENQ', 'Monitor'),
(27, 'ACER', 'Monitor'),
(28, 'LG', 'Monitor'),
(29, 'LG', 'Device Support'),
(30, 'ASUS', 'Device Support'),
(31, 'LENOVO', 'Device Support'),
(32, 'ACER', 'Device Support'),
(33, 'SAMSUNG', 'Device Support'),
(34, 'APPLE', 'Device Support'),
(35, 'DELL', 'Device Support'),
(36, 'HP', 'Device Support'),
(37, 'TOSHIBA', 'Device Support'),
(38, 'LOGITECH', 'Device Support'),
(39, 'CISCO', 'Network Device'),
(40, 'D-LINK', 'Network Device'),
(41, 'TP-LINK', 'Network Device'),
(42, 'EDIMAX', 'Network Device'),
(43, 'NETGEAR', 'Network Device'),
(44, 'TOTOLINK', 'Network Device'),
(45, 'HUAWEI', 'Network Device'),
(46, 'COMFAST', 'Network Device'),
(47, 'V-SOL', 'Network Device'),
(48, 'PROLINK', 'Network Device'),
(49, 'FORTIGATE', 'Network Device'),
(50, 'SOPHOS', 'Network Device'),
(51, 'PFSENSE', 'Network Device'),
(52, 'JUNIPER', 'Network Device'),
(53, 'SANGFOR', 'Network Device'),
(54, 'BARRACUDA', 'Network Device'),
(55, 'SONICWALL', 'Network Device'),
(56, 'PALO ALTO', 'Network Device'),
(57, 'CYBEROAM', 'Network Device'),
(58, 'MIKROTIK', 'Network Device'),
(59, 'ASUS', 'Network Device'),
(60, 'XIAOMI', 'Network Device'),
(61, 'DELL', 'Server'),
(62, 'RAINER', 'Server'),
(63, 'REDSTONE', 'Server'),
(64, 'ACER', 'Server'),
(65, 'HP', 'Server'),
(66, 'ASUS', 'Server'),
(67, 'LENOVO', 'Server'),
(68, 'IBM', 'Server'),
(69, 'INTEL', 'Server'),
(70, 'LOGITECH', 'Vicon'),
(71, 'POLYCOM', 'Vicon'),
(72, 'CISCO', 'Vicon'),
(73, 'AVER', 'Vicon'),
(74, 'HP', 'Vicon'),
(75, 'KICKLE', 'Vicon'),
(76, 'HORION', 'Vicon'),
(77, 'YEALINK', 'Vicon'),
(78, 'PANASONIC', 'Vicon'),
(79, 'SUPERMICRO', 'Server'),
(80, 'CISCO', 'Server'),
(81, 'COMPAQ', 'PC'),
(82, 'RAKITAN', 'PC'),
(83, 'ACER', 'PC'),
(84, 'SAMSUNG', 'PC'),
(85, 'LG', 'PC'),
(86, 'AVERMEDIA', 'Vicon'),
(87, 'CISCO', 'Vicon'),
(88, 'INFOCUS', 'Vicon'),
(89, 'FUJITSU', 'Printer'),
(90, NULL, NULL);

-- --------------------------------------------------------

--
-- Table structure for table `monitor`
--

CREATE TABLE `monitor` (
  `id_monitor` int(11) NOT NULL,
  `id_merek` int(11) DEFAULT NULL,
  `nama_pengguna` varchar(50) DEFAULT NULL,
  `id_unit` int(11) DEFAULT NULL,
  `status_kepemilikan` varchar(50) DEFAULT NULL,
  `tahun` int(4) DEFAULT NULL,
  `id_vendor` int(11) DEFAULT NULL
) ENGINE=InnoDB DEFAULT CHARSET=latin1;

-- --------------------------------------------------------

--
-- Table structure for table `network_device`
--

CREATE TABLE `network_device` (
  `id_network_device` int(11) NOT NULL,
  `id_merek` int(11) DEFAULT NULL,
  `device_type` varchar(50) DEFAULT NULL,
  `nama_pengguna` varchar(50) DEFAULT NULL,
  `id_unit` int(11) DEFAULT NULL,
  `status_kepemilikan` varchar(50) DEFAULT NULL,
  `username` varchar(50) DEFAULT NULL,
  `password` varchar(50) DEFAULT NULL,
  `tahun` int(4) DEFAULT NULL,
  `id_vendor` int(11) DEFAULT NULL,
  `ip_address` varchar(50) DEFAULT NULL,
  `id_hi` int(11) NOT NULL
) ENGINE=InnoDB DEFAULT CHARSET=latin1;

--
-- Dumping data for table `network_device`
--

INSERT INTO `network_device` (`id_network_device`, `id_merek`, `device_type`, `nama_pengguna`, `id_unit`, `status_kepemilikan`, `username`, `password`, `tahun`, `id_vendor`, `ip_address`, `id_hi`) VALUES
(3, 58, 'Router', 'stisumut1', 6, 'Aset PLN', 'stisumut1', 'sumutbermartabat', 0, 0, '10.16.2.253', 1),
(4, 58, 'Router', 'stisumut1', 5, 'Aset PLN', 'stisumut1', 'sumutbermartabat', 0, 0, '10.16.17.1', 0),
(5, 58, 'Router', 'stisumut1', 89, 'Aset PLN', 'stisumut1', 'sumutbermartabat', 0, 0, '10.16.150.1', 0),
(6, 58, 'Router', 'stisumut1', 90, 'Aset PLN', 'stisumut1', 'sumutbermartabat', 0, 0, '10.16.151.1', 0),
(7, 58, 'Router', 'stisumut1', 41, 'Aset PLN', 'stisumut1', 'sumutbermartabat', 0, 0, '10.16.152.1', 0),
(8, 58, 'Router', 'stisumut1', 91, 'Aset PLN', 'stisumut1', 'sumutbermartabat', 0, 0, '10.16.153.1', 0),
(9, 58, 'Router', 'stisumut1', 92, 'Aset PLN', 'stisumut1', 'sumutbermartabat', 0, 0, '10.16.154.1', 0),
(10, 58, 'Router', 'stisumut1', 93, 'Aset PLN', 'stisumut1', 'sumutbermartabat', 0, 0, '10.16.155.1', 0),
(11, 58, 'Router', 'stisumut1', 94, 'Aset PLN', 'stisumut1', 'sumutbermartabat', 0, 0, '10.16.156.1', 0),
(12, 58, 'Router', 'stisumut1', 95, 'Aset PLN', 'stisumut1', 'sumutbermartabat', 0, 0, '10.16.157.1', 0),
(13, 58, 'Router', 'stisumut1', 4, 'Aset PLN', 'stisumut1', 'sumutbermartabat', 0, 0, '10.16.8.253', 10),
(14, 58, 'Router', 'stisumut1', 140, 'Aset PLN', 'stisumut1', 'sumutbermartabat', 0, 0, '10.16.231.1', 0),
(15, 58, 'Router', 'stisumut1', 143, 'Aset PLN', 'stisumut1', 'sumutbermartabat', 0, 0, '10.16.232.1', 0),
(16, 58, 'Router', 'stisumut1', 145, 'Aset PLN', 'stisumut1', 'sumutbermartabat', 0, 0, '10.16.234.1', 0),
(17, 58, 'Router', 'stisumut1', 29, 'Aset PLN', 'stisumut1', 'sumutbermartabat', 0, 0, '10.16.235.1', 0),
(18, 58, 'Router', 'stisumut1', 147, 'Aset PLN', 'stisumut1', 'sumutbermartabat', 0, 0, '10.16.236.1', 0),
(19, 58, 'Router', 'stisumut1', 27, 'Aset PLN', 'stisumut1', 'sumutbermartabat', 0, 0, '10.16.237.1', 0),
(20, 58, 'Router', 'stisumut1', 3, 'Aset PLN', 'stisumut1', 'sumutbermartabat', 0, 0, '10.16.14.253', 0),
(21, 58, 'Router', 'stisumut1', 137, 'Aset PLN', 'admin', 'sumutbermartabat', 0, 0, '10.16.160.254', 0),
(22, 58, 'Router', 'stisumut1', 20, 'Aset PLN', 'stisumut1', 'sumutbermartabat', 0, 0, '10.16.162.1', 0),
(23, 58, 'Router', 'stisumut1', 20, 'Aset PLN', 'stisumut1', 'sumutbermartabat', 0, 0, '10.16.162.1', 0),
(24, 58, 'Router', 'stisumut1', 22, 'Aset PLN', 'stisumut1', 'sumutbermartabat', 0, 0, '10.16.172.1', 0),
(25, 58, 'Router', 'stisumut1', 2, 'Aset PLN', 'stisumut1', 'sumutbermartabat', 0, 0, '10.16.3.253', 5),
(26, 58, 'Router', 'stisumut1', 12, 'Aset PLN', 'stisumut1', 'sumutbermartabat', 0, 0, '10.16.163.1', 0),
(27, 58, 'Router', 'stisumut1', 18, 'Aset PLN', 'stisumut1', 'sumutbermartabat', 0, 0, '10.16.165.1', 0),
(28, 58, 'Router', 'stisumut1', 15, 'Aset PLN', 'stisumut1', 'sumutbermartabat', 0, 0, '10.16.167.1', 0),
(29, 58, 'Router', 'stisumut1', 17, 'Aset PLN', 'stisumut1', 'sumutbermartabat', 0, 0, '10.16.169.1', 0),
(30, 58, 'Router', 'stisumut1', 126, 'Aset PLN', 'stisumut1', 'sumutbermartabat', 0, 0, '10.16.171.1', 0),
(31, 58, 'Router', 'stisumut1', 86, 'Aset PLN', 'stisumut1', 'sumutbermartabat', 0, 0, '10.26.4.1', 0),
(32, 58, 'Router', 'stisumut1', 276, 'Aset PLN', 'stisumut1', 'sumutbermartabat', 0, 0, '10.26.13.1', 0),
(33, 58, 'Radiolink', 'stisumut1', 278, 'Aset PLN', 'stisumut1', 'sumutbermartabat', 0, 0, '10.26.10.243', 0),
(34, 58, 'Router', 'stisumut1', 277, 'Aset PLN', 'stisumut1', 'sumutbermartabat', 0, 0, '10.26.30.150', 0),
(35, 58, 'Router', 'stisumut1', 88, 'Aset PLN', 'stisumut1', 'sumutbermartabat', 0, 0, '10.26.10.1', 0),
(36, 58, 'Router', 'stisumut1', 103, 'Aset PLN', 'stisumut1', 'sumutbermartabat', 0, 0, '192.168.0.18', 0),
(37, 58, 'Router', 'stisumut1', 283, 'Aset PLN', 'stisumut1', 'sumutbermartabat', 0, 0, '192.168.0.22', 0),
(38, 58, 'Router', 'stisumut1', 284, 'Aset PLN', 'stisumut1', 'sumutbermartabat', 0, 0, '192.168.12.2', 0),
(39, 58, 'Router', 'stisumut1', 286, 'Aset PLN', 'stisumut1', 'sumutbermartabat', 0, 0, '10.43.250.94', 0),
(40, 58, 'Router', 'stisumut1', 287, 'Aset PLN', 'stisumut1', 'sumutbermartabat', 0, 0, '10.43.250.98', 0),
(41, 58, 'Router', 'stisumut1', 288, 'Aset PLN', 'stisumut1', 'sumutbermartabat', 0, 0, '10.43.250.102', 0),
(42, 58, 'Router', 'stisumut1', 209, 'Aset PLN', 'stisumut1', 'sumutbermartabat', 0, 0, '10.43.250.118', 0),
(43, 58, 'Router', 'stisumut1', 290, 'Aset PLN', 'stisumut1', 'sumutbermartabat', 0, 0, '192.168.12.6', 0),
(44, 58, 'Router', 'stisumut1', 291, 'Aset PLN', 'stisumut1', 'sumutbermartabat', 0, 0, '192.168.12.10', 0),
(45, 58, 'Router', 'stisumut1', 212, 'Aset PLN', 'stisumut1', 'sumutbermartabat', 0, 0, '192.168.12.14', 0),
(46, 58, 'Router', 'stisumut1', 213, 'Aset PLN', 'stisumut1', 'sumutbermartabat', 0, 0, '192.168.12.18', 0),
(47, 58, 'Router', 'stisumut1', 214, 'Aset PLN', 'stisumut1', 'sumutbermartabat', 0, 0, '192.168.12.22', 0),
(48, 58, 'Router', 'stisumut1', 215, 'Aset PLN', 'stisumut1', 'sumutbermartabat', 0, 0, '192.168.12.26', 0),
(49, 58, 'Router', 'stisumut1', 216, 'Aset PLN', 'stisumut1', 'sumutbermartabat', 0, 0, '192.168.12.30', 0),
(50, 58, 'Router', 'stisumut1', 297, 'Aset PLN', 'stisumut1', 'sumutbermartabat', 0, 0, '192.168.12.34', 0),
(51, 58, 'Router', 'stisumut1', 218, 'Aset PLN', 'stisumut1', 'sumutbermartabat', 0, 0, '192.168.12.38', 0),
(52, 58, 'Router', 'stisumut1', 300, 'Aset PLN', 'stisumut1', 'sumutbermartabat', 0, 0, '192.168.12.42', 0),
(53, 58, 'Router', 'stisumut1', 301, 'Aset PLN', 'stisumut1', 'sumutbermartabat', 0, 0, '192.168.12.46', 0),
(54, 58, 'Router', 'stisumut1', 222, 'Aset PLN', 'stisumut1', 'sumutbermartabat', 0, 0, '192.168.12.50', 0),
(55, 58, 'Router', 'stisumut1', 223, 'Aset PLN', 'stisumut1', 'sumutbermartabat', 0, 0, '192.168.12.54', 0),
(56, 58, 'Router', 'stisumut1', 304, 'Aset PLN', 'stisumut1', 'sumutbermartabat', 0, 0, '10.43.250.66', 0),
(57, 58, 'Router', 'stisumut1', 305, 'Aset PLN', 'stisumut1', 'sumutbermartabat', 0, 0, '10.43.250.194', 0),
(59, 58, 'Router', 'stisumut1', 349, 'Aset PLN', 'stisumut1', 'sumutbermartabat', 0, 0, '10.43.250.198', 0),
(60, 58, 'Router', 'stisumut1', 350, 'Aset PLN', 'stisumut1', 'sumutbermartabat', 0, 0, '10.43.250.202', 11),
(61, 58, 'Router', 'stisumut1', 337, 'Aset PLN', 'stisumut1', 'sumutbermartabat', 0, 0, '10.35.2.2', 0),
(62, 58, 'Router', 'stisumut1', 260, 'Aset PLN', 'stisumut1', 'sumutbermartabat', 0, 0, '10.58.0.1', 0),
(63, 58, 'Router', 'stisumut1', 346, 'Aset PLN', 'stisumut1', 'sumutbermartabat', 2018, 0, '10.40.23.254', 0),
(64, 39, 'Router', 'stisumut2', 148, 'Aset PLN', 'admin', 'infr@struktur', 0, 0, '10.16.4.1', 0),
(65, 39, 'Router', 'stisumut2', 151, 'Aset PLN', 'admin', 'infr@struktur', 0, 0, '10.16.180.2', 0),
(66, 39, 'Router', 'stisumut2', 152, 'Aset PLN', 'admin', 'infr@struktur', 0, 0, '10.16.181.2', 0),
(67, 39, 'Router', 'stisumut2', 153, 'Aset PLN', 'admin', 'infr@struktur', 0, 0, '10.16.182.2', 0),
(68, 39, 'Router', 'stisumut2', 154, 'Aset PLN', 'admin', 'infr@struktur', 0, 0, '10.16.183.2', 0),
(69, 39, 'Router', 'stisumut2', 155, 'Aset PLN', 'admin', 'infr@struktur', 0, 0, '10.16.184.2', 0),
(70, 39, 'Router', 'stisumut2', 156, 'Aset PLN', 'admin', 'infr@struktur', 0, 0, '10.16.185.2', 0),
(71, 39, 'Router', 'stisumut2', 157, 'Aset PLN', 'admin', 'infr@struktur', 0, 0, '10.16.186.2', 0),
(72, 39, 'Router', 'stisumut2', 158, 'Aset PLN', 'admin', 'infr@struktur', 0, 0, '10.16.187.2', 0),
(73, 39, 'Router', 'stisumut2', 160, 'Aset PLN', 'admin', 'infr@struktur', 0, 0, '10.16.188.2', 0),
(74, 39, 'Router', 'stisumut2', 161, 'Aset PLN', 'admin', 'infr@struktur', 0, 0, '10.16.190.2', 0),
(75, 39, 'Switch', 'stisumut2', 162, 'Aset PLN', 'admin', 'infr@struktur', 0, 0, '10.16.7.1', 0),
(76, 39, 'Router', 'stisumut2', 163, 'Aset PLN', 'admin', 'infr@struktur', 0, 0, '10.16.220.2', 0),
(77, 39, 'Switch', 'stisumut2', 164, 'Aset PLN', 'admin', 'infr@struktur', 0, 0, '10.16.221.2', 0),
(78, 39, 'Router', 'stisumut2', 165, 'Aset PLN', 'admin', 'infr@struktur', 0, 0, '10.16.222.2', 0),
(79, 39, 'Switch', 'stisumut2', 70, 'Aset PLN', 'admin', 'infr@struktur', 0, 0, '10.16.223.2', 0),
(80, 39, 'Switch', 'stisumut2', 167, 'Aset PLN', 'admin', 'infr@struktur', 0, 0, '10.16.224.2', 0),
(81, 39, 'Router', 'stisumut2', 269, 'Aset PLN', 'admin', 'infr@struktur', 0, 0, '10.16.225.2', 0),
(82, 39, 'Switch', 'stisumut2', 270, 'Aset PLN', 'admin', 'infr@struktur', 0, 0, '10.16.226.2', 0),
(83, 39, 'Router', 'stisumut2', 171, 'Aset PLN', 'admin', 'infr@struktur', 0, 0, '10.16.5.1', 0),
(84, 39, 'Router', 'stisumut2', 173, 'Aset PLN', 'admin', 'infr@struktur', 0, 0, '10.16.200.2', 0),
(85, 39, 'Router', 'stisumut2', 174, 'Aset PLN', 'admin', 'infr@struktur', 0, 0, '10.16.201.2', 0),
(86, 39, 'Router', 'stisumut2', 175, 'Aset PLN', 'admin', 'infr@struktur', 0, 0, '10.16.202.2', 0),
(87, 39, 'Router', 'stisumut2', 76, 'Aset PLN', 'admin', 'infr@struktur', 0, 0, '10.16.203.2', 0),
(88, 39, 'Router', 'stisumut2', 80, 'Aset PLN', 'admin', 'infr@struktur', 0, 0, '10.16.204.2', 0),
(89, 39, 'Router', 'stisumut2', 75, 'Aset PLN', 'admin', 'infr@struktur', 0, 0, '10.16.205.2', 0),
(90, 39, 'Router', 'stisumut2', 179, 'Aset PLN', 'admin', 'infr@struktur', 0, 0, '10.16.6.1', 0),
(91, 39, 'Router', 'stisumut2', 181, 'Aset PLN', 'admin', 'infr@struktur', 0, 0, '10.16.210.2', 0),
(92, 39, 'Router', 'stisumut2', 182, 'Aset PLN', 'admin', 'infr@struktur', 0, 0, '10.16.211.2', 0),
(93, 39, 'Router', 'stisumut2', 183, 'Aset PLN', 'admin', 'infr@struktur', 0, 0, '10.16.212.2', 0),
(94, 39, 'Router', 'stisumut2', 184, 'Aset PLN', 'admin', 'infr@struktur', 0, 0, '10.16.213.2', 0),
(95, 39, 'Router', 'stisumut2', 185, 'Aset PLN', 'admin', 'infr@struktur', 0, 0, '10.16.214.2', 0),
(96, 39, 'Router', 'stisumut2', 49, 'Aset PLN', 'admin', 'infr@struktur', 0, 0, '10.16.215.1', 0),
(97, 58, 'Router', 'stisumut2', 271, 'Aset PLN', 'admin', 'infr@struktur', 0, 0, '10.16.216.1', 0),
(98, 39, 'Router', 'stisumut2', 189, 'Aset PLN', 'admin', 'infr@struktur', 0, 0, '10.16.206.2', 0),
(99, 58, 'Router', 'stisumut2', 43, 'Aset PLN', 'admin', 'infr@struktur', 0, 0, '10.16.207.2', 0),
(100, 58, 'Router', 'stisumut2', 274, 'Aset PLN', 'sti', 'STI@sumut', 0, 0, '10.26.30.1', 0),
(101, 58, 'Router', 'stisumut2', 280, 'Aset PLN', 'administrator', 'Pandan2018', 0, 0, '10.26.7.1', 0),
(102, 58, 'Router', 'stisumut2', 281, 'Aset PLN', 'admin', 'upklba2019', 0, 0, '10.26.40.1', 0),
(103, 58, 'Router', 'stisumut2', 307, 'Aset PLN', 'admin', 'ad31n77', 0, 0, '192.168.14.54', 0),
(104, 58, 'Router', 'stisumut2', 308, 'Aset PLN', 'admin', 'ad31n77', 0, 0, '192.168.15.30', 0),
(105, 58, 'Router', 'stisumut2', 309, 'Aset PLN', 'admin', 'ad31n77', 0, 0, '192.168.15.18', 0),
(106, 58, 'Router', 'stisumut2', 310, 'Aset PLN', 'admin', 'ad31n77', 0, 0, '192.168.15.74', 0),
(107, 58, 'Router', 'stisumut2', 311, 'Aset PLN', 'admin', 'ad31n77', 0, 0, '192.168.15.54', 0),
(108, 58, 'Router', 'stisumut2', 232, 'Aset PLN', 'admin', 'ad31n77', 0, 0, '192.168.15.58', 0),
(109, 58, 'Router', 'stisumut2', 233, 'Aset PLN', 'admin', 'ad31n77', 0, 0, '192.168.15.34', 0),
(110, 58, 'Router', 'stisumut2', 314, 'Aset PLN', 'admin', 'ad31n77', 0, 0, '192.168.15.82', 0),
(111, 58, 'Router', 'stisumut2', 315, 'Aset PLN', 'admin', 'ad31n77', 0, 0, '192.168.15.78', 0),
(112, 58, 'Router', 'stisumut2', 316, 'Aset PLN', 'admin', 'ad31n77', 0, 0, '192.168.15.22', 0),
(113, 58, 'Router', 'stisumut2', 317, 'Aset PLN', 'admin', 'ad31n77', 0, 0, '10.43.250.18', 0),
(114, 58, 'Router', 'stisumut2', 318, 'Aset PLN', 'admin', 'ad31n77', 0, 0, '192.168.15.10', 0),
(115, 58, 'Router', 'stisumut2', 319, 'Aset PLN', 'admin', 'ad31n77', 0, 0, '10.43.250.182', 0),
(116, 58, 'Router', 'stisumut2', 240, 'Aset PLN', 'admin', 'ad31n77', 0, 0, '192.168.15.50', 0),
(117, 58, 'Router', 'stisumut2', 321, 'Aset PLN', 'admin', 'ad31n77', 0, 0, '192.168.15.62', 0),
(118, 58, 'Router', 'stisumut2', 322, 'Aset PLN', 'admin', 'ad31n77', 0, 0, '192.168.18.90', 0),
(119, 58, 'Router', 'stisumut2', 243, 'Aset PLN', 'admin', 'ad31n77', 0, 0, '192.168.15.46', 0),
(120, 58, 'Router', 'stisumut2', 324, 'Aset PLN', 'admin', 'ad31n77', 0, 0, '192.168.15.86', 0),
(121, 58, 'Router', 'stisumut2', 325, 'Aset PLN', 'admin', 'ad31n77', 0, 0, '192.168.15.70', 0),
(122, 58, 'Router', 'stisumut2', 326, 'Aset PLN', 'admin', 'ad31n77', 0, 0, '192.168.15.42', 0),
(123, 58, 'Router', 'stisumut2', 327, 'Aset PLN', 'admin', 'ad31n77', 0, 0, '192.168.15.2', 0),
(124, 58, 'Router', 'stisumut2', 328, 'Aset PLN', 'admin', 'ad31n77', 0, 0, '192.168.15.66', 0),
(125, 58, 'Router', 'stisumut2', 329, 'Aset PLN', 'admin', 'ad31n77', 0, 0, '192.168.15.38', 0),
(126, 58, 'Router', 'stisumut2', 330, 'Aset PLN', 'admin', 'ad31n77', 0, 0, '10.43.250.22', 0),
(127, 58, 'Router', 'stisumut2', 331, 'Aset PLN', 'admin', 'ad31n77', 0, 0, '192.168.15.14', 0),
(128, 58, 'Router', 'stisumut2', 332, 'Aset PLN', 'admin', 'ad31n77', 0, 0, '192.168.15.6', 0),
(129, 58, 'Router', 'stisumut2', 333, 'Aset PLN', 'admin', 'ad31n77', 0, 0, '192.168.15.26', 0),
(130, 58, 'Router', 'stisumut2', 334, 'Aset PLN', 'admin', 'ad31n77', 0, 0, '10.43.250.74', 0),
(131, 58, 'Router', 'stisumut2', 335, 'Aset PLN', 'admin', 'ad31n77', 0, 0, '10.43.250.142', 0),
(132, 58, 'Router', 'stisumut2', 336, 'Aset PLN', 'admin', 'ad31n77', 0, 0, '10.43.250.138', 0),
(134, 58, 'Router', 'stisumut1', 338, 'Aset PLN', 'Liga', 'Administrat0r1', 0, 0, '10.35.5.2', 0),
(135, 58, 'Router', 'stisumut2', 339, 'Aset PLN', 'Liga', 'Administrat0r1', 0, 0, '10.35.7.2', 0),
(137, 58, 'Router', 'stisumut2', 347, 'Aset PLN', '8609399Z', 'mutu01', 0, 0, '10.10.7.1', 0),
(138, 41, 'Access Point', 'stisumut1', 6, 'Aset PLN', NULL, NULL, 0, 0, NULL, 9),
(139, 41, 'Access Point', 'stisumut1', 6, 'Aset PLN', NULL, NULL, 0, 0, NULL, 4),
(140, 39, 'Switch', 'stisumut1', 6, 'Aset PLN', NULL, NULL, 0, 0, NULL, 7),
(141, 39, 'Switch', 'stisumut1', 2, 'Aset PLN', NULL, NULL, 0, 0, NULL, 6),
(142, 40, 'Access Point', 'stisumut1', 2, 'Aset PLN', '', '', 2016, 0, '', 8);

-- --------------------------------------------------------

--
-- Table structure for table `pegawai`
--

CREATE TABLE `pegawai` (
  `pegawai_id` int(11) NOT NULL,
  `nip` varchar(16) DEFAULT NULL,
  `nama` varchar(64) DEFAULT NULL,
  `email` varchar(64) DEFAULT NULL,
  `no_hp` char(12) DEFAULT NULL
) ENGINE=InnoDB DEFAULT CHARSET=latin1;

--
-- Dumping data for table `pegawai`
--

INSERT INTO `pegawai` (`pegawai_id`, `nip`, `nama`, `email`, `no_hp`) VALUES
(2, '123456789', 'Alfahri Harriza', 'fahrial.ramadhan98@gmail.com', '085261090890');

-- --------------------------------------------------------

--
-- Table structure for table `printer`
--

CREATE TABLE `printer` (
  `id_printer` int(11) NOT NULL,
  `id_merek` int(11) DEFAULT NULL,
  `nama_pengguna` varchar(50) DEFAULT NULL,
  `id_unit` int(11) DEFAULT NULL,
  `status_kepemilikan` varchar(50) DEFAULT NULL,
  `tahun` int(4) DEFAULT NULL,
  `id_vendor` int(11) DEFAULT NULL
) ENGINE=InnoDB DEFAULT CHARSET=latin1;

--
-- Dumping data for table `printer`
--

INSERT INTO `printer` (`id_printer`, `id_merek`, `nama_pengguna`, `id_unit`, `status_kepemilikan`, `tahun`, `id_vendor`) VALUES
(1, 19, 'Ruang Prioritas, Lt.1 Gd.A', 1, 'Aset PLN', 0, 0),
(2, 19, 'Ruang Sekum, Lt,2 Gd.A', 1, 'Aset PLN', 0, 0),
(3, 19, 'Ruang Renpeg, Lt.2 Gd.A', 1, 'Aset PLN', 0, 0),
(4, 19, 'Ruang Sekretaris GM, Lt.2 Gd.A', 1, 'Aset PLN', 0, 0),
(5, 19, 'Ruang Distribusi, Lt.3 Gd.A', 1, 'Aset PLN', 0, 0),
(6, 19, 'Ruang Humas, Lt.1 Gd.B', 1, 'Aset PLN', 0, 0),
(7, 19, 'Ruang Pengadaan, Lt.1 Gd.B', 1, 'Aset PLN', 0, 0),
(8, 19, 'Ruang Rumah Tangg, Lt.1 Gd.B', 1, 'Aset PLN', 0, 0),
(9, 19, 'Ruang Kepegawaian,Lt.1 Gd.B', 1, 'Aset PLN', 0, 0),
(10, 19, 'Ruang Renus, Lt.2 Gd.B', 1, 'Aset PLN', 0, 0),
(11, 15, 'Ruang Renus, Lt.2 Gd.B', 1, 'Aset PLN', 0, 0),
(12, 15, 'Ruang Rensus, Lt.2 Gd.B', 1, 'Aset PLN', 0, 0),
(13, 19, 'Ruang UP2K, Lt.3 Gd.B', 1, 'Aset PLN', 0, 0),
(14, 19, 'Ruang Pemasaran, Lt.3 Gd.B', 1, 'Aset PLN', 0, 0),
(15, 19, 'Ruang Niaga, Lt.3 Gd.B', 1, 'Aset PLN', 0, 0),
(16, 19, 'Ruang APD, Lt.2 Gd.C', 1, 'Aset PLN', 0, 0),
(17, 19, 'Ruang Keuangan, Lt.3 Gd.C', 1, 'Aset PLN', 0, 0),
(18, 19, 'Ruang Keuangan, Lt.3 Gd.C', 1, 'Aset PLN', 0, 0),
(19, 15, 'Ruang Keuangan, Lt.3 Gd.C', 1, 'Aset PLN', 0, 0),
(20, 15, 'Ruang Keuangan, Lt.3 Gd.C', 1, 'Aset PLN', 0, 0),
(21, 15, 'Ruang Keuangan, Lt.3 Gd.C', 1, 'Aset PLN', 0, 0),
(22, 15, 'Ruang Keuangan, Lt.3 Gd.C', 1, 'Aset PLN', 0, 0),
(23, 15, 'Ruang Keuangan, Lt.3 Gd.C', 1, 'Aset PLN', 0, 0),
(24, 19, 'Ruang Poli Klinik', 1, 'Aset PLN', 0, 0),
(25, 19, 'UP3 MEDAN', 6, 'Aset PLN', 2015, 0),
(26, 19, 'UP3 MEDAN', 6, 'Aset PLN', 2015, 0),
(27, 16, 'UP3 MEDAN', 6, 'Aset PLN', 2017, 0),
(28, 16, 'UP3 MEDAN', 6, 'Aset PLN', 2016, 0),
(29, 18, 'UP3 MEDAN', 6, 'Aset PLN', 2017, 0),
(30, 16, 'UP3 MEDAN', 6, 'Aset PLN', 2016, 0),
(31, 16, 'UP3 MEDAN', 6, 'Aset PLN', 2016, 0),
(32, 16, 'UP3 MEDAN', 6, 'Aset PLN', 2016, 0),
(33, 16, 'UP3 MEDAN', 6, 'Aset PLN', 2016, 0),
(34, 16, 'UP3 MEDAN', 6, 'Aset PLN', 2016, 0),
(35, 16, 'UP3 MEDAN', 6, 'Aset PLN', 2016, 0),
(36, 15, 'UP3 MEDAN', 6, 'Aset PLN', 2015, 0),
(37, 16, 'UP3 MEDAN', 6, 'Aset PLN', 2016, 0),
(38, 16, 'UP3 MEDAN', 6, 'Aset PLN', 2016, 0),
(39, 18, 'UP3 MEDAN', 6, 'Aset PLN', 2017, 0),
(40, 16, 'UP3 MEDAN', 6, 'Aset PLN', 2016, 0),
(41, 16, 'UP3 MEDAN', 6, 'Aset PLN', 2016, 0),
(42, 16, 'UP3 MEDAN', 6, 'Aset PLN', 2016, 0),
(43, 15, 'UP3 MEDAN', 6, 'Aset PLN', 2016, 0),
(44, 15, 'ULP MEDAN KOTA', 6, 'Aset PLN', 2016, 0),
(45, 16, 'ULP MEDAN KOTA', 6, 'Aset PLN', 2014, 0),
(46, 16, 'ULP MEDAN KOTA', 6, 'Aset PLN', 2012, 0),
(47, 15, 'ULP MEDAN KOTA', 6, 'Aset PLN', 2016, 0),
(48, 16, 'ULP MEDAN KOTA', 6, 'Aset PLN', 2014, 0),
(49, 15, 'ULP MEDAN KOTA', 6, 'Aset PLN', 2016, 0),
(50, 15, 'ULP SUNGGAL', 6, 'Aset PLN', 2016, 0),
(51, 15, 'ULP SUNGGAL', 6, 'Aset PLN', 2015, 0),
(52, 16, 'ULP SUNGGAL', 6, 'Aset PLN', 2016, 0),
(53, 15, 'ULP SUNGGAL', 6, 'Aset PLN', 2017, 0),
(54, 15, 'ULP SUNGGAL', 6, 'Aset PLN', 2017, 0),
(55, 15, 'ULP SUNGGAL', 6, 'Aset PLN', 2017, 0),
(56, 14, 'ULP JOHOR', 6, 'Aset PLN', 2014, 0),
(57, 14, 'ULP JOHOR', 6, 'Aset PLN', 2015, 0),
(58, 15, 'ULP JOHOR', 6, 'Aset PLN', 2015, 0),
(59, 14, 'ULP JOHOR', 6, 'Aset PLN', 2014, 0),
(60, 15, 'ULP JOHOR', 6, 'Aset PLN', 2015, 0),
(61, 15, 'ULP JOHOR', 6, 'Aset PLN', 2015, 0),
(62, 15, 'ULP JOHOR', 6, 'Aset PLN', 2015, 0),
(63, 15, 'ULP JOHOR', 6, 'Aset PLN', 2016, 0),
(64, 15, 'ULP MEDAN BARU', 6, 'Aset PLN', 2016, 0),
(65, 15, 'ULP MEDAN BARU', 6, 'Aset PLN', 2016, 0),
(66, 16, 'ULP MEDAN BARU', 6, 'Aset PLN', 2015, 0),
(67, 16, 'ULP MEDAN BARU', 6, 'Aset PLN', 2014, 0),
(68, 15, 'ULP MEDAN BARU', 6, 'Aset PLN', 2018, 0),
(69, 15, 'ULP MEDAN BARU', 6, 'Aset PLN', 2015, 0),
(70, 16, 'ULP MEDAN BARU', 6, 'Aset PLN', 2014, 0),
(71, 14, 'ULP MEDAN BARU', 6, 'Aset PLN', 2018, 0),
(72, 15, 'ULP MEDAN SELATAN', 6, 'Aset PLN', 2016, 0),
(73, 15, 'ULP MEDAN SELATAN', 6, 'Aset PLN', 2016, 0),
(74, 16, 'ULP MEDAN SELATAN', 6, 'Aset PLN', 2015, 0),
(75, 16, 'ULP MEDAN SELATAN', 6, 'Aset PLN', 2014, 0),
(76, 15, 'ULP MEDAN SELATAN', 6, 'Aset PLN', 2018, 0),
(77, 14, 'ULP MEDAN SELATAN', 6, 'Aset PLN', 2018, 0),
(78, 19, 'UP3 MEDAN UTARA', 5, 'Aset PLN', 2015, 0),
(79, 14, 'UP3 MEDAN UTARA', 5, 'Aset PLN', 2016, 0),
(80, 18, 'UP3 MEDAN UTARA', 5, 'Aset PLN', 2019, 0),
(81, 15, 'UP3 MEDAN UTARA', 5, 'Aset PLN', 2018, 0),
(82, 15, 'ULP MEDAN TIMUR', 5, 'Aset PLN', 2016, 0),
(83, 15, 'ULP MEDAN TIMUR', 5, 'Aset PLN', 2016, 0),
(84, 15, 'ULP MEDAN TIMUR', 5, 'Aset PLN', 2015, 0),
(85, 15, 'ULP MEDAN TIMUR', 5, 'Aset PLN', 2016, 0),
(86, 14, 'ULP MEDAN TIMUR', 5, 'Aset PLN', 2017, 0),
(87, 14, 'ULP MEDAN TIMUR', 5, 'Aset PLN', 2017, 0),
(88, 16, 'ULP MEDAN TIMUR', 5, 'Aset PLN', 2016, 0),
(89, 16, 'ULP LABUHAN', 5, 'Aset PLN', 2016, 0),
(90, 15, 'ULP LABUHAN', 5, 'Aset PLN', 2015, 0),
(91, 16, 'ULP LABUHAN', 5, 'Aset PLN', 2017, 0),
(92, 16, 'ULP LABUHAN', 5, 'Aset PLN', 2007, 0),
(93, 15, 'ULP LABUHAN', 5, 'Aset PLN', 2016, 0),
(94, 16, 'ULP LABUHAN', 5, 'Aset PLN', 2008, 0),
(95, 15, 'ULP LABUHAN', 5, 'Aset PLN', 2016, 0),
(96, 15, 'ULP BELAWAN', 5, 'Aset PLN', 2016, 0),
(97, 16, 'ULP BELAWAN', 5, 'Aset PLN', 2009, 0),
(98, 16, 'ULP BELAWAN', 5, 'Aset PLN', 2016, 0),
(99, 15, 'ULP BELAWAN', 5, 'Aset PLN', 2018, 0),
(100, 16, 'ULP BELAWAN', 5, 'Aset PLN', 2016, 0),
(101, 16, 'ULP HELVETIA', 5, 'Aset PLN', 2016, 0),
(102, 16, 'ULP HELVETIA', 5, 'Aset PLN', 2016, 0),
(103, 16, 'ULP HELVETIA', 5, 'Aset PLN', 2016, 0),
(104, 16, 'ULP HELVETIA', 5, 'Aset PLN', 2016, 0),
(105, 15, 'ULP HELVETIA', 5, 'Aset PLN', 2016, 0),
(106, 15, 'ULP HELVETIA', 5, 'Aset PLN', 2016, 0),
(107, 16, 'ULP HELVETIA', 5, 'Aset PLN', 2017, 0),
(108, 16, 'UP3 Lubuk Pakam', 4, 'Aset PLN', 0, 0),
(109, 15, 'UP3 Lubuk Pakam', 4, 'Aset PLN', 0, 0),
(110, 15, 'UP3 Lubuk Pakam', 4, 'Aset PLN', 0, 0),
(111, 16, 'UP3 Lubuk Pakam', 4, 'Aset PLN', 0, 0),
(112, 16, 'UP3 Lubuk Pakam', 4, 'Aset PLN', 0, 0),
(113, 14, 'UP3 Lubuk Pakam', 4, 'Aset PLN', 0, 0),
(114, 14, 'UP3 Lubuk Pakam', 4, 'Aset PLN', 0, 0),
(115, 15, 'UP3 Lubuk Pakam', 4, 'Aset PLN', 0, 0),
(116, 14, 'UP3 Lubuk Pakam', 4, 'Aset PLN', 0, 0),
(117, 16, 'UP3 Lubuk Pakam', 4, 'Aset PLN', 0, 0),
(118, 16, 'UP3 Lubuk Pakam', 4, 'Aset PLN', 0, 0),
(119, 16, 'UP3 Lubuk Pakam', 4, 'Aset PLN', 0, 0),
(120, 16, 'UP3 Lubuk Pakam', 4, 'Aset PLN', 0, 0),
(121, 16, 'UP3 Lubuk Pakam', 4, 'Aset PLN', 0, 0),
(122, 14, 'UP3 Lubuk Pakam', 4, 'Aset PLN', 0, 0),
(123, 14, 'UP3 Lubuk Pakam', 4, 'Aset PLN', 0, 0),
(124, 16, 'UP3 Lubuk Pakam', 4, 'Aset PLN', 0, 0),
(125, 15, 'UP3 Lubuk Pakam', 4, 'Aset PLN', 0, 0),
(126, 15, 'UP3 Lubuk Pakam', 4, 'Aset PLN', 0, 0),
(127, 15, 'UP3 Lubuk Pakam', 4, 'Aset PLN', 0, 0),
(128, 14, 'UP3 Lubuk Pakam', 4, 'Aset PLN', 0, 0),
(129, 14, 'UP3 Lubuk Pakam', 4, 'Aset PLN', 0, 0),
(130, 14, 'UP3 Lubuk Pakam', 4, 'Aset PLN', 0, 0),
(131, 16, 'UP3 Lubuk Pakam', 4, 'Aset PLN', 0, 0),
(132, 14, 'UP3 Lubuk Pakam', 4, 'Aset PLN', 0, 0),
(133, 15, 'UP3 Lubuk Pakam', 4, 'Aset PLN', 0, 0),
(134, 14, 'UP3 Lubuk Pakam', 4, 'Aset PLN', 0, 0),
(135, 14, 'UP3 Lubuk Pakam', 4, 'Aset PLN', 0, 0),
(136, 14, 'UP3 Lubuk Pakam', 4, 'Aset PLN', 0, 0),
(137, 16, 'UP3 Lubuk Pakam', 4, 'Aset PLN', 0, 0),
(138, 15, 'UP3 Lubuk Pakam', 4, 'Aset PLN', 0, 0),
(139, 16, 'UP3 Lubuk Pakam', 4, 'Aset PLN', 0, 0),
(140, 14, 'UP3 Lubuk Pakam', 4, 'Aset PLN', 0, 0),
(141, 15, 'UP3 Lubuk Pakam', 4, 'Aset PLN', 0, 0),
(142, 15, 'UP3 Lubuk Pakam', 4, 'Aset PLN', 0, 0),
(143, 16, 'UP3 Lubuk Pakam', 4, 'Aset PLN', 0, 0),
(144, 14, 'UP3 Lubuk Pakam', 4, 'Aset PLN', 0, 0),
(145, 16, 'UP3 Lubuk Pakam', 4, 'Aset PLN', 0, 0),
(146, 16, 'UP3 Lubuk Pakam', 4, 'Aset PLN', 0, 0),
(147, 14, 'UP3 Lubuk Pakam', 4, 'Aset PLN', 0, 0),
(148, 16, 'UP3 Lubuk Pakam', 4, 'Aset PLN', 0, 0),
(149, 16, 'UP3 Lubuk Pakam', 4, 'Aset PLN', 0, 0),
(150, 14, 'ULP Deli Tua', 4, 'Aset PLN', 0, 0),
(151, 15, 'ULP Deli Tua', 4, 'Aset PLN', 0, 0),
(152, 14, 'ULP Deli Tua', 4, 'Aset PLN', 0, 0),
(153, 15, 'ULP Deli Tua', 4, 'Aset PLN', 0, 0),
(154, 16, 'ULP Deli Tua', 4, 'Aset PLN', 0, 0),
(155, 16, 'ULP Deli Tua', 4, 'Aset PLN', 0, 0),
(156, 14, 'ULP Deli Tua', 4, 'Aset PLN', 0, 0),
(157, 16, 'ULP Deli Tua', 4, 'Aset PLN', 0, 0),
(158, 16, 'ULP Deli Tua', 4, 'Aset PLN', 0, 0),
(159, 16, 'ULP GALANG', 4, 'Aset PLN', 2015, 0),
(160, 14, 'ULP GALANG', 4, 'Aset PLN', 0, 0),
(161, 14, 'ULP GALANG', 4, 'Aset PLN', 0, 0),
(162, 15, 'ULP GALANG', 4, 'Aset PLN', 0, 0),
(163, 15, 'ULP GALANG', 4, 'Aset PLN', 0, 0),
(164, 15, 'ULP GALANG', 4, 'Aset PLN', 0, 0),
(165, 14, 'ULP GALANG', 4, 'Aset PLN', 0, 0),
(166, 14, 'ULP GALANG', 4, 'Aset PLN', 0, 0),
(167, 16, 'ULP Pakam Kota', 4, 'Aset PLN', 0, 0),
(168, 15, 'ULP Pakam Kota', 4, 'Aset PLN', 0, 0),
(169, 16, 'ULP Pakam Kota', 4, 'Aset PLN', 0, 0),
(170, 16, 'ULP Pakam Kota', 4, 'Aset PLN', 0, 0),
(171, 15, 'ULP Pakam Kota', 4, 'Aset PLN', 0, 0),
(172, 14, 'ULP Pakam Kota', 4, 'Aset PLN', 0, 0),
(173, 15, 'ULP Pakam Kota', 4, 'Aset PLN', 0, 0),
(174, 14, 'ULP Pakam Kota', 4, 'Aset PLN', 0, 0),
(175, 16, 'ULP Pakam Kota', 4, 'Aset PLN', 0, 0),
(176, 15, 'ULP Pakam Kota', 4, 'Aset PLN', 0, 0),
(177, 16, 'ULP Pakam Kota', 4, 'Aset PLN', 0, 0),
(178, 16, 'ULP Pakam Kota', 4, 'Aset PLN', 0, 0),
(179, 15, 'ULP Medan Denai', 4, 'Aset PLN', 0, 0),
(180, 16, 'ULP Medan Denai', 4, 'Aset PLN', 0, 0),
(181, 16, 'ULP Medan Denai', 4, 'Aset PLN', 0, 0),
(182, 15, 'ULP Medan Denai', 4, 'Aset PLN', 0, 0),
(183, 16, 'ULP Medan Denai', 4, 'Aset PLN', 0, 0),
(184, 16, 'ULP Medan Denai', 4, 'Aset PLN', 0, 0),
(185, 15, 'ULP Medan Denai', 4, 'Aset PLN', 0, 0),
(186, 15, 'ULP Medan Denai', 4, 'Aset PLN', 0, 0),
(187, 15, 'ULP Medan Denai', 4, 'Aset PLN', 0, 0),
(188, 15, 'ULP Medan Denai', 4, 'Aset PLN', 0, 0),
(189, 16, 'ULP Medan Denai', 4, 'Aset PLN', 0, 0),
(190, 14, 'ULP PERBAUNGAN', 4, 'Aset PLN', 0, 0),
(191, 14, 'ULP PERBAUNGAN', 4, 'Aset PLN', 0, 0),
(192, 14, 'ULP PERBAUNGAN', 4, 'Aset PLN', 0, 0),
(193, 14, 'ULP PERBAUNGAN', 4, 'Aset PLN', 0, 0),
(194, 14, 'ULP PERBAUNGAN', 4, 'Aset PLN', 0, 0),
(195, 15, 'ULP PERBAUNGAN', 4, 'Aset PLN', 0, 0),
(196, 14, 'ULP PERBAUNGAN', 4, 'Aset PLN', 0, 0),
(197, 15, 'ULP PERBAUNGAN', 4, 'Aset PLN', 0, 0),
(198, 15, 'ULP Sei Rampah', 4, 'Aset PLN', 0, 0),
(199, 14, 'ULP Sei Rampah', 4, 'Aset PLN', 0, 0),
(200, 14, 'ULP Sei Rampah', 4, 'Aset PLN', 0, 0),
(201, 14, 'ULP Sei Rampah', 4, 'Aset PLN', 0, 0),
(202, 14, 'ULP Sei Rampah', 4, 'Aset PLN', 0, 0),
(203, 16, 'ULP Sei Rampah', 4, 'Aset PLN', 0, 0),
(204, 14, 'ULP Sei Rampah', 4, 'Aset PLN', 0, 0),
(205, 15, 'ULP Tanjung Morawa', 4, 'Aset PLN', 0, 0),
(206, 15, 'ULP Tanjung Morawa', 4, 'Aset PLN', 0, 0),
(207, 16, 'ULP Tanjung Morawa', 4, 'Aset PLN', 0, 0),
(208, 15, 'ULP Tanjung Morawa', 4, 'Aset PLN', 0, 0),
(209, 15, 'ULP Tanjung Morawa', 4, 'Aset PLN', 0, 0),
(210, 15, 'ULP Tanjung Morawa', 4, 'Aset PLN', 0, 0),
(211, 15, 'ULP Tanjung Morawa', 4, 'Aset PLN', 0, 0),
(212, 16, 'ULP Tanjung Morawa', 4, 'Aset PLN', 0, 0),
(213, 16, 'ULP Tanjung Morawa', 4, 'Aset PLN', 0, 0),
(214, 19, 'UP3 Binjai', 2, 'Aset PLN', 0, 0),
(215, 19, 'UP3 Binjai', 2, 'Aset PLN', 0, 0),
(216, 19, 'UP3 Binjai', 2, 'Aset PLN', 0, 0),
(217, 16, 'UP3 Binjai', 2, 'Aset PLN', 0, 0),
(218, 16, 'UP3 Binjai', 2, 'Aset PLN', 0, 0),
(219, 16, 'UP3 Binjai', 2, 'Aset PLN', 0, 0),
(220, 16, 'UP3 Binjai', 2, 'Aset PLN', 0, 0),
(221, 16, 'UP3 Binjai', 2, 'Aset PLN', 0, 0),
(222, 16, 'UP3 Binjai', 2, 'Aset PLN', 0, 0),
(223, 16, 'UP3 Binjai', 2, 'Aset PLN', 0, 0),
(224, 16, 'UP3 Binjai', 2, 'Aset PLN', 0, 0),
(225, 16, 'UP3 Binjai', 2, 'Aset PLN', 0, 0),
(226, 16, 'UP3 Binjai', 2, 'Aset PLN', 0, 0),
(227, 16, 'UP3 Binjai', 2, 'Aset PLN', 0, 0),
(228, 16, 'UP3 Binjai', 2, 'Aset PLN', 0, 0),
(229, 16, 'UP3 Binjai', 2, 'Aset PLN', 0, 0),
(230, 16, 'UP3 Binjai', 2, 'Aset PLN', 0, 0),
(231, 16, 'UP3 Binjai', 2, 'Aset PLN', 0, 0),
(232, 16, 'UP3 Binjai', 2, 'Aset PLN', 0, 0),
(233, 16, 'UP3 Binjai', 2, 'Aset PLN', 0, 0),
(234, 16, 'UP3 Binjai', 2, 'Aset PLN', 0, 0),
(235, 16, 'UP3 Binjai', 2, 'Aset PLN', 0, 0),
(236, 15, 'UP3 Binjai', 2, 'Aset PLN', 0, 0),
(237, 16, 'UP3 Binjai', 2, 'Aset PLN', 0, 0),
(238, 16, 'UP3 Binjai', 2, 'Aset PLN', 0, 0),
(239, 16, 'UP3 Binjai', 2, 'Aset PLN', 0, 0),
(240, 15, 'UP3 Binjai', 2, 'Aset PLN', 0, 0),
(241, 16, 'UP3 Binjai', 2, 'Aset PLN', 0, 0),
(242, 16, 'UP3 Binjai', 2, 'Aset PLN', 0, 0),
(243, 15, 'ULP Binjai Kota', 2, 'Aset PLN', 0, 0),
(244, 16, 'ULP Binjai Kota', 2, 'Aset PLN', 0, 0),
(245, 16, 'ULP Binjai Kota', 2, 'Aset PLN', 0, 0),
(246, 15, 'ULP Stabat', 2, 'Aset PLN', 0, 0),
(247, 16, 'ULP Stabat', 2, 'Aset PLN', 0, 0),
(248, 16, 'ULP Stabat', 2, 'Aset PLN', 0, 0),
(249, 16, 'ULP Binjai Timur', 2, 'Aset PLN', 0, 0),
(250, 16, 'ULP Binjai Timur', 2, 'Aset PLN', 0, 0),
(251, 15, 'Ulp Tanjung Pura', 2, 'Aset PLN', 0, 0),
(252, 16, 'Ulp Tanjung Pura', 2, 'Aset PLN', 0, 0),
(253, 14, 'Ulp Tanjung Pura', 2, 'Aset PLN', 0, 0),
(254, 14, 'Ulp Tanjung Pura', 2, 'Aset PLN', 0, 0),
(255, 14, 'Ulp Tanjung Pura', 2, 'Aset PLN', 0, 0),
(256, 14, 'Ulp Tanjung Pura', 2, 'Aset PLN', 0, 0),
(257, 18, 'Ulp Gebang', 2, 'Aset PLN', 0, 0),
(258, 15, 'Ulp Gebang', 2, 'Aset PLN', 0, 0),
(259, 15, 'Ulp Gebang', 2, 'Aset PLN', 0, 0),
(260, 15, 'Ulp Gebang', 2, 'Aset PLN', 0, 0),
(261, 14, 'Ulp Pangkalan Brandan', 2, 'Aset PLN', 0, 0),
(262, 16, 'Ulp Pangkalan Brandan', 2, 'Aset PLN', 0, 0),
(263, 16, 'Ulp Pangkalan Brandan', 2, 'Aset PLN', 0, 0),
(264, 15, 'Ulp Pangkalan Brandan', 2, 'Aset PLN', 0, 0),
(265, 16, 'Ulp Pangkalan Susu', 2, 'Aset PLN', 0, 0),
(266, 16, 'Ulp Pangkalan Susu', 2, 'Aset PLN', 0, 0),
(267, 16, 'Ulp Pangkalan Susu', 2, 'Aset PLN', 0, 0),
(268, 16, 'Ulp Pangkalan Susu', 2, 'Aset PLN', 0, 0),
(269, 16, 'Ulp Pangkalan Susu', 2, 'Aset PLN', 0, 0),
(270, 16, 'Ulp Pangkalan Susu', 2, 'Aset PLN', 0, 0),
(271, 19, 'UP3 Bukit Barisan', 3, 'Aset PLN', 0, 0),
(272, 15, 'UP3 Bukit Barisan', 3, 'Aset PLN', 0, 0),
(273, 15, 'UP3 Bukit Barisan', 3, 'Aset PLN', 0, 0),
(274, 16, 'UP3 Bukit Barisan', 3, 'Aset PLN', 0, 0),
(275, 14, 'UP3 Bukit Barisan', 3, 'Aset PLN', 0, 0),
(276, 15, 'UP3 Bukit Barisan', 3, 'Aset PLN', 0, 0),
(277, 15, 'UP3 Bukit Barisan', 3, 'Aset PLN', 0, 0),
(278, 15, 'UP3 Bukit Barisan', 3, 'Aset PLN', 0, 0),
(279, 15, 'UP3 Bukit Barisan', 3, 'Aset PLN', 0, 0),
(280, 14, 'UP3 Bukit Barisan', 3, 'Aset PLN', 0, 0),
(281, 15, 'UP3 Bukit Barisan', 3, 'Aset PLN', 0, 0),
(282, 16, 'UP3 Bukit Barisan', 3, 'Aset PLN', 0, 0),
(283, 15, 'UP3 Bukit Barisan', 3, 'Aset PLN', 0, 0),
(284, 16, 'ULP Brastagi', 3, 'Aset PLN', 0, 0),
(285, 16, 'ULP Brastagi', 3, 'Aset PLN', 0, 0),
(286, 16, 'ULP Brastagi', 3, 'Aset PLN', 0, 0),
(287, 15, 'ULP Kabanjahe', 3, 'Aset PLN', 0, 0),
(288, 16, 'ULP Kabanjahe', 3, 'Aset PLN', 0, 0),
(289, 16, 'ULP Kabanjahe', 3, 'Aset PLN', 0, 0),
(290, 16, 'ULP Tigabinanga', 3, 'Aset PLN', 0, 0),
(291, 16, 'ULP Tigabinanga', 3, 'Aset PLN', 0, 0),
(292, 16, 'ULP Tigabinanga', 3, 'Aset PLN', 0, 0),
(293, 14, 'ULP Pancur Batu', 3, 'Aset PLN', 0, 0),
(294, 16, 'ULP Pancur Batu', 3, 'Aset PLN', 0, 0),
(295, 16, 'ULP Pancur Batu', 3, 'Aset PLN', 0, 0),
(296, 15, 'ULP Pancur Batu', 3, 'Aset PLN', 0, 0),
(297, 19, 'UP3 Pematangsiantar', 9, 'Aset PLN', 0, 0),
(298, 19, 'UP3 Pematangsiantar', 9, 'Aset PLN', 0, 0),
(299, 19, 'UP3 Pematangsiantar', 9, 'Aset PLN', 0, 0),
(300, 15, 'ULP Tanah Jawa', 9, 'Aset PLN', 0, 0),
(301, 15, 'ULP Tanah Jawa', 9, 'Aset PLN', 0, 0),
(302, 15, 'ULP Tanah Jawa', 9, 'Aset PLN', 0, 0),
(303, 15, 'ULP Tanah Jawa', 9, 'Aset PLN', 0, 0),
(304, 16, 'ULP PANGURURAN', 9, 'Aset PLN', 0, 0),
(305, 16, 'ULP PANGURURAN', 9, 'Aset PLN', 0, 0),
(306, 15, 'ULP PANGURURAN', 9, 'Aset PLN', 0, 0),
(307, 16, 'ULP PANGURURAN', 9, 'Aset PLN', 0, 0),
(308, 15, 'ULP SIDAMANIK', 9, 'Aset PLN', 0, 0),
(309, 15, 'ULP SIDAMANIK', 9, 'Aset PLN', 0, 0),
(310, 15, 'ULP SIDAMANIK', 9, 'Aset PLN', 0, 0),
(311, 15, 'ULP SIDAMANIK', 9, 'Aset PLN', 0, 0),
(312, 15, 'ULP SIDAMANIK', 9, 'Aset PLN', 0, 0),
(313, 89, 'ULP SIDAMANIK', 9, 'Aset PLN', 0, 0),
(314, 15, 'ULP PARAPAT', 9, 'Aset PLN', 0, 0),
(315, 15, 'ULP PARAPAT', 9, 'Aset PLN', 0, 0),
(316, 15, 'ULP PARAPAT', 9, 'Aset PLN', 0, 0),
(317, 89, 'ULP PARAPAT', 9, 'Aset PLN', 0, 0),
(318, 16, 'ULP Tebing Tinggi', 9, 'Aset PLN', 0, 0),
(319, 16, 'ULP Labuhan Bilik ', 10, 'Aset PLN', 2013, 0),
(320, 15, 'ULP Labuhan Bilik ', 10, 'Aset PLN', 2016, 0),
(321, 16, 'ULP Kota Pinang', 10, 'Aset PLN', 2013, 0),
(322, 15, 'ULP Kota Pinang', 10, 'Aset PLN', 2016, 0),
(323, 16, 'ULP Kota Pinang', 10, 'Aset PLN', 2016, 0),
(324, 16, 'ULP Aek Nabara', 10, 'Aset PLN', 2013, 0),
(325, 16, 'ULP Aek Nabara', 10, 'Aset PLN', 2013, 0),
(326, 15, 'ULP Aek Nabara', 10, 'Aset PLN', 2012, 0),
(327, 15, 'ULP TANJUNG BALAI', 72, 'Aset PLN', 0, 0),
(328, 15, 'ULP AEK KANOPAN', 66, 'Aset PLN', 0, 0),
(329, 15, 'ULP SIMPANG KAWAT', 73, 'Aset PLN', 0, 0),
(330, 15, 'ULP AEK KOTA BATU', 67, 'Aset PLN', 0, 0),
(331, 16, 'ULP AEK KOTA BATU', 67, 'Aset PLN', 0, 0),
(332, 16, 'ULP AEK KOTA BATU', 67, 'Aset PLN', 0, 0),
(333, 19, 'UP3 RANTAUPRAPAT', 10, 'Aset PLN', 2016, 0),
(334, 19, 'UP3 RANTAUPRAPAT', 10, 'Aset PLN', 2016, 0),
(335, 19, 'UP3 RANTAUPRAPAT', 10, 'Aset PLN', 2016, 0),
(336, 16, 'ULP RANTAU KOTA', 10, 'Aset PLN', 2010, 0),
(337, 15, 'ULP RANTAU KOTA', 10, 'Aset PLN', 2015, 0),
(338, 14, 'ULP RANTAU KOTA', 10, 'Aset PLN', 2015, 0),
(339, 15, 'ULP RANTAU KOTA', 10, 'Aset PLN', 2016, 0),
(340, 15, 'ULP RANTAU KOTA', 10, 'Aset PLN', 2016, 0),
(341, 15, 'ULP RANTAU KOTA', 10, 'Aset PLN', 2014, 0),
(342, 15, 'ULP RANTAU KOTA', 10, 'Aset PLN', 2015, 0),
(343, 15, 'ULP RANTAU KOTA', 10, 'Aset PLN', 2010, 0),
(344, 14, 'UP3 SIBOLGA', 11, 'Aset PLN', 2011, 0),
(345, 14, 'UP3 SIBOLGA', 11, 'Aset PLN', 2011, 0),
(346, 14, 'UP3 SIBOLGA', 11, 'Aset PLN', 2011, 0),
(347, 14, 'UP3 SIBOLGA', 11, 'Aset PLN', 2011, 0),
(348, 14, 'UP3 SIBOLGA', 11, 'Aset PLN', 2011, 0),
(349, 14, 'UP3 SIBOLGA', 11, 'Aset PLN', 2011, 0),
(350, 14, 'UP3 SIBOLGA', 11, 'Aset PLN', 0, 0),
(351, 14, 'UP3 SIBOLGA', 11, 'Aset PLN', 2011, 0),
(352, 14, 'UP3 SIBOLGA', 11, 'Aset PLN', 2011, 0),
(353, 14, 'UP3 SIBOLGA', 11, 'Aset PLN', 0, 0),
(354, 16, 'UP3 SIBOLGA', 11, 'Aset PLN', 2011, 0),
(355, 14, 'UP3 SIBOLGA', 11, 'Aset PLN', 0, 0),
(356, 16, 'UP3 SIBOLGA', 11, 'Aset PLN', 0, 0),
(357, 14, 'UP3 SIBOLGA', 11, 'Aset PLN', 0, 0),
(358, 14, 'UP3 SIBOLGA', 11, 'Aset PLN', 2011, 0),
(359, 14, 'UP3 SIBOLGA', 11, 'Aset PLN', 2011, 0),
(360, 16, 'UP3 SIBOLGA', 11, 'Aset PLN', 2011, 0),
(361, 14, 'UP3 SIBOLGA', 11, 'Aset PLN', 2011, 0),
(362, 16, 'UP3 SIBOLGA', 11, 'Aset PLN', 2011, 0),
(363, 19, 'UP3 SIBOLGA', 11, 'Aset PLN', 0, 0),
(364, 19, 'UP3 SIBOLGA', 11, 'Aset PLN', 0, 0),
(365, 19, 'UP3 SIBOLGA', 11, 'Aset PLN', 0, 0),
(366, 15, 'ULP SIBOLGA KOTA', 11, 'Aset PLN', 2011, 0),
(367, 14, 'ULP DOLOKSANGGUL', 11, 'Aset PLN', 2011, 0),
(368, 14, 'ULP DOLOKSANGGUL', 11, 'Aset PLN', 2011, 0),
(369, 14, 'ULP DOLOKSANGGUL', 11, 'Aset PLN', 2011, 0),
(370, 15, 'ULP DOLOKSANGGUL', 11, 'Aset PLN', 0, 0),
(371, 14, 'ULP PORSEA', 11, 'Aset PLN', 0, 0),
(372, 14, 'ULP PORSEA', 11, 'Aset PLN', 0, 0),
(373, 15, 'ULP PORSEA', 11, 'Aset PLN', 0, 0),
(374, 14, 'ULP PORSEA', 11, 'Aset PLN', 0, 0),
(375, 89, 'ULP PORSEA', 11, 'Aset PLN', 2013, 0),
(376, 15, 'ULP BALIGE', 11, 'Aset PLN', 0, 0),
(377, 14, 'ULP BALIGE', 11, 'Aset PLN', 0, 0),
(378, 14, 'ULP BALIGE', 11, 'Aset PLN', 0, 0),
(379, 14, 'ULP BALIGE', 11, 'Aset PLN', 0, 0),
(380, 15, 'ULP BARUS', 11, 'Aset PLN', 0, 0),
(381, 15, 'ULP BARUS', 11, 'Aset PLN', 2011, 0),
(382, 15, 'ULP BARUS', 11, 'Aset PLN', 0, 0),
(383, 14, 'ULP BARUS', 11, 'Aset PLN', 0, 0),
(384, 14, 'ULP BARUS', 11, 'Aset PLN', 2011, 0),
(385, 14, 'ULP BARUS', 11, 'Aset PLN', 0, 0),
(386, 15, 'ULP BARUS', 11, 'Aset PLN', 0, 0),
(387, 15, 'ULP TARUTUNG', 11, 'Aset PLN', 0, 0),
(388, 89, 'ULP TARUTUNG', 11, 'Aset PLN', 2013, 0),
(389, 19, 'UP3 Padangsidimpuan', 8, 'Aset PLN', 0, 0),
(390, 19, 'UP3 Padangsidimpuan', 8, 'Aset PLN', 0, 0),
(391, 19, 'UP3 Padangsidimpuan', 8, 'Aset PLN', 0, 0),
(392, 19, 'up3 nias', 7, 'Aset PLN', 0, 0),
(393, 19, 'ulp gunungsitoli', 7, 'Aset PLN', 0, 0),
(394, 19, 'ulp Teluk Dalam', 7, 'Aset PLN', 0, 0),
(395, 18, 'UIP SUMBAGUT', 107, 'Aset PLN', 0, 0),
(396, 18, 'UIP SUMBAGUT', 107, 'Aset PLN', 0, 0),
(397, 18, 'UIP SUMBAGUT', 107, 'Aset PLN', 0, 0),
(398, 18, 'UIP SUMBAGUT', 107, 'Aset PLN', 0, 0),
(399, 18, 'UIP SUMBAGUT', 107, 'Aset PLN', 0, 0),
(400, 18, 'UIP SUMBAGUT', 107, 'Aset PLN', 0, 0),
(401, 16, 'BINARA NAINGGOLAN', 107, 'Aset PLN', 0, 0),
(402, 16, 'PRASTANTO PUTRA', 107, 'Aset PLN', 0, 0),
(403, 16, 'SYAMSUDDIN GURNING', 107, 'Aset PLN', 0, 0),
(404, 16, 'UIP SUMBAGUT', 107, 'Aset PLN', 0, 0),
(405, 16, 'JUNAEDI', 107, 'Aset PLN', 0, 0),
(406, 16, 'DEVI PARLINA', 107, 'Aset PLN', 0, 0),
(407, 16, 'RIKA NURHAETI AGUSTINI', 107, 'Aset PLN', 0, 0),
(408, 16, 'FAJRI RAMADHAN', 107, 'Aset PLN', 0, 0),
(409, 16, 'KURNIAWAN TANJUNG', 107, 'Aset PLN', 0, 0),
(410, 16, 'RURI (ISS INDONESIA)', 107, 'Aset PLN', 0, 0),
(411, 16, 'PLN-E', 107, 'Aset PLN', 0, 0),
(412, 16, 'MAYTA NOFIKA BR SEMBIRING', 107, 'Aset PLN', 0, 0),
(413, 16, 'ANDRI PRAYOGI', 107, 'Aset PLN', 0, 0),
(414, 16, 'MICHAEL MARIO RAPDEAR SINAGA', 107, 'Aset PLN', 0, 0),
(415, 16, 'ANTON MARLINDO', 107, 'Aset PLN', 0, 0),
(416, 16, 'BAYU NOVEL', 107, 'Aset PLN', 0, 0),
(417, 18, 'MUHAMMAD SHALIHIN', 107, 'Aset PLN', 0, 0),
(418, 15, 'HERAWATI', 107, 'Aset PLN', 0, 0),
(419, 16, 'UIP SUMBAGUT', 107, 'Aset PLN', 0, 0),
(420, 16, 'UIP SUMBAGUT', 107, 'Aset PLN', 0, 0),
(421, 16, 'UIP SUMBAGUT', 107, 'Aset PLN', 0, 0),
(422, 16, 'PRINTER FASOP 2', 103, 'Aset PLN', 2011, 0),
(423, 15, 'PRINTER FASOP 1', 103, 'Aset PLN', 2015, 0),
(424, 16, 'PRINTER FASOP 3', 103, 'Aset PLN', 2007, 0),
(425, 15, 'PRINTER MANAGER', 103, 'Aset PLN', 2016, 0),
(426, 15, 'PRINTER ADUM 1', 103, 'Aset PLN', 2017, 0),
(427, 16, 'PRINTER ADUM 2', 103, 'Aset PLN', 2006, 0),
(428, 16, 'PRINTER ASMAN ADUM', 103, 'Aset PLN', 2012, 0),
(429, 16, 'PRINTER OPERASI 1', 103, 'Aset PLN', 2006, 0),
(430, 15, 'PRINTER OPERASI 2', 103, 'Aset PLN', 2017, 0),
(431, 16, 'PRINTER OPERASI 3', 103, 'Aset PLN', 2006, 0),
(432, 16, 'PRINTER  ASMAN OPERASI', 103, 'Aset PLN', 2006, 0),
(433, 16, 'PRINTER SEK MANAJER', 103, 'Aset PLN', 2006, 0),
(434, 15, 'PRINTER DISPATCHER', 103, 'Aset PLN', 2016, 0),
(435, 16, 'PRINTER KOPERASI 1', 103, 'Aset PLN', 2013, 0),
(436, 15, 'PRINTER KOPERASI 2', 103, 'Aset PLN', 2016, 0),
(437, 14, 'PRINTER KOPERASI 3', 103, 'Aset PLN', 2015, 0),
(1, 19, 'Ruang Prioritas, Lt.1 Gd.A', 1, 'Aset PLN', 0, 0),
(2, 19, 'Ruang Sekum, Lt,2 Gd.A', 1, 'Aset PLN', 0, 0),
(3, 19, 'Ruang Renpeg, Lt.2 Gd.A', 1, 'Aset PLN', 0, 0),
(4, 19, 'Ruang Sekretaris GM, Lt.2 Gd.A', 1, 'Aset PLN', 0, 0),
(5, 19, 'Ruang Distribusi, Lt.3 Gd.A', 1, 'Aset PLN', 0, 0),
(6, 19, 'Ruang Humas, Lt.1 Gd.B', 1, 'Aset PLN', 0, 0),
(7, 19, 'Ruang Pengadaan, Lt.1 Gd.B', 1, 'Aset PLN', 0, 0),
(8, 19, 'Ruang Rumah Tangg, Lt.1 Gd.B', 1, 'Aset PLN', 0, 0),
(9, 19, 'Ruang Kepegawaian,Lt.1 Gd.B', 1, 'Aset PLN', 0, 0),
(10, 19, 'Ruang Renus, Lt.2 Gd.B', 1, 'Aset PLN', 0, 0),
(11, 15, 'Ruang Renus, Lt.2 Gd.B', 1, 'Aset PLN', 0, 0),
(12, 15, 'Ruang Rensus, Lt.2 Gd.B', 1, 'Aset PLN', 0, 0),
(13, 19, 'Ruang UP2K, Lt.3 Gd.B', 1, 'Aset PLN', 0, 0),
(14, 19, 'Ruang Pemasaran, Lt.3 Gd.B', 1, 'Aset PLN', 0, 0),
(15, 19, 'Ruang Niaga, Lt.3 Gd.B', 1, 'Aset PLN', 0, 0),
(16, 19, 'Ruang APD, Lt.2 Gd.C', 1, 'Aset PLN', 0, 0),
(17, 19, 'Ruang Keuangan, Lt.3 Gd.C', 1, 'Aset PLN', 0, 0),
(18, 19, 'Ruang Keuangan, Lt.3 Gd.C', 1, 'Aset PLN', 0, 0),
(19, 15, 'Ruang Keuangan, Lt.3 Gd.C', 1, 'Aset PLN', 0, 0),
(20, 15, 'Ruang Keuangan, Lt.3 Gd.C', 1, 'Aset PLN', 0, 0),
(21, 15, 'Ruang Keuangan, Lt.3 Gd.C', 1, 'Aset PLN', 0, 0),
(22, 15, 'Ruang Keuangan, Lt.3 Gd.C', 1, 'Aset PLN', 0, 0),
(23, 15, 'Ruang Keuangan, Lt.3 Gd.C', 1, 'Aset PLN', 0, 0),
(24, 19, 'Ruang Poli Klinik', 1, 'Aset PLN', 0, 0),
(25, 19, 'UP3 MEDAN', 6, 'Aset PLN', 2015, 0),
(26, 19, 'UP3 MEDAN', 6, 'Aset PLN', 2015, 0),
(27, 16, 'UP3 MEDAN', 6, 'Aset PLN', 2017, 0),
(28, 16, 'UP3 MEDAN', 6, 'Aset PLN', 2016, 0),
(29, 18, 'UP3 MEDAN', 6, 'Aset PLN', 2017, 0),
(30, 16, 'UP3 MEDAN', 6, 'Aset PLN', 2016, 0),
(31, 16, 'UP3 MEDAN', 6, 'Aset PLN', 2016, 0),
(32, 16, 'UP3 MEDAN', 6, 'Aset PLN', 2016, 0),
(33, 16, 'UP3 MEDAN', 6, 'Aset PLN', 2016, 0),
(34, 16, 'UP3 MEDAN', 6, 'Aset PLN', 2016, 0),
(35, 16, 'UP3 MEDAN', 6, 'Aset PLN', 2016, 0),
(36, 15, 'UP3 MEDAN', 6, 'Aset PLN', 2015, 0),
(37, 16, 'UP3 MEDAN', 6, 'Aset PLN', 2016, 0),
(38, 16, 'UP3 MEDAN', 6, 'Aset PLN', 2016, 0),
(39, 18, 'UP3 MEDAN', 6, 'Aset PLN', 2017, 0),
(40, 16, 'UP3 MEDAN', 6, 'Aset PLN', 2016, 0),
(41, 16, 'UP3 MEDAN', 6, 'Aset PLN', 2016, 0),
(42, 16, 'UP3 MEDAN', 6, 'Aset PLN', 2016, 0),
(43, 15, 'UP3 MEDAN', 6, 'Aset PLN', 2016, 0),
(44, 15, 'ULP MEDAN KOTA', 6, 'Aset PLN', 2016, 0),
(45, 16, 'ULP MEDAN KOTA', 6, 'Aset PLN', 2014, 0),
(46, 16, 'ULP MEDAN KOTA', 6, 'Aset PLN', 2012, 0),
(47, 15, 'ULP MEDAN KOTA', 6, 'Aset PLN', 2016, 0),
(48, 16, 'ULP MEDAN KOTA', 6, 'Aset PLN', 2014, 0),
(49, 15, 'ULP MEDAN KOTA', 6, 'Aset PLN', 2016, 0),
(50, 15, 'ULP SUNGGAL', 6, 'Aset PLN', 2016, 0),
(51, 15, 'ULP SUNGGAL', 6, 'Aset PLN', 2015, 0),
(52, 16, 'ULP SUNGGAL', 6, 'Aset PLN', 2016, 0),
(53, 15, 'ULP SUNGGAL', 6, 'Aset PLN', 2017, 0),
(54, 15, 'ULP SUNGGAL', 6, 'Aset PLN', 2017, 0),
(55, 15, 'ULP SUNGGAL', 6, 'Aset PLN', 2017, 0),
(56, 14, 'ULP JOHOR', 6, 'Aset PLN', 2014, 0),
(57, 14, 'ULP JOHOR', 6, 'Aset PLN', 2015, 0),
(58, 15, 'ULP JOHOR', 6, 'Aset PLN', 2015, 0),
(59, 14, 'ULP JOHOR', 6, 'Aset PLN', 2014, 0),
(60, 15, 'ULP JOHOR', 6, 'Aset PLN', 2015, 0),
(61, 15, 'ULP JOHOR', 6, 'Aset PLN', 2015, 0),
(62, 15, 'ULP JOHOR', 6, 'Aset PLN', 2015, 0),
(63, 15, 'ULP JOHOR', 6, 'Aset PLN', 2016, 0),
(64, 15, 'ULP MEDAN BARU', 6, 'Aset PLN', 2016, 0),
(65, 15, 'ULP MEDAN BARU', 6, 'Aset PLN', 2016, 0),
(66, 16, 'ULP MEDAN BARU', 6, 'Aset PLN', 2015, 0),
(67, 16, 'ULP MEDAN BARU', 6, 'Aset PLN', 2014, 0),
(68, 15, 'ULP MEDAN BARU', 6, 'Aset PLN', 2018, 0),
(69, 15, 'ULP MEDAN BARU', 6, 'Aset PLN', 2015, 0),
(70, 16, 'ULP MEDAN BARU', 6, 'Aset PLN', 2014, 0),
(71, 14, 'ULP MEDAN BARU', 6, 'Aset PLN', 2018, 0),
(72, 15, 'ULP MEDAN SELATAN', 6, 'Aset PLN', 2016, 0),
(73, 15, 'ULP MEDAN SELATAN', 6, 'Aset PLN', 2016, 0),
(74, 16, 'ULP MEDAN SELATAN', 6, 'Aset PLN', 2015, 0),
(75, 16, 'ULP MEDAN SELATAN', 6, 'Aset PLN', 2014, 0),
(76, 15, 'ULP MEDAN SELATAN', 6, 'Aset PLN', 2018, 0),
(77, 14, 'ULP MEDAN SELATAN', 6, 'Aset PLN', 2018, 0),
(78, 19, 'UP3 MEDAN UTARA', 5, 'Aset PLN', 2015, 0),
(79, 14, 'UP3 MEDAN UTARA', 5, 'Aset PLN', 2016, 0),
(80, 18, 'UP3 MEDAN UTARA', 5, 'Aset PLN', 2019, 0),
(81, 15, 'UP3 MEDAN UTARA', 5, 'Aset PLN', 2018, 0),
(82, 15, 'ULP MEDAN TIMUR', 5, 'Aset PLN', 2016, 0),
(83, 15, 'ULP MEDAN TIMUR', 5, 'Aset PLN', 2016, 0),
(84, 15, 'ULP MEDAN TIMUR', 5, 'Aset PLN', 2015, 0),
(85, 15, 'ULP MEDAN TIMUR', 5, 'Aset PLN', 2016, 0),
(86, 14, 'ULP MEDAN TIMUR', 5, 'Aset PLN', 2017, 0),
(87, 14, 'ULP MEDAN TIMUR', 5, 'Aset PLN', 2017, 0),
(88, 16, 'ULP MEDAN TIMUR', 5, 'Aset PLN', 2016, 0),
(89, 16, 'ULP LABUHAN', 5, 'Aset PLN', 2016, 0),
(90, 15, 'ULP LABUHAN', 5, 'Aset PLN', 2015, 0),
(91, 16, 'ULP LABUHAN', 5, 'Aset PLN', 2017, 0),
(92, 16, 'ULP LABUHAN', 5, 'Aset PLN', 2007, 0),
(93, 15, 'ULP LABUHAN', 5, 'Aset PLN', 2016, 0),
(94, 16, 'ULP LABUHAN', 5, 'Aset PLN', 2008, 0),
(95, 15, 'ULP LABUHAN', 5, 'Aset PLN', 2016, 0),
(96, 15, 'ULP BELAWAN', 5, 'Aset PLN', 2016, 0),
(97, 16, 'ULP BELAWAN', 5, 'Aset PLN', 2009, 0),
(98, 16, 'ULP BELAWAN', 5, 'Aset PLN', 2016, 0),
(99, 15, 'ULP BELAWAN', 5, 'Aset PLN', 2018, 0),
(100, 16, 'ULP BELAWAN', 5, 'Aset PLN', 2016, 0),
(101, 16, 'ULP HELVETIA', 5, 'Aset PLN', 2016, 0),
(102, 16, 'ULP HELVETIA', 5, 'Aset PLN', 2016, 0),
(103, 16, 'ULP HELVETIA', 5, 'Aset PLN', 2016, 0),
(104, 16, 'ULP HELVETIA', 5, 'Aset PLN', 2016, 0),
(105, 15, 'ULP HELVETIA', 5, 'Aset PLN', 2016, 0),
(106, 15, 'ULP HELVETIA', 5, 'Aset PLN', 2016, 0),
(107, 16, 'ULP HELVETIA', 5, 'Aset PLN', 2017, 0),
(108, 16, 'UP3 Lubuk Pakam', 4, 'Aset PLN', 0, 0),
(109, 15, 'UP3 Lubuk Pakam', 4, 'Aset PLN', 0, 0),
(110, 15, 'UP3 Lubuk Pakam', 4, 'Aset PLN', 0, 0),
(111, 16, 'UP3 Lubuk Pakam', 4, 'Aset PLN', 0, 0),
(112, 16, 'UP3 Lubuk Pakam', 4, 'Aset PLN', 0, 0),
(113, 14, 'UP3 Lubuk Pakam', 4, 'Aset PLN', 0, 0),
(114, 14, 'UP3 Lubuk Pakam', 4, 'Aset PLN', 0, 0),
(115, 15, 'UP3 Lubuk Pakam', 4, 'Aset PLN', 0, 0),
(116, 14, 'UP3 Lubuk Pakam', 4, 'Aset PLN', 0, 0),
(117, 16, 'UP3 Lubuk Pakam', 4, 'Aset PLN', 0, 0),
(118, 16, 'UP3 Lubuk Pakam', 4, 'Aset PLN', 0, 0),
(119, 16, 'UP3 Lubuk Pakam', 4, 'Aset PLN', 0, 0),
(120, 16, 'UP3 Lubuk Pakam', 4, 'Aset PLN', 0, 0),
(121, 16, 'UP3 Lubuk Pakam', 4, 'Aset PLN', 0, 0),
(122, 14, 'UP3 Lubuk Pakam', 4, 'Aset PLN', 0, 0),
(123, 14, 'UP3 Lubuk Pakam', 4, 'Aset PLN', 0, 0),
(124, 16, 'UP3 Lubuk Pakam', 4, 'Aset PLN', 0, 0),
(125, 15, 'UP3 Lubuk Pakam', 4, 'Aset PLN', 0, 0),
(126, 15, 'UP3 Lubuk Pakam', 4, 'Aset PLN', 0, 0),
(127, 15, 'UP3 Lubuk Pakam', 4, 'Aset PLN', 0, 0),
(128, 14, 'UP3 Lubuk Pakam', 4, 'Aset PLN', 0, 0),
(129, 14, 'UP3 Lubuk Pakam', 4, 'Aset PLN', 0, 0),
(130, 14, 'UP3 Lubuk Pakam', 4, 'Aset PLN', 0, 0),
(131, 16, 'UP3 Lubuk Pakam', 4, 'Aset PLN', 0, 0),
(132, 14, 'UP3 Lubuk Pakam', 4, 'Aset PLN', 0, 0),
(133, 15, 'UP3 Lubuk Pakam', 4, 'Aset PLN', 0, 0),
(134, 14, 'UP3 Lubuk Pakam', 4, 'Aset PLN', 0, 0),
(135, 14, 'UP3 Lubuk Pakam', 4, 'Aset PLN', 0, 0),
(136, 14, 'UP3 Lubuk Pakam', 4, 'Aset PLN', 0, 0),
(137, 16, 'UP3 Lubuk Pakam', 4, 'Aset PLN', 0, 0),
(138, 15, 'UP3 Lubuk Pakam', 4, 'Aset PLN', 0, 0),
(139, 16, 'UP3 Lubuk Pakam', 4, 'Aset PLN', 0, 0),
(140, 14, 'UP3 Lubuk Pakam', 4, 'Aset PLN', 0, 0),
(141, 15, 'UP3 Lubuk Pakam', 4, 'Aset PLN', 0, 0),
(142, 15, 'UP3 Lubuk Pakam', 4, 'Aset PLN', 0, 0),
(143, 16, 'UP3 Lubuk Pakam', 4, 'Aset PLN', 0, 0),
(144, 14, 'UP3 Lubuk Pakam', 4, 'Aset PLN', 0, 0),
(145, 16, 'UP3 Lubuk Pakam', 4, 'Aset PLN', 0, 0),
(146, 16, 'UP3 Lubuk Pakam', 4, 'Aset PLN', 0, 0),
(147, 14, 'UP3 Lubuk Pakam', 4, 'Aset PLN', 0, 0),
(148, 16, 'UP3 Lubuk Pakam', 4, 'Aset PLN', 0, 0),
(149, 16, 'UP3 Lubuk Pakam', 4, 'Aset PLN', 0, 0),
(150, 14, 'ULP Deli Tua', 4, 'Aset PLN', 0, 0),
(151, 15, 'ULP Deli Tua', 4, 'Aset PLN', 0, 0),
(152, 14, 'ULP Deli Tua', 4, 'Aset PLN', 0, 0),
(153, 15, 'ULP Deli Tua', 4, 'Aset PLN', 0, 0),
(154, 16, 'ULP Deli Tua', 4, 'Aset PLN', 0, 0),
(155, 16, 'ULP Deli Tua', 4, 'Aset PLN', 0, 0),
(156, 14, 'ULP Deli Tua', 4, 'Aset PLN', 0, 0),
(157, 16, 'ULP Deli Tua', 4, 'Aset PLN', 0, 0),
(158, 16, 'ULP Deli Tua', 4, 'Aset PLN', 0, 0),
(159, 16, 'ULP GALANG', 4, 'Aset PLN', 2015, 0),
(160, 14, 'ULP GALANG', 4, 'Aset PLN', 0, 0),
(161, 14, 'ULP GALANG', 4, 'Aset PLN', 0, 0),
(162, 15, 'ULP GALANG', 4, 'Aset PLN', 0, 0),
(163, 15, 'ULP GALANG', 4, 'Aset PLN', 0, 0),
(164, 15, 'ULP GALANG', 4, 'Aset PLN', 0, 0),
(165, 14, 'ULP GALANG', 4, 'Aset PLN', 0, 0),
(166, 14, 'ULP GALANG', 4, 'Aset PLN', 0, 0),
(167, 16, 'ULP Pakam Kota', 4, 'Aset PLN', 0, 0),
(168, 15, 'ULP Pakam Kota', 4, 'Aset PLN', 0, 0),
(169, 16, 'ULP Pakam Kota', 4, 'Aset PLN', 0, 0),
(170, 16, 'ULP Pakam Kota', 4, 'Aset PLN', 0, 0),
(171, 15, 'ULP Pakam Kota', 4, 'Aset PLN', 0, 0),
(172, 14, 'ULP Pakam Kota', 4, 'Aset PLN', 0, 0),
(173, 15, 'ULP Pakam Kota', 4, 'Aset PLN', 0, 0),
(174, 14, 'ULP Pakam Kota', 4, 'Aset PLN', 0, 0),
(175, 16, 'ULP Pakam Kota', 4, 'Aset PLN', 0, 0),
(176, 15, 'ULP Pakam Kota', 4, 'Aset PLN', 0, 0),
(177, 16, 'ULP Pakam Kota', 4, 'Aset PLN', 0, 0),
(178, 16, 'ULP Pakam Kota', 4, 'Aset PLN', 0, 0),
(179, 15, 'ULP Medan Denai', 4, 'Aset PLN', 0, 0),
(180, 16, 'ULP Medan Denai', 4, 'Aset PLN', 0, 0),
(181, 16, 'ULP Medan Denai', 4, 'Aset PLN', 0, 0),
(182, 15, 'ULP Medan Denai', 4, 'Aset PLN', 0, 0),
(183, 16, 'ULP Medan Denai', 4, 'Aset PLN', 0, 0),
(184, 16, 'ULP Medan Denai', 4, 'Aset PLN', 0, 0),
(185, 15, 'ULP Medan Denai', 4, 'Aset PLN', 0, 0),
(186, 15, 'ULP Medan Denai', 4, 'Aset PLN', 0, 0),
(187, 15, 'ULP Medan Denai', 4, 'Aset PLN', 0, 0),
(188, 15, 'ULP Medan Denai', 4, 'Aset PLN', 0, 0),
(189, 16, 'ULP Medan Denai', 4, 'Aset PLN', 0, 0),
(190, 14, 'ULP PERBAUNGAN', 4, 'Aset PLN', 0, 0),
(191, 14, 'ULP PERBAUNGAN', 4, 'Aset PLN', 0, 0),
(192, 14, 'ULP PERBAUNGAN', 4, 'Aset PLN', 0, 0),
(193, 14, 'ULP PERBAUNGAN', 4, 'Aset PLN', 0, 0),
(194, 14, 'ULP PERBAUNGAN', 4, 'Aset PLN', 0, 0),
(195, 15, 'ULP PERBAUNGAN', 4, 'Aset PLN', 0, 0),
(196, 14, 'ULP PERBAUNGAN', 4, 'Aset PLN', 0, 0),
(197, 15, 'ULP PERBAUNGAN', 4, 'Aset PLN', 0, 0),
(198, 15, 'ULP Sei Rampah', 4, 'Aset PLN', 0, 0),
(199, 14, 'ULP Sei Rampah', 4, 'Aset PLN', 0, 0),
(200, 14, 'ULP Sei Rampah', 4, 'Aset PLN', 0, 0),
(201, 14, 'ULP Sei Rampah', 4, 'Aset PLN', 0, 0),
(202, 14, 'ULP Sei Rampah', 4, 'Aset PLN', 0, 0),
(203, 16, 'ULP Sei Rampah', 4, 'Aset PLN', 0, 0),
(204, 14, 'ULP Sei Rampah', 4, 'Aset PLN', 0, 0),
(205, 15, 'ULP Tanjung Morawa', 4, 'Aset PLN', 0, 0),
(206, 15, 'ULP Tanjung Morawa', 4, 'Aset PLN', 0, 0),
(207, 16, 'ULP Tanjung Morawa', 4, 'Aset PLN', 0, 0),
(208, 15, 'ULP Tanjung Morawa', 4, 'Aset PLN', 0, 0),
(209, 15, 'ULP Tanjung Morawa', 4, 'Aset PLN', 0, 0),
(210, 15, 'ULP Tanjung Morawa', 4, 'Aset PLN', 0, 0),
(211, 15, 'ULP Tanjung Morawa', 4, 'Aset PLN', 0, 0),
(212, 16, 'ULP Tanjung Morawa', 4, 'Aset PLN', 0, 0),
(213, 16, 'ULP Tanjung Morawa', 4, 'Aset PLN', 0, 0),
(214, 19, 'UP3 Binjai', 2, 'Aset PLN', 0, 0),
(215, 19, 'UP3 Binjai', 2, 'Aset PLN', 0, 0),
(216, 19, 'UP3 Binjai', 2, 'Aset PLN', 0, 0),
(217, 16, 'UP3 Binjai', 2, 'Aset PLN', 0, 0),
(218, 16, 'UP3 Binjai', 2, 'Aset PLN', 0, 0),
(219, 16, 'UP3 Binjai', 2, 'Aset PLN', 0, 0),
(220, 16, 'UP3 Binjai', 2, 'Aset PLN', 0, 0),
(221, 16, 'UP3 Binjai', 2, 'Aset PLN', 0, 0),
(222, 16, 'UP3 Binjai', 2, 'Aset PLN', 0, 0),
(223, 16, 'UP3 Binjai', 2, 'Aset PLN', 0, 0),
(224, 16, 'UP3 Binjai', 2, 'Aset PLN', 0, 0),
(225, 16, 'UP3 Binjai', 2, 'Aset PLN', 0, 0),
(226, 16, 'UP3 Binjai', 2, 'Aset PLN', 0, 0),
(227, 16, 'UP3 Binjai', 2, 'Aset PLN', 0, 0),
(228, 16, 'UP3 Binjai', 2, 'Aset PLN', 0, 0),
(229, 16, 'UP3 Binjai', 2, 'Aset PLN', 0, 0),
(230, 16, 'UP3 Binjai', 2, 'Aset PLN', 0, 0),
(231, 16, 'UP3 Binjai', 2, 'Aset PLN', 0, 0),
(232, 16, 'UP3 Binjai', 2, 'Aset PLN', 0, 0),
(233, 16, 'UP3 Binjai', 2, 'Aset PLN', 0, 0),
(234, 16, 'UP3 Binjai', 2, 'Aset PLN', 0, 0),
(235, 16, 'UP3 Binjai', 2, 'Aset PLN', 0, 0),
(236, 15, 'UP3 Binjai', 2, 'Aset PLN', 0, 0),
(237, 16, 'UP3 Binjai', 2, 'Aset PLN', 0, 0),
(238, 16, 'UP3 Binjai', 2, 'Aset PLN', 0, 0),
(239, 16, 'UP3 Binjai', 2, 'Aset PLN', 0, 0),
(240, 15, 'UP3 Binjai', 2, 'Aset PLN', 0, 0),
(241, 16, 'UP3 Binjai', 2, 'Aset PLN', 0, 0),
(242, 16, 'UP3 Binjai', 2, 'Aset PLN', 0, 0),
(243, 15, 'ULP Binjai Kota', 2, 'Aset PLN', 0, 0),
(244, 16, 'ULP Binjai Kota', 2, 'Aset PLN', 0, 0),
(245, 16, 'ULP Binjai Kota', 2, 'Aset PLN', 0, 0),
(246, 15, 'ULP Stabat', 2, 'Aset PLN', 0, 0),
(247, 16, 'ULP Stabat', 2, 'Aset PLN', 0, 0),
(248, 16, 'ULP Stabat', 2, 'Aset PLN', 0, 0),
(249, 16, 'ULP Binjai Timur', 2, 'Aset PLN', 0, 0),
(250, 16, 'ULP Binjai Timur', 2, 'Aset PLN', 0, 0),
(251, 15, 'Ulp Tanjung Pura', 2, 'Aset PLN', 0, 0),
(252, 16, 'Ulp Tanjung Pura', 2, 'Aset PLN', 0, 0),
(253, 14, 'Ulp Tanjung Pura', 2, 'Aset PLN', 0, 0),
(254, 14, 'Ulp Tanjung Pura', 2, 'Aset PLN', 0, 0),
(255, 14, 'Ulp Tanjung Pura', 2, 'Aset PLN', 0, 0),
(256, 14, 'Ulp Tanjung Pura', 2, 'Aset PLN', 0, 0),
(257, 18, 'Ulp Gebang', 2, 'Aset PLN', 0, 0),
(258, 15, 'Ulp Gebang', 2, 'Aset PLN', 0, 0),
(259, 15, 'Ulp Gebang', 2, 'Aset PLN', 0, 0),
(260, 15, 'Ulp Gebang', 2, 'Aset PLN', 0, 0),
(261, 14, 'Ulp Pangkalan Brandan', 2, 'Aset PLN', 0, 0),
(262, 16, 'Ulp Pangkalan Brandan', 2, 'Aset PLN', 0, 0),
(263, 16, 'Ulp Pangkalan Brandan', 2, 'Aset PLN', 0, 0),
(264, 15, 'Ulp Pangkalan Brandan', 2, 'Aset PLN', 0, 0),
(265, 16, 'Ulp Pangkalan Susu', 2, 'Aset PLN', 0, 0),
(266, 16, 'Ulp Pangkalan Susu', 2, 'Aset PLN', 0, 0),
(267, 16, 'Ulp Pangkalan Susu', 2, 'Aset PLN', 0, 0),
(268, 16, 'Ulp Pangkalan Susu', 2, 'Aset PLN', 0, 0),
(269, 16, 'Ulp Pangkalan Susu', 2, 'Aset PLN', 0, 0),
(270, 16, 'Ulp Pangkalan Susu', 2, 'Aset PLN', 0, 0),
(271, 19, 'UP3 Bukit Barisan', 3, 'Aset PLN', 0, 0),
(272, 15, 'UP3 Bukit Barisan', 3, 'Aset PLN', 0, 0),
(273, 15, 'UP3 Bukit Barisan', 3, 'Aset PLN', 0, 0),
(274, 16, 'UP3 Bukit Barisan', 3, 'Aset PLN', 0, 0),
(275, 14, 'UP3 Bukit Barisan', 3, 'Aset PLN', 0, 0),
(276, 15, 'UP3 Bukit Barisan', 3, 'Aset PLN', 0, 0),
(277, 15, 'UP3 Bukit Barisan', 3, 'Aset PLN', 0, 0),
(278, 15, 'UP3 Bukit Barisan', 3, 'Aset PLN', 0, 0),
(279, 15, 'UP3 Bukit Barisan', 3, 'Aset PLN', 0, 0),
(280, 14, 'UP3 Bukit Barisan', 3, 'Aset PLN', 0, 0),
(281, 15, 'UP3 Bukit Barisan', 3, 'Aset PLN', 0, 0),
(282, 16, 'UP3 Bukit Barisan', 3, 'Aset PLN', 0, 0),
(283, 15, 'UP3 Bukit Barisan', 3, 'Aset PLN', 0, 0),
(284, 16, 'ULP Brastagi', 3, 'Aset PLN', 0, 0),
(285, 16, 'ULP Brastagi', 3, 'Aset PLN', 0, 0),
(286, 16, 'ULP Brastagi', 3, 'Aset PLN', 0, 0),
(287, 15, 'ULP Kabanjahe', 3, 'Aset PLN', 0, 0),
(288, 16, 'ULP Kabanjahe', 3, 'Aset PLN', 0, 0),
(289, 16, 'ULP Kabanjahe', 3, 'Aset PLN', 0, 0),
(290, 16, 'ULP Tigabinanga', 3, 'Aset PLN', 0, 0),
(291, 16, 'ULP Tigabinanga', 3, 'Aset PLN', 0, 0),
(292, 16, 'ULP Tigabinanga', 3, 'Aset PLN', 0, 0),
(293, 14, 'ULP Pancur Batu', 3, 'Aset PLN', 0, 0),
(294, 16, 'ULP Pancur Batu', 3, 'Aset PLN', 0, 0),
(295, 16, 'ULP Pancur Batu', 3, 'Aset PLN', 0, 0),
(296, 15, 'ULP Pancur Batu', 3, 'Aset PLN', 0, 0),
(297, 19, 'UP3 Pematangsiantar', 9, 'Aset PLN', 0, 0),
(298, 19, 'UP3 Pematangsiantar', 9, 'Aset PLN', 0, 0),
(299, 19, 'UP3 Pematangsiantar', 9, 'Aset PLN', 0, 0),
(300, 15, 'ULP Tanah Jawa', 9, 'Aset PLN', 0, 0),
(301, 15, 'ULP Tanah Jawa', 9, 'Aset PLN', 0, 0),
(302, 15, 'ULP Tanah Jawa', 9, 'Aset PLN', 0, 0),
(303, 15, 'ULP Tanah Jawa', 9, 'Aset PLN', 0, 0),
(304, 16, 'ULP PANGURURAN', 9, 'Aset PLN', 0, 0),
(305, 16, 'ULP PANGURURAN', 9, 'Aset PLN', 0, 0),
(306, 15, 'ULP PANGURURAN', 9, 'Aset PLN', 0, 0),
(307, 16, 'ULP PANGURURAN', 9, 'Aset PLN', 0, 0),
(308, 15, 'ULP SIDAMANIK', 9, 'Aset PLN', 0, 0),
(309, 15, 'ULP SIDAMANIK', 9, 'Aset PLN', 0, 0),
(310, 15, 'ULP SIDAMANIK', 9, 'Aset PLN', 0, 0),
(311, 15, 'ULP SIDAMANIK', 9, 'Aset PLN', 0, 0),
(312, 15, 'ULP SIDAMANIK', 9, 'Aset PLN', 0, 0),
(313, 89, 'ULP SIDAMANIK', 9, 'Aset PLN', 0, 0),
(314, 15, 'ULP PARAPAT', 9, 'Aset PLN', 0, 0),
(315, 15, 'ULP PARAPAT', 9, 'Aset PLN', 0, 0),
(316, 15, 'ULP PARAPAT', 9, 'Aset PLN', 0, 0),
(317, 89, 'ULP PARAPAT', 9, 'Aset PLN', 0, 0),
(318, 16, 'ULP Tebing Tinggi', 9, 'Aset PLN', 0, 0),
(319, 16, 'ULP Labuhan Bilik ', 10, 'Aset PLN', 2013, 0),
(320, 15, 'ULP Labuhan Bilik ', 10, 'Aset PLN', 2016, 0),
(321, 16, 'ULP Kota Pinang', 10, 'Aset PLN', 2013, 0),
(322, 15, 'ULP Kota Pinang', 10, 'Aset PLN', 2016, 0),
(323, 16, 'ULP Kota Pinang', 10, 'Aset PLN', 2016, 0),
(324, 16, 'ULP Aek Nabara', 10, 'Aset PLN', 2013, 0),
(325, 16, 'ULP Aek Nabara', 10, 'Aset PLN', 2013, 0),
(326, 15, 'ULP Aek Nabara', 10, 'Aset PLN', 2012, 0),
(327, 15, 'ULP TANJUNG BALAI', 72, 'Aset PLN', 0, 0),
(328, 15, 'ULP AEK KANOPAN', 66, 'Aset PLN', 0, 0),
(329, 15, 'ULP SIMPANG KAWAT', 73, 'Aset PLN', 0, 0),
(330, 15, 'ULP AEK KOTA BATU', 67, 'Aset PLN', 0, 0),
(331, 16, 'ULP AEK KOTA BATU', 67, 'Aset PLN', 0, 0),
(332, 16, 'ULP AEK KOTA BATU', 67, 'Aset PLN', 0, 0),
(333, 19, 'UP3 RANTAUPRAPAT', 10, 'Aset PLN', 2016, 0),
(334, 19, 'UP3 RANTAUPRAPAT', 10, 'Aset PLN', 2016, 0),
(335, 19, 'UP3 RANTAUPRAPAT', 10, 'Aset PLN', 2016, 0),
(336, 16, 'ULP RANTAU KOTA', 10, 'Aset PLN', 2010, 0),
(337, 15, 'ULP RANTAU KOTA', 10, 'Aset PLN', 2015, 0),
(338, 14, 'ULP RANTAU KOTA', 10, 'Aset PLN', 2015, 0),
(339, 15, 'ULP RANTAU KOTA', 10, 'Aset PLN', 2016, 0),
(340, 15, 'ULP RANTAU KOTA', 10, 'Aset PLN', 2016, 0),
(341, 15, 'ULP RANTAU KOTA', 10, 'Aset PLN', 2014, 0),
(342, 15, 'ULP RANTAU KOTA', 10, 'Aset PLN', 2015, 0),
(343, 15, 'ULP RANTAU KOTA', 10, 'Aset PLN', 2010, 0),
(344, 14, 'UP3 SIBOLGA', 11, 'Aset PLN', 2011, 0),
(345, 14, 'UP3 SIBOLGA', 11, 'Aset PLN', 2011, 0),
(346, 14, 'UP3 SIBOLGA', 11, 'Aset PLN', 2011, 0),
(347, 14, 'UP3 SIBOLGA', 11, 'Aset PLN', 2011, 0),
(348, 14, 'UP3 SIBOLGA', 11, 'Aset PLN', 2011, 0),
(349, 14, 'UP3 SIBOLGA', 11, 'Aset PLN', 2011, 0),
(350, 14, 'UP3 SIBOLGA', 11, 'Aset PLN', 0, 0),
(351, 14, 'UP3 SIBOLGA', 11, 'Aset PLN', 2011, 0),
(352, 14, 'UP3 SIBOLGA', 11, 'Aset PLN', 2011, 0),
(353, 14, 'UP3 SIBOLGA', 11, 'Aset PLN', 0, 0),
(354, 16, 'UP3 SIBOLGA', 11, 'Aset PLN', 2011, 0),
(355, 14, 'UP3 SIBOLGA', 11, 'Aset PLN', 0, 0),
(356, 16, 'UP3 SIBOLGA', 11, 'Aset PLN', 0, 0),
(357, 14, 'UP3 SIBOLGA', 11, 'Aset PLN', 0, 0),
(358, 14, 'UP3 SIBOLGA', 11, 'Aset PLN', 2011, 0),
(359, 14, 'UP3 SIBOLGA', 11, 'Aset PLN', 2011, 0),
(360, 16, 'UP3 SIBOLGA', 11, 'Aset PLN', 2011, 0),
(361, 14, 'UP3 SIBOLGA', 11, 'Aset PLN', 2011, 0),
(362, 16, 'UP3 SIBOLGA', 11, 'Aset PLN', 2011, 0),
(363, 19, 'UP3 SIBOLGA', 11, 'Aset PLN', 0, 0),
(364, 19, 'UP3 SIBOLGA', 11, 'Aset PLN', 0, 0),
(365, 19, 'UP3 SIBOLGA', 11, 'Aset PLN', 0, 0),
(366, 15, 'ULP SIBOLGA KOTA', 11, 'Aset PLN', 2011, 0),
(367, 14, 'ULP DOLOKSANGGUL', 11, 'Aset PLN', 2011, 0),
(368, 14, 'ULP DOLOKSANGGUL', 11, 'Aset PLN', 2011, 0),
(369, 14, 'ULP DOLOKSANGGUL', 11, 'Aset PLN', 2011, 0),
(370, 15, 'ULP DOLOKSANGGUL', 11, 'Aset PLN', 0, 0),
(371, 14, 'ULP PORSEA', 11, 'Aset PLN', 0, 0),
(372, 14, 'ULP PORSEA', 11, 'Aset PLN', 0, 0),
(373, 15, 'ULP PORSEA', 11, 'Aset PLN', 0, 0),
(374, 14, 'ULP PORSEA', 11, 'Aset PLN', 0, 0),
(375, 89, 'ULP PORSEA', 11, 'Aset PLN', 2013, 0),
(376, 15, 'ULP BALIGE', 11, 'Aset PLN', 0, 0),
(377, 14, 'ULP BALIGE', 11, 'Aset PLN', 0, 0),
(378, 14, 'ULP BALIGE', 11, 'Aset PLN', 0, 0),
(379, 14, 'ULP BALIGE', 11, 'Aset PLN', 0, 0),
(380, 15, 'ULP BARUS', 11, 'Aset PLN', 0, 0),
(381, 15, 'ULP BARUS', 11, 'Aset PLN', 2011, 0),
(382, 15, 'ULP BARUS', 11, 'Aset PLN', 0, 0),
(383, 14, 'ULP BARUS', 11, 'Aset PLN', 0, 0),
(384, 14, 'ULP BARUS', 11, 'Aset PLN', 2011, 0),
(385, 14, 'ULP BARUS', 11, 'Aset PLN', 0, 0),
(386, 15, 'ULP BARUS', 11, 'Aset PLN', 0, 0),
(387, 15, 'ULP TARUTUNG', 11, 'Aset PLN', 0, 0),
(388, 89, 'ULP TARUTUNG', 11, 'Aset PLN', 2013, 0),
(389, 19, 'UP3 Padangsidimpuan', 8, 'Aset PLN', 0, 0),
(390, 19, 'UP3 Padangsidimpuan', 8, 'Aset PLN', 0, 0),
(391, 19, 'UP3 Padangsidimpuan', 8, 'Aset PLN', 0, 0),
(392, 19, 'up3 nias', 7, 'Aset PLN', 0, 0),
(393, 19, 'ulp gunungsitoli', 7, 'Aset PLN', 0, 0),
(394, 19, 'ulp Teluk Dalam', 7, 'Aset PLN', 0, 0),
(395, 18, 'UIP SUMBAGUT', 107, 'Aset PLN', 0, 0),
(396, 18, 'UIP SUMBAGUT', 107, 'Aset PLN', 0, 0),
(397, 18, 'UIP SUMBAGUT', 107, 'Aset PLN', 0, 0),
(398, 18, 'UIP SUMBAGUT', 107, 'Aset PLN', 0, 0),
(399, 18, 'UIP SUMBAGUT', 107, 'Aset PLN', 0, 0),
(400, 18, 'UIP SUMBAGUT', 107, 'Aset PLN', 0, 0),
(401, 16, 'BINARA NAINGGOLAN', 107, 'Aset PLN', 0, 0),
(402, 16, 'PRASTANTO PUTRA', 107, 'Aset PLN', 0, 0),
(403, 16, 'SYAMSUDDIN GURNING', 107, 'Aset PLN', 0, 0),
(404, 16, 'UIP SUMBAGUT', 107, 'Aset PLN', 0, 0),
(405, 16, 'JUNAEDI', 107, 'Aset PLN', 0, 0),
(406, 16, 'DEVI PARLINA', 107, 'Aset PLN', 0, 0),
(407, 16, 'RIKA NURHAETI AGUSTINI', 107, 'Aset PLN', 0, 0),
(408, 16, 'FAJRI RAMADHAN', 107, 'Aset PLN', 0, 0),
(409, 16, 'KURNIAWAN TANJUNG', 107, 'Aset PLN', 0, 0),
(410, 16, 'RURI (ISS INDONESIA)', 107, 'Aset PLN', 0, 0),
(411, 16, 'PLN-E', 107, 'Aset PLN', 0, 0),
(412, 16, 'MAYTA NOFIKA BR SEMBIRING', 107, 'Aset PLN', 0, 0),
(413, 16, 'ANDRI PRAYOGI', 107, 'Aset PLN', 0, 0),
(414, 16, 'MICHAEL MARIO RAPDEAR SINAGA', 107, 'Aset PLN', 0, 0),
(415, 16, 'ANTON MARLINDO', 107, 'Aset PLN', 0, 0),
(416, 16, 'BAYU NOVEL', 107, 'Aset PLN', 0, 0),
(417, 18, 'MUHAMMAD SHALIHIN', 107, 'Aset PLN', 0, 0),
(418, 15, 'HERAWATI', 107, 'Aset PLN', 0, 0),
(419, 16, 'UIP SUMBAGUT', 107, 'Aset PLN', 0, 0),
(420, 16, 'UIP SUMBAGUT', 107, 'Aset PLN', 0, 0),
(421, 16, 'UIP SUMBAGUT', 107, 'Aset PLN', 0, 0),
(422, 16, 'PRINTER FASOP 2', 103, 'Aset PLN', 2011, 0),
(423, 15, 'PRINTER FASOP 1', 103, 'Aset PLN', 2015, 0),
(424, 16, 'PRINTER FASOP 3', 103, 'Aset PLN', 2007, 0),
(425, 15, 'PRINTER MANAGER', 103, 'Aset PLN', 2016, 0),
(426, 15, 'PRINTER ADUM 1', 103, 'Aset PLN', 2017, 0),
(427, 16, 'PRINTER ADUM 2', 103, 'Aset PLN', 2006, 0),
(428, 16, 'PRINTER ASMAN ADUM', 103, 'Aset PLN', 2012, 0),
(429, 16, 'PRINTER OPERASI 1', 103, 'Aset PLN', 2006, 0),
(430, 15, 'PRINTER OPERASI 2', 103, 'Aset PLN', 2017, 0),
(431, 16, 'PRINTER OPERASI 3', 103, 'Aset PLN', 2006, 0),
(432, 16, 'PRINTER  ASMAN OPERASI', 103, 'Aset PLN', 2006, 0),
(433, 16, 'PRINTER SEK MANAJER', 103, 'Aset PLN', 2006, 0),
(434, 15, 'PRINTER DISPATCHER', 103, 'Aset PLN', 2016, 0),
(435, 16, 'PRINTER KOPERASI 1', 103, 'Aset PLN', 2013, 0),
(436, 15, 'PRINTER KOPERASI 2', 103, 'Aset PLN', 2016, 0),
(437, 14, 'PRINTER KOPERASI 3', 103, 'Aset PLN', 2015, 0);

-- --------------------------------------------------------

--
-- Table structure for table `report_kerusakan`
--

CREATE TABLE `report_kerusakan` (
  `id_report` int(13) NOT NULL,
  `nama_item` varchar(125) NOT NULL,
  `merek_item` varchar(125) NOT NULL,
  `kondisi_item` text NOT NULL,
  `tanggal_pelaporan` date NOT NULL,
  `pengguna` varchar(60) NOT NULL
) ENGINE=InnoDB DEFAULT CHARSET=latin1;

--
-- Dumping data for table `report_kerusakan`
--

INSERT INTO `report_kerusakan` (`id_report`, `nama_item`, `merek_item`, `kondisi_item`, `tanggal_pelaporan`, `pengguna`) VALUES
(1, 'PC/Komputer', 'BROTHER', 'LCD Pecah', '2020-12-11', 'PC FASOP SCADA');

-- --------------------------------------------------------

--
-- Table structure for table `role`
--

CREATE TABLE `role` (
  `id_role` int(11) NOT NULL,
  `nama_role` varchar(20) NOT NULL
) ENGINE=InnoDB DEFAULT CHARSET=latin1;

--
-- Dumping data for table `role`
--

INSERT INTO `role` (`id_role`, `nama_role`) VALUES
(1, 'Admin'),
(2, 'EOS ICON+'),
(3, 'IT Support'),
(4, 'Pegawai STI');

-- --------------------------------------------------------

--
-- Table structure for table `server`
--

CREATE TABLE `server` (
  `id_server` int(11) NOT NULL,
  `id_merek` int(11) DEFAULT NULL,
  `keterangan` varchar(100) DEFAULT NULL,
  `ip_address` varchar(50) DEFAULT NULL,
  `nama_pengguna` varchar(50) DEFAULT NULL,
  `id_unit` int(11) DEFAULT NULL,
  `username` varchar(50) DEFAULT NULL,
  `password` varchar(50) DEFAULT NULL,
  `tahun` int(4) DEFAULT NULL
) ENGINE=InnoDB DEFAULT CHARSET=latin1;

--
-- Dumping data for table `server`
--

INSERT INTO `server` (`id_server`, `id_merek`, `keterangan`, `ip_address`, `nama_pengguna`, `id_unit`, `username`, `password`, `tahun`) VALUES
(5, 65, 'SMARTLOCK', '10.16.1.111', 'STI SUMUT 1', 1, '', '', NULL),
(6, 61, 'PORTAL ', '10.16.10.70', 'STI SUMUT 1', 1, '', '', NULL),
(7, 61, 'PRTG WilSu', '10.16.1.69', 'STI SUMUT 1', 1, 'administrator', 't@nya BheEs1', 2018),
(8, 61, 'WSUPRIORITAS', '10.16.10.69', 'STI SUMUT 1', 1, '', '', NULL),
(9, 70, 'wsukwserverti03', '10.16.1.10', 'STI SUMUT 1', 1, '', '', NULL),
(10, 68, 'WSUKWSERVERPORTAL', '10.16.1.12', 'STI SUMUT 1', 1, '', '', NULL),
(11, 68, 'wsukwserversigd', '10.16.1.14', 'STI SUMUT 1', 1, '', '', NULL),
(12, 65, 'WSUSERVERWSUS', '10.16.1.18', 'STI SUMUT 1', 1, '', '', NULL),
(13, 0, 'wsuniaapad01p', '10.16.1.20', 'Remote access to the server is not enabled', 1, '', '', NULL),
(14, 61, 'ADSUMUT-01', '10.16.1.22', 'STI SUMUT', 1, '', '', NULL),
(15, 68, 'WSUSVR-AD', '10.16.1.25', 'STI SUMUT 1', 1, '', '', NULL),
(16, 68, 'WSUKWSVRREVAS02', '10.16.1.26', 'STI SUMUT 1', 1, '', '', NULL),
(17, 68, 'wsukwserversmdsm', '10.16.1.28', 'STI SUMUT 1', 1, '', '', NULL),
(18, 0, 'wsukwserverti01', '10.16.1.29', 'STI SUMUT 1', 1, '', '', NULL),
(19, 79, 'ABSENSI', '10.16.1.42', 'STI SUMUT 1', 1, '', '', NULL),
(20, 79, 'bsi01', '10.16.1.44', 'STI SUMUT 1', 1, '', '', NULL),
(21, 79, 'WSUKWSERVERTI04', '10.16.1.60', 'STI SUMUT 1', 1, '', '', NULL),
(22, 61, 'WSUMONITA', '10.16.1.61', 'STI SUMUT 1', 1, '', '', NULL),
(23, 68, 'WSUKWSERVER-AV', '10.16.1.66', 'STI SUMUT 1', 1, 'Administrator', 'J4gaR@hasia', NULL),
(24, 68, 'wsukwsvrcitrix', '10.16.1.67', 'STI SUMUT 1', 1, '', '', NULL),
(25, 68, 'WSUKWSERVERIT07', '10.16.1.68', 'STI SUMUT 1', 1, '', '', NULL),
(26, 68, 'MONITA', '10.16.1.69', 'STI SUMUT 1', 1, '', '', NULL),
(27, 68, 'SERVERSIPAT01', '10.16.1.54', 'STI SUMUT 1', 1, 'Administrator', 't@nya(space)BheEs1', NULL),
(28, 68, 'WSUKWSVROKKY2-', '10.16.1.88', 'STI SUMUT 1', 1, 'Administrator', 't@nya(space)BheEs1', NULL),
(29, 0, 'tsmser', '10.16.1.99', 'STI SUMUT 1', 1, '', '', NULL),
(30, 68, 'aris_perencanaan', '10.16.1.100', 'STI SUMUT 1', 1, '', '', NULL),
(31, 68, 'pdpjpakam', '10.16.1.101', 'STI SUMUT 1', 1, '', '', NULL),
(32, 0, 'wsukwtekdishar10', '10.16.1.109', 'STI SUMUT 1', 1, '', '', NULL),
(33, 68, 'sumutdc01', '10.16.1.222', 'STI SUMUT 1', 1, '', '', NULL),
(34, 68, 'wsukwserverti17', '10.16.10.23', 'STI SUMUT 1', 1, 'Administrator', 't@nya(space)BheEs1', NULL),
(35, 0, 'SVRREVAS', '10.16.10.66', 'STI SUMUT 1', 1, '', '', NULL),
(36, 0, 'wsukwserverams', '10.16.10.71', 'STI SUMUT 1', 1, 'Administrator', 't@nya(space)BheEs1', NULL),
(37, 80, 'Server Aveos', '10.16.10.72', 'STI SUMUT 1', 1, 'Administrator', 't@nya(space)BheEs1', NULL),
(38, 68, 'wsukwsvermdn-av', '10.16.2.66', 'STI SUMUT 1', 6, '', '', NULL),
(39, 68, 'wsupkmserver-av', '10.16.83.66', 'STI SUMUT 1', 4, '', '', NULL),
(40, 0, 'wsukwsvrbj-av', '10.16.3.66', 'STI SUMUT 1', 2, '', '', NULL),
(41, 68, 'wsukwsvrsntr-av', '10.16.4.66', 'STI SUMUT 1', 9, '', '', NULL),
(42, 68, 'wsukwsvrsbg-av', '10.16.5.66', 'STI SUMUT 1', 11, '', '', NULL),
(43, 68, 'wsukwsvrpsp-av', '10.16.6.66', 'STI SUMUT 1', 8, '', '', NULL),
(44, 0, 'wsukwsvrrpt-av', '10.16.7.66', 'STI SUMUT 1', 10, '', '', NULL),
(45, 0, 'wsukwsvrnias-av', '10.16.206.66', 'STI SUMUT 1', 7, '', '', NULL),
(46, 61, 'Server Antivirus', '10.26.4.152', 'STI SUMUT 1', 86, 'Administrator', 'PLN@5blw', NULL),
(47, 79, 'Server Web Data', '10.26.4.212', 'STI SUMUT 1', 86, 'Administrator', 'PLN@5blw', NULL);

-- --------------------------------------------------------

--
-- Table structure for table `tambak`
--

CREATE TABLE `tambak` (
  `id_tambak` int(11) NOT NULL,
  `alamat` varchar(255) NOT NULL,
  `x` varchar(255) NOT NULL,
  `y` varchar(255) NOT NULL,
  `gambar` varchar(255) NOT NULL
) ENGINE=InnoDB DEFAULT CHARSET=latin1;

--
-- Dumping data for table `tambak`
--

INSERT INTO `tambak` (`id_tambak`, `alamat`, `x`, `y`, `gambar`) VALUES
(1, 'Gg. Tower Sari, Rumbai', '101.420111 ', '0.573415', 'https://res.cloudinary.com/ddynrqxhf/image/upload/v1547016974/IMG_2406.jpg'),
(2, 'Jl. Limbungan Kec. Rumbai Pesisir', '101.4546', '0.567', 'https://res.cloudinary.com/ddynrqxhf/image/upload/v1547017251/IMG_2408.jpg'),
(3, 'Jl. Limbungan Kec. Rumbai Pesisir', '101.4577', '0.5661', 'https://res.cloudinary.com/ddynrqxhf/image/upload/v1547017621/IMG_2414.jpg'),
(4, 'Jl. Mulia Jaya  Kec. Rumbai Pesisir', '101.4607', '0.5654', 'https://res.cloudinary.com/ddynrqxhf/image/upload/v1547017785/IMG_2416.jpg'),
(5, 'Jl. Pembina Graha Kec. Rumbai Pesisir', '101.4812', '0.5741', 'https://res.cloudinary.com/ddynrqxhf/image/upload/v1547017906/IMG_2418.jpg'),
(6, 'Jl. Lingkar Danau Buatan Kec. Rumbai Pesisir', '101.484', '0.5774', 'https://res.cloudinary.com/ddynrqxhf/image/upload/v1547018018/IMG_2420.jpg'),
(7, 'Jl. Lingkar Danau Buatan Kec. Rumbai Pesisir', '101.4829', '0.5772', 'https://res.cloudinary.com/ddynrqxhf/image/upload/v1547018128/IMG_2423.jpg'),
(8, 'Jl. Lingkar Danau Buatan Kec. Rumbai Pesisir', '101.4815', '0.5792', 'https://res.cloudinary.com/ddynrqxhf/image/upload/v1547018213/IMG_2425.jpg'),
(9, 'Jl. Raja Panjang Okura Kec. Rumbai Pesisir', '101.4822', '0.5797', 'https://res.cloudinary.com/ddynrqxhf/image/upload/v1547018297/IMG_2427.jpg'),
(10, 'Jl. Raja Panjang Okura Kec. Rumbai Pesisir', '101.4841', '0.5806', 'https://res.cloudinary.com/ddynrqxhf/image/upload/v1547018440/IMG_2430.jpg'),
(11, 'Jl. Raja Panjang Okura Kec. Rumbai Pesisir', '101.4845', '0.5801', 'https://res.cloudinary.com/ddynrqxhf/image/upload/v1547018556/IMG_2432.jpg'),
(12, 'Jl. Raja Panjang Okura Kec. Rumbai Pesisir', '101.4857', '0.5811', 'https://res.cloudinary.com/ddynrqxhf/image/upload/v1547018642/IMG_2435.jpg'),
(13, 'Jl. Raja Panjang Okura Kec. Rumbai Pesisir', '101.5056', '0.592', 'https://res.cloudinary.com/ddynrqxhf/image/upload/v1547018753/IMG_2440.jpg'),
(14, 'Jl. Raja Panjang Okura Kec. Rumbai Pesisir', '101.504', '0.592', 'https://res.cloudinary.com/ddynrqxhf/image/upload/v1547018863/IMG_2442.jpg'),
(15, 'Jl. Raja Panjang Okura Kec. Rumbai Pesisir', '101.4832', '0.5797', 'https://res.cloudinary.com/ddynrqxhf/image/upload/v1547018981/IMG_2445.jpg'),
(16, 'Jl. Raja Panjang Okura Kec. Rumbai Pesisir', '101.4825', '0.5807', 'https://res.cloudinary.com/ddynrqxhf/image/upload/v1547019064/IMG_2448.jpg'),
(17, 'Jl. Raja Panjang Okura Kec. Rumbai Pesisir', '101.483', '0.5796', 'https://res.cloudinary.com/ddynrqxhf/image/upload/v1547019160/IMG_2451.jpg'),
(18, 'Jl. Raja Panjang Okura Kec. Rumbai Pesisir', '101.4828', '0.5798', 'https://res.cloudinary.com/ddynrqxhf/image/upload/v1547019278/IMG_2454.jpg'),
(19, 'Jl. Tebing Tinggi Okura Kec. Rumbai Pesisir', '101.4786', '0.5791', 'https://res.cloudinary.com/ddynrqxhf/image/upload/v1547019449/IMG_2457.jpg'),
(20, 'Jl. Danau Buatan Kec. Rumbai Pesisir', '101.4791', '0.5824', 'https://res.cloudinary.com/ddynrqxhf/image/upload/v1547019530/IMG_2460.jpg'),
(21, 'Jl. Danau Buatan Kec. Rumbai Pesisir', '101.4803', '0.582', 'https://res.cloudinary.com/ddynrqxhf/image/upload/v1547019615/IMG_2464.jpg'),
(22, 'Jl. Danau Buatan Kec. Rumbai Pesisir', '101.4779', '0.5825', 'https://res.cloudinary.com/ddynrqxhf/image/upload/v1547019696/IMG_2467.jpg'),
(23, 'Jl. Danau Buatan Kec. Rumbai Pesisir', '101.4812', '0.5831', 'https://res.cloudinary.com/ddynrqxhf/image/upload/v1547019747/IMG_2469.jpg'),
(24, 'Jl. Danau Buatan Kec. Rumbai Pesisir', '101.4817', '0.5848', 'https://res.cloudinary.com/ddynrqxhf/image/upload/v1547019821/IMG_2472.jpg'),
(25, 'Jl. Danau Buatan Kec. Rumbai Pesisir', '101.4273', '0.577', 'https://res.cloudinary.com/ddynrqxhf/image/upload/v1547019890/IMG_2476.jpg'),
(26, 'Jl. Palas Mekar Kec. Rumbai', '101.4121', '0.5738', 'https://res.cloudinary.com/ddynrqxhf/image/upload/v1547019980/IMG_2478.jpg'),
(27, 'Jl. Palas Mekar Kec. Rumbai', '101.408', '0.5773', 'https://res.cloudinary.com/ddynrqxhf/image/upload/v1547020054/IMG_2480.jpg'),
(28, 'Jl. Siak Besar', '101.4329', '0.5439', 'https://res.cloudinary.com/ddynrqxhf/image/upload/v1547020125/IMG_2485.jpg'),
(29, 'Jl. Lembah Damai Kec. Rumbai Pesisir ', '101.4468', '0.5728', 'https://res.cloudinary.com/ddynrqxhf/image/upload/v1547020196/IMG_2488.jpg'),
(30, 'Jl. Lembah Damai Kec. Rumbai Pesisir ', '101.4448', '0.5764', 'https://res.cloudinary.com/ddynrqxhf/image/upload/v1547020265/IMG_2491.jpg'),
(31, 'Jl. Lembah Damai Kec. Rumbai Pesisir', '101.4446', '0.5771', 'https://res.cloudinary.com/ddynrqxhf/image/upload/v1547020362/IMG_2494.jpg'),
(32, 'Jl. Lembah Damai Kec. Rumbai Pesisir', '101.4447', '0.5778', 'https://res.cloudinary.com/ddynrqxhf/image/upload/v1547020437/IMG_2497.jpg'),
(33, 'Jl. Lembah Damai Kec. Rumbai Pesisir', '101.4446', '0.5782', 'https://res.cloudinary.com/ddynrqxhf/image/upload/v1547020526/IMG_2500.jpg'),
(34, 'Jl. Pramuka Kec. Rumbai Pesisir', '101.4449', '0.5788', 'https://res.cloudinary.com/ddynrqxhf/image/upload/v1547020692/IMG_2502.jpg'),
(35, 'Jl. Pramuka Kec. Rumbai Pesisir', '101.4541', '0.5733', 'https://res.cloudinary.com/ddynrqxhf/image/upload/v1547020773/IMG_2505.jpg'),
(36, 'Jl. Pramuka Kec. Rumbai Pesisir', '101.4536', '0.5749', 'https://res.cloudinary.com/ddynrqxhf/image/upload/v1547020845/IMG_2507.jpg'),
(37, 'Jl. Pramuka Kec. Rumbai Pesisir', '101.4507', '0.5731', 'https://res.cloudinary.com/ddynrqxhf/image/upload/v1547020964/IMG_2509.jpg'),
(38, 'Jl. Pramuka Kec. Rumbai Pesisir', '101.4513', '0.5738', 'https://res.cloudinary.com/ddynrqxhf/image/upload/v1547021018/IMG_2511.jpg'),
(39, 'Jl. Pramuka Kec. Rumbai Pesisir', '101.4538', '0.5787', 'https://res.cloudinary.com/ddynrqxhf/image/upload/v1547021083/IMG_2515.jpg'),
(40, 'Jl. Pramuka Kec. Rumbai Pesisir', '101.4541', '0.5783', 'https://res.cloudinary.com/ddynrqxhf/image/upload/v1547021167/IMG_2517.jpg'),
(41, 'Jl. Pramuka Kec. Rumbai Pesisir', '101.4567', '0.5822', 'https://res.cloudinary.com/ddynrqxhf/image/upload/v1547021227/IMG_2519.jpg'),
(42, 'Jl. Umban Sari Atas Kec. Rumbai', '101.4155', '0.5815', 'https://res.cloudinary.com/ddynrqxhf/image/upload/v1547021342/IMG_2576.jpg'),
(43, 'Jl. Umban Sari Atas Kec. Rumbai', '101.4157', '0.5792', 'https://res.cloudinary.com/ddynrqxhf/image/upload/v1547021463/IMG_2574.jpg'),
(44, 'Jl. Umban Sari Atas Kec. Rumbai', '101.4156', '0.58', 'https://res.cloudinary.com/ddynrqxhf/image/upload/v1547021551/IMG_2572.jpg'),
(45, 'Jl. Umban Sari Atas Kec. Rumbai', '101.4115', '0.5689', 'https://res.cloudinary.com/ddynrqxhf/image/upload/v1547021646/IMG_2570.jpg'),
(46, 'Jl. Umban Sari Atas Kec. Rumbai', '101.4048', '0.5552', 'https://res.cloudinary.com/ddynrqxhf/image/upload/v1547021714/IMG_2568.jpg'),
(47, 'Jl. Umban Sari Atas Kec. Rumbai', '101.4128', '0.5486', 'https://res.cloudinary.com/ddynrqxhf/image/upload/v1547021797/IMG_2566.jpg'),
(48, 'Jl. Umban Sari Atas Kec. Rumbai', '101.4158', '0.58', 'https://res.cloudinary.com/ddynrqxhf/image/upload/v1547021989/IMG_2578.jpg'),
(49, 'Jl. Umban Sari Atas Kec. Rumbai', '101.4155', '0.5806', 'https://res.cloudinary.com/ddynrqxhf/image/upload/v1547022124/IMG_2564.jpg');

-- --------------------------------------------------------

--
-- Table structure for table `unit`
--

CREATE TABLE `unit` (
  `id_unit` int(11) NOT NULL,
  `nama_unit` varchar(100) DEFAULT NULL,
  `alamat_unit` varchar(200) DEFAULT NULL,
  `wilayah_kerja` varchar(20) DEFAULT NULL,
  `sub_unit` int(11) DEFAULT NULL
) ENGINE=InnoDB DEFAULT CHARSET=latin1;

--
-- Dumping data for table `unit`
--

INSERT INTO `unit` (`id_unit`, `nama_unit`, `alamat_unit`, `wilayah_kerja`, `sub_unit`) VALUES
(1, 'UIW Sumatera Utara', 'Jl. Komodor Laut Yos Sudarso No. 284, Martubung, Medan Labuhan, Glugur Kota, Medan Barat, Kota Medan, Sumatera Utara 202252', 'Sumut 1', 1),
(2, 'UP3 Binjai', 'Jl. Teuku Amir Hamzah No. 37, Kota Binjai, Sumatera Utara', 'Sumut 1', 1),
(3, 'UP3 Bukit Barisan', 'Jl. Jamin Ginting KM 4.5, Kaban Jahe, Sumatera Utara', 'Sumut 1', 1),
(4, 'UP3 Lubuk Pakam', 'Jl. Tanjung Garbus, Ds. Jatisari, Komplek Perkantoran Bupati Deli Serdang, Sumatera Utara', 'Sumut 1', 1),
(5, 'UP3 Medan Utara', 'Jl. Durung, Siderejo Hilir, Medan Tembung, Sumatera Utara', 'Sumut 1', 1),
(6, 'UP3 Medan', 'Jl. Listrik No. 18, Petisah Tengah, Medan Petisah, Sumatera Utara', 'Sumut 1', 1),
(7, 'UP3 Nias', 'Jl. Kolonel Yos Sudarso No. 63, Nias', 'Sumut 1', 1),
(8, 'UP3 Padangsidimpuan', 'Jl. Raja Inal Siregar KM 4 No. 11, Padangsidimpuan, Tapanuli Selatan', 'Sumut 1', 1),
(9, 'UP3 Pematang Siantar', 'Jl. Kapten MH. Sitorus No. 1, Pematang Siantar', 'Sumut 1', 1),
(10, 'UP3 Rantau Prapat', 'Jl. Listrik No. 1, Rantau Prapat', 'Sumut 1', 1),
(11, 'UP3 Sibolga', 'Jl. Dr F.L. Tobing No. 27, Sibolga', 'Sumut 1', 1),
(12, 'ULP Binjai Kota', 'Jl. Sudirman No. 92, Binjai', 'Sumut 1', 1),
(13, 'ULP Binjai Barat', 'Jl. Gatot Subroto No. 29, Binjai', 'Sumut 1', 1),
(14, 'ULP Binjai Timur', 'Jl. Medan Binjai Km 15,7 Diski, Binjai', 'Sumut 1', 1),
(15, 'ULP Gebang', 'Jl. Sisingamangaraja No. 16, Gebang, Langkat', 'Sumut 1', 1),
(16, 'ULP Pangkalan Berandan', 'Jl. Sumatera No. 15, Pangkalan Brandan, Langkat', 'Sumut 1', 1),
(17, 'ULP Pangkalan Susu', 'Jl. Listrik No. 275, Pangkalan Susu, Langkat', 'Sumut 1', 1),
(18, 'ULP Stabat', 'Jl. Proklamasi Stabat', 'Sumut 1', 1),
(19, 'ULP Tanjung Pura', '', 'Sumut 1', 1),
(20, 'ULP Berastagi', 'Jl. Udara No. 7, Berastagi, Tanah Karo', 'Sumut 1', 1),
(21, 'ULP Kuala', 'Jl. Binjai Kuala No. 8A, Kuala, Langkat', 'Sumut 1', 1),
(22, 'ULP Kabanjahe', 'Jl. Jamin Ginting Km 4,5, Kabanjahe, Tanah Karo', 'Sumut 1', 1),
(23, 'ULP Tiga Binanga', 'Jl. Ruam No. 125, Tiga Binanga, Tanah Karo', 'Sumut 1', 1),
(24, 'ULP Sidikalang', 'Jl. Sudirman No. 29, Sidikalan, Dairi', 'Sumut 1', 1),
(25, 'ULP Pancur Batu', 'Jl. Namori No. 24, Pancur Batu, Deli Serdang', 'Sumut 1', 1),
(26, 'ULP Deli Tua', 'Jl. Arda Kusuma No. 80, Deli Tua, Deli Serdang', 'Sumut 1', 1),
(27, 'ULP Galang', 'Jl. Perintis Kemerdekaan No. 97, Galang, Serdang Bedagai', 'Sumut 1', 1),
(28, 'ULP Lubuk Pakam', 'Jl. Tengku Raja Muda No. 62, Lubuk Pakam', 'Sumut 1', 1),
(29, 'ULP Medan Denai', 'Jl. Garuda Ujung,  Medan Denai, Medan', 'Sumut 1', 1),
(30, 'ULP Perbaungan', 'Jl. Teratai No. 10, Perbaungan, Serdang Bedagai', 'Sumut 1', 1),
(41, 'ULP Sunggal', '', 'Sumut 1', 1),
(42, 'ULP Gunung Sitoli', '', 'Sumut 1', 1),
(43, 'ULP Teluk Dalam', '', 'Sumut 1', 1),
(47, 'ULP Gunung Tua', '', 'Sumut 1', 1),
(48, 'ULP Kotanopan', '', 'Sumut 1', 1),
(49, 'ULP Natal', '', 'Sumut 1', 1),
(50, 'ULP Penyabungan', '', 'Sumut 1', 1),
(51, 'ULP Sibuhuan', '', 'Sumut 1', 1),
(52, 'ULP Sidimpuan Kota', '', 'Sumut 1', 1),
(53, 'ULP Sipirok', '', 'Sumut 1', 1),
(54, 'ULP Dolok Masihul', '', 'Sumut 1', 1),
(55, 'ULP Indrapura', '', 'Sumut 1', 1),
(56, 'ULP Kisaran', '', 'Sumut 1', 1),
(57, 'ULP Pangururan', '', 'Sumut 1', 1),
(58, 'ULP Parapat', '', 'Sumut 1', 1),
(59, 'ULP Perdagangan', '', 'Sumut 1', 1),
(60, 'ULP Siantar Kota', '', 'Sumut 1', 1),
(61, 'ULP Sidamanik', '', 'Sumut 1', 1),
(62, 'ULP Tanah Jawa', '', 'Sumut 1', 1),
(63, 'ULP Tanjung Tiram', '', 'Sumut 1', 1),
(64, 'ULP Tebing Tinggi', '', 'Sumut 1', 1),
(65, 'ULP Lima Puluh', '', 'Sumut 1', 1),
(68, 'ULP Aek Nabara', '', 'Sumut 1', 1),
(69, 'ULP Kota Pinang', '', 'Sumut 1', 1),
(70, 'ULP Labuhan Bilik', '', 'Sumut 1', 1),
(74, 'ULP Balige', '', 'Sumut 1', 1),
(75, 'ULP Barus', '', 'Sumut 1', 1),
(76, 'ULP Dolok Sanggul', '', 'Sumut 1', 1),
(77, 'ULP Porsea', '', 'Sumut 1', 1),
(78, 'ULP Sibolga Kota', '', 'Sumut 1', 1),
(79, 'ULP Siborong-Borong', '', 'Sumut 1', 1),
(80, 'ULP Tarutung', '', 'Sumut 1', 1),
(85, 'UIK Sumbagut', 'Medan', 'Sumut 2', NULL),
(86, 'UPK BELAWAN', 'Sicanang , Belawan', 'Sumut 1', NULL),
(87, 'UPK PANGKALAN SUSU', 'PANGKALAN SUSU', 'Sumut 1', NULL),
(88, 'UPHK MEDAN', 'MARELAN - MEDAN', 'Sumut 1', NULL),
(89, 'ULP Belawan', 'Belawan', 'Sumut 1', NULL),
(90, 'ULP Helvetia', 'Helvetia', 'Sumut 1', NULL),
(91, 'ULP Medan Baru', 'Medan Baru', 'Sumut 1', NULL),
(92, 'ULP Medan Selatan', 'Medan Selatan', 'Sumut 1', NULL),
(93, 'ULP Medan Timur', 'Medan Timur', 'Sumut 1', NULL),
(94, 'ULP Labuhan', 'Labuhan', 'Sumut 1', NULL),
(95, 'ULP Johor', 'Johor', 'Sumut 1', NULL),
(96, 'UP3 Lubuk Pakam', 'Lubuk Pakam', 'Sumut 1', NULL),
(97, 'ULP Lubuk Pakam Kota', 'Lubuk Pakam Kota', 'Sumut 1', NULL),
(98, 'ULP Sei Rampah', 'Sei Rampah', 'Sumut 1', NULL),
(99, 'ULP Tanjung Morawa', 'Tanjung Morawa', 'Sumut 1', NULL),
(100, 'ULP Medan Kota', NULL, 'sumut 1', 1),
(102, 'ULP Nias Barat', ' ', 'sumut 1', 1),
(103, 'UP2B Sumbagut', 'jl.Yos Sudarso Lorong XII, Glugur Kota, Medan', 'sumut 1', 1),
(104, 'ULP Tanjung Balai', NULL, 'sumut 1', 1),
(105, 'ULP Aek Kanopan', NULL, 'sumut 1', 1),
(106, 'ULP Simpang Kawat', NULL, 'sumut 1', 1),
(107, 'UIP Sumbagut', ' Medan', 'sumut 2', 1),
(108, 'UPT Pematang Siantar', 'Sumut', 'Sumut 2', NULL),
(109, 'UPT Medan', 'Medan', 'Sumut 2', NULL),
(110, 'UIP Pembangkit Sumatera', 'Jl Kartini No.23 Medan', 'Sumut 1', NULL),
(112, 'Unit Pelaksana Pelayanan Pelanggan (UP3) Medan', 'Medan', 'Sumut 2', NULL),
(113, 'ULP Medan Kota', 'Medan', 'Sumut 2', NULL),
(114, 'ULP Sunggal', 'Medan', 'Sumut 2', NULL),
(115, 'ULP Medan Baru', 'Medan', 'Sumut 2', NULL),
(116, 'ULP Medan Selatan', 'Medan', 'Sumut 2', NULL),
(117, 'ULP Johor', 'Medan', 'Sumut 2', NULL),
(118, 'Unit Pelaksana Pelayanan Pelanggan (UP3) Medan Utara', 'Medan', 'Sumut 2', NULL),
(119, 'ULP Medan Timur', 'Medan', 'Sumut 2', NULL),
(120, 'ULP Helvetia', 'Medan', 'Sumut 2', NULL),
(121, 'ULP Belawan', 'Medan', 'Sumut 2', NULL),
(122, 'ULP Labuhan', 'Medan', 'Sumut 2', NULL),
(123, 'Unit Pelaksana Pelayanan Pelanggan (UP3) Binjai', 'Medan', 'Sumut 2', NULL),
(124, 'ULP Binjai Kota', 'Medan', 'Sumut 2', NULL),
(125, 'ULP Binjai Timur', 'Medan', 'Sumut 2', NULL),
(126, 'ULP Binjai Barat', 'Medan', 'Sumut 2', NULL),
(127, 'ULP Stabat', 'Medan', 'Sumut 2', NULL),
(128, 'ULP Tanjung Pura', 'Medan', 'Sumut 2', NULL),
(129, 'ULP Gebang', 'Medan', 'Sumut 2', NULL),
(130, 'ULP P.Brandan', 'Medan', 'Sumut 2', NULL),
(131, 'ULP P.Susu', 'Medan', 'Sumut 2', NULL),
(132, 'Unit Pelaksana Pelayanan Pelanggan (UP3) Bukit Barisan', 'Medan', 'Sumut 2', NULL),
(133, 'ULP Pancur Batu', 'Medan', 'Sumut 2', NULL),
(134, 'ULP Brastagi', 'Medan', 'Sumut 2', NULL),
(135, 'ULP Kabanjahe', 'Medan', 'Sumut 2', NULL),
(136, 'ULP Tiga Binanga', 'Medan', 'Sumut 2', NULL),
(137, 'ULP Sidikalang', 'Medan', 'Sumut 2', NULL),
(138, 'ULP Kuala', 'Medan', 'Sumut 2', NULL),
(139, 'Unit Pelaksana Pelayanan Pelanggan (UP3) Lubuk Pakam', 'Medan', 'Sumut 2', NULL),
(140, 'ULP Lubuk Pakam Kota', 'Medan', 'Sumut 2', NULL),
(141, 'ULP Medan Denai', 'Medan', 'Sumut 2', NULL),
(142, 'ULP Tanjung Morawa', 'Medan', 'Sumut 2', NULL),
(143, 'ULP Perbaungan', 'Medan', 'Sumut 2', NULL),
(144, 'ULP Sei Rampah', 'Medan', 'Sumut 2', NULL),
(145, 'ULP Sei Rampah', 'Medan', 'Sumut 2', NULL),
(146, 'ULP Galang', 'Medan', 'Sumut 2', NULL),
(147, 'ULP Deli Tua', 'Medan', 'Sumut 2', NULL),
(148, 'Unit Pelaksana Pelayanan Pelanggan (UP3) Pematang Siantar', 'Medan', 'Sumut 2', NULL),
(150, 'ULP Pematangsiantar Kota', 'Medan', 'Sumut 2', NULL),
(151, 'ULP Tebing Tinggi', 'Medan', 'Sumut 2', NULL),
(152, 'ULP Kisaran', 'Medan', 'Sumut 2', NULL),
(153, 'ULP Perdagangan', 'Medan', 'Sumut 2', NULL),
(154, 'ULP Parapat', 'Medan', 'Sumut 2', NULL),
(155, 'ULP Tanjung Tiram', 'Medan', 'Sumut 2', NULL),
(156, 'ULP Sidamanik', 'Medan', 'Sumut 2', NULL),
(157, 'ULP Indra Pura', 'Medan', 'Sumut 2', NULL),
(158, 'ULP Tanah Jawa', 'Medan', 'Sumut 2', NULL),
(159, 'ULP Limapuluh', 'Medan', 'Sumut 2', NULL),
(160, 'ULP Pangururan', 'Medan', 'Sumut 2', NULL),
(161, 'ULP Dolok Masihul', 'Medan', 'Sumut 2', NULL),
(162, 'Unit Pelaksana Pelayanan Pelanggan (UP3) Rantau Prapat', 'Medan', 'Sumut 2', NULL),
(163, 'ULP Kota Pinang', 'Medan', 'Sumut 2', NULL),
(164, 'ULP Tanjung Balai', 'Medan', 'Sumut 2', NULL),
(165, 'ULP Aek Kanopan', 'Medan', 'Sumut 2', NULL),
(166, 'ULP Labuhan Bilik', 'Medan', 'Sumut 2', NULL),
(167, 'ULP Aek Nabara', 'Medan', 'Sumut 2', NULL),
(168, 'ULP Rantau Prapat Kota', 'Medan', 'Sumut 2', NULL),
(169, 'ULP Simpang Kawat', 'Medan', 'Sumut 2', NULL),
(170, 'ULP Kota Batu', 'Medan', 'Sumut 2', NULL),
(171, 'Unit Pelaksana Pelayanan Pelanggan (UP3) Sibolga', 'Medan', 'Sumut 2', NULL),
(172, 'ULP Sibolga Kota', 'Medan', 'Sumut 2', NULL),
(173, 'ULP Porsea', 'Medan', 'Sumut 2', NULL),
(174, 'ULP Balige', 'Medan', 'Sumut 2', NULL),
(175, 'ULP Siborong-borong', 'Medan', 'Sumut 2', NULL),
(176, 'ULP Dolok Sanggul', 'Medan', 'Sumut 2', NULL),
(177, 'ULP Tarutung', 'Medan', 'Sumut 2', NULL),
(178, 'ULP Barus', 'Medan', 'Sumut 2', NULL),
(179, 'Unit Pelaksana Pelayanan Pelanggan (UP3) Padangsidimpuan', 'Medan', 'Sumut 2', NULL),
(180, 'ULP P.SIDEMPUAN KOTA', 'Medan', 'Sumut 2', NULL),
(181, 'ULP Penyabungan', 'Medan', 'Sumut 2', NULL),
(182, 'ULP Kota Nopan', 'Medan', 'Sumut 2', NULL),
(183, 'ULP Sibuhuan', 'Medan', 'Sumut 2', NULL),
(184, 'ULP Sipirok', 'Medan', 'Sumut 2', NULL),
(185, 'ULP Gunung Tua', 'Medan', 'Sumut 2', NULL),
(186, 'ULP Natal', 'Medan', 'Sumut 2', NULL),
(187, 'Unit Pelaksana Pelayanan Pelanggan (UP3) Nias', 'Medan', 'Sumut 2', NULL),
(188, 'ULP Nias Barat', 'Medan', 'Sumut 2', NULL),
(189, 'ULP Gunung Sitoli', 'Medan', 'Sumut 2', NULL),
(190, 'ULP Teluk Dalam', 'Medan', 'Sumut 2', NULL),
(191, 'UP2K Provinsi Sumatera Utara', 'Medan', 'Sumut 2', NULL),
(192, 'Unit Pelaksana Pengatur Distribusi Sumatera Utara', 'Medan', 'Sumut 2', NULL),
(193, 'Unit Induk Pembangkitan Sumatera Bagian Utara ', 'Medan', 'Sumut 2', NULL),
(194, 'Unit Pelaksana Pembangkitan Belawan', 'Medan', 'Sumut 2', NULL),
(195, 'Unit Pelaksana Pemeliharaan Pembangkitan Medan', 'Medan', 'Sumut 2', NULL),
(196, 'PLTG GLUGUR', 'Medan', 'Sumut 2', NULL),
(197, 'PLTD TITI KUNING', 'Medan', 'Sumut 2', NULL),
(198, 'PLTG PAYA PASIR', 'Medan', 'Sumut 2', NULL),
(199, 'UPDK Pandan', 'Medan', 'Sumut 2', NULL),
(200, 'UPK Labuhan Angin', 'Medan', 'Sumut 2', NULL),
(201, 'Unit Pelaksana Pengatur Beban Sumatera Bagian Utara', 'Medan', 'Sumut 2', NULL),
(202, 'Unit Pelaksana Transmisi (UPT) Medan', 'Medan', 'Sumut 2', NULL),
(203, 'Unit Layanan Transmisi dan Gardu Induk (ULTG) Binjai ', 'Medan', 'Sumut 2', NULL),
(204, 'Gas Insulated Switchyard Glugur ', 'Medan', 'Sumut 2', NULL),
(205, 'Unit Layanan Transmisi dan Gardu Induk (ULTG) Titi Kuning', 'Medan', 'Sumut 2', NULL),
(207, 'Unit Layanan Transmisi dan Gardu Induk (ULTG) Payageli', 'Medan', 'Sumut 2', NULL),
(208, 'Unit Layanan Transmisi dan Gardu Induk (ULTG) Paya Pasir (TRAGI)', 'Medan', 'Sumut 2', NULL),
(209, 'Unit Layanan Transmisi dan Gardu Induk (ULTG) Sei Rotan (TRAGI)', 'Medan', 'Sumut 2', NULL),
(210, 'Unit Layanan Transmisi dan Gardu Induk (ULTG) Pangkalan ', 'Medan', 'Sumut 2', NULL),
(211, 'Unit Layanan Transmisi dan Gardu Induk (ULTG) Tamora', 'Medan', 'Sumut 2', NULL),
(212, 'Gas Insulated Switchyard MABAR', 'Medan', 'Sumut 2', NULL),
(213, 'Unit Layanan Transmisi dan Gardu Induk (ULTG) KIM', 'Medan', 'Sumut 2', NULL),
(214, 'Unit Layanan Transmisi dan Gardu Induk (ULTG) Lamhotma', 'Medan', 'Sumut 2', NULL),
(215, 'Unit Layanan Transmisi dan Gardu Induk (ULTG) Labuhan', 'Medan', 'Sumut 2', NULL),
(216, 'Unit Layanan Transmisi dan Gardu Induk (ULTG) Perbaungan', 'Medan', 'Sumut 2', NULL),
(217, 'Unit Layanan Transmisi dan Gardu Induk (ULTG) Denai', 'Medan', 'Sumut 2', NULL),
(218, 'Unit Layanan Transmisi dan Gardu Induk (ULTG) Belawan', 'Medan', 'Sumut 2', NULL),
(219, 'Gas Insulated Switchyard Listrik', 'Medan', 'Sumut 2', NULL),
(220, 'Unit Layanan Transmisi dan Gardu Induk (ULTG) Namorambe', 'Medan', 'Sumut 2', NULL),
(221, 'Unit Layanan Transmisi dan Gardu Induk (ULTG) Kualanamu', 'Medan', 'Sumut 2', NULL),
(222, 'Unit Layanan Transmisi dan Gardu Induk (ULTG) Binjai 275 kV', 'Medan', 'Sumut 2', NULL),
(223, 'Unit Layanan Transmisi dan Gardu Induk (ULTG) Pangkalan Susu', 'Medan', 'Sumut 2', NULL),
(224, 'Unit Layanan Transmisi dan Gardu Induk (ULTG) GALANG', 'Medan', 'Sumut 2', NULL),
(225, 'Unit Layanan Transmisi dan Gardu Induk (ULTG) GUNUNG SITOLI', 'Medan', 'Sumut 2', NULL),
(226, 'Unit Layanan Transmisi dan Gardu Induk (ULTG) TELUK DALAM', 'Medan', 'Sumut 2', NULL),
(227, 'Unit Pelaksana Transmisi (UPT) Pematang Siantar', 'Medan', 'Sumut 2', NULL),
(228, 'GI BRASTAGI', 'Medan', 'Sumut 2', NULL),
(229, 'GI TEBING TINGGI', 'Medan', 'Sumut 2', NULL),
(230, 'GUDANG UPT PEMATANG SIANTAR', 'Medan', 'Sumut 2', NULL),
(231, 'GIS RENUN', 'Medan', 'Sumut 2', NULL),
(232, 'GI TELE', 'Medan', 'Sumut 2', NULL),
(233, 'GI TARUTUNG', 'Medan', 'Sumut 2', NULL),
(234, 'GI SIPAN 2', 'Medan', 'Sumut 2', NULL),
(235, 'GI SIPAN 1', 'Medan', 'Sumut 2', NULL),
(236, 'GI SIMANGKUK', 'Medan', 'Sumut 2', NULL),
(237, 'GI SIMANGKE', 'Medan', 'Sumut 2', NULL),
(238, 'GI SIDIKALANG', 'Medan', 'Sumut 2', NULL),
(239, 'GI SALAK', 'Medan', 'Sumut 2', NULL),
(240, 'GI RANTAU PRAPAT', 'Medan', 'Sumut 2', NULL),
(241, 'GI PORSEA', 'Medan', 'Sumut 2', NULL),
(242, 'GI PLTA ASAHAN I', 'Medan', 'Sumut 2', NULL),
(243, 'GI PEMATANG SIANTAR', 'Medan', 'Sumut 2', NULL),
(244, 'GI MARTABE', 'Medan', 'Sumut 2', NULL),
(245, 'GI LABUHAN ANGIN', 'Medan', 'Sumut 2', NULL),
(246, 'GI KUALA TANJUNG', 'Medan', 'Sumut 2', NULL),
(247, 'GI KISARAN', 'Medan', 'Sumut 2', NULL),
(248, 'GI GUNUNG TUA', 'Medan', 'Sumut 2', NULL),
(249, 'GI GUNUNG PARA', 'Medan', 'Sumut 2', NULL),
(250, 'GI DOLOK SANGGUL', 'Medan', 'Sumut 2', NULL),
(251, 'GI AEK KANOPAN', 'Medan', 'Sumut 2', NULL),
(252, 'GI SIBOLGA', 'Medan', 'Sumut 2', NULL),
(253, 'GI PADANG SIDEMPUAN', 'Medan', 'Sumut 2', NULL),
(254, 'GI PANGURURAN', 'Medan', 'Sumut 2', NULL),
(255, 'GITET SARULLA', 'Medan', 'Sumut 2', NULL),
(256, 'GITET NEW Padang sidempuan', 'Medan', 'Sumut 2', NULL),
(257, 'Unit Induk Pembangunan Sumatera Bagian Utara', 'Medan', 'Sumut 2', NULL),
(258, 'Unit Pelaksana Proyek Jaringan Sumatera Utara 1', 'Medan', 'Sumut 2', NULL),
(259, 'UPP JARSUM 2', 'Medan', 'Sumut 2', NULL),
(260, 'Unit Induk Pembangunan Pembangkit Sumatera', 'Medan', 'Sumut 2', NULL),
(261, 'Unit Pelaksana Proyek Pembangkit Sumatera 2', 'Medan', 'Sumut 2', NULL),
(262, 'PLTU SUMUT 2', 'Medan', 'Sumut 2', NULL),
(263, 'Unit Pelaksana Proyek Pembangkit Sumatera 6', 'Medan', 'Sumut 2', NULL),
(264, 'PLTA ASAHAN 3', 'Medan', 'Sumut 2', NULL),
(265, 'MPP NIAS', 'Medan', 'Sumut 2', NULL),
(266, 'Unit Pelaksana Manajemen Konstruksi IV', 'Medan', 'Sumut 2', NULL),
(267, 'UPDL Tuntungan', 'Medan', 'Sumut 2', NULL),
(268, 'ULP Pematangsiantar Kota', 'Medan', 'Sumut 1', NULL),
(269, 'ULP Rantau Prapat Kota', 'Medan', 'Sumut 1', NULL),
(270, 'ULP Kota Batu', 'Medan', 'Sumut 1', NULL),
(271, 'ULP P.SIDEMPUAN KOTA', 'Medan', 'Sumut 1', NULL),
(272, 'UP2K Provinsi Sumatera Utara', 'Medan', 'Sumut 1', NULL),
(273, 'Unit Pelaksana Pengatur Distribusi Sumatera Utara', 'Medan', 'Sumut 1', NULL),
(274, 'Unit Induk Pembangkitan Sumatera Bagian Utara ', 'Medan', 'Sumut 1', NULL),
(275, 'Unit Pelaksana Pembangkitan Belawan', 'Medan', 'Sumut 1', NULL),
(276, 'ULPL Glugur', 'Medan', 'Sumut 1', NULL),
(277, 'ULPL Titi Kuning', 'Medan', 'Sumut 1', NULL),
(278, 'ULPL Paya Pasir', 'Medan', 'Sumut 1', NULL),
(279, 'Unit Pelaksana Pemeliharaan Pembangkitan Medan', 'Medan', 'Sumut 1', NULL),
(280, 'UPDK Pandan', 'Medan', 'Sumut 1', NULL),
(281, 'UPK Labuhan Angin', 'Medan', 'Sumut 1', NULL),
(282, 'Unit Pelaksana Pengatur Beban Sumatera Bagian Utara', 'Medan', 'Sumut 1', NULL),
(283, 'Unit Pelaksana Transmisi (UPT) Medan', 'Medan', 'Sumut 1', NULL),
(284, 'Unit Layanan Transmisi dan Gardu Induk (ULTG) Binjai ', 'Medan', 'Sumut 1', NULL),
(285, 'Gas Insulated Switchyard Glugur ', 'Medan', 'Sumut 1', NULL),
(286, 'Unit Layanan Transmisi dan Gardu Induk (ULTG) Titi Kuning', 'Medan', 'Sumut 1', NULL),
(287, 'Unit Layanan Transmisi dan Gardu Induk (ULTG) Payageli', 'Medan', 'Sumut 1', NULL),
(288, 'Unit Layanan Transmisi dan Gardu Induk (ULTG) Paya Pasir (TRAGI)', 'Medan', 'Sumut 1', NULL),
(289, 'Unit Layanan Transmisi dan Gardu Induk (ULTG) Sei Rotan (TRAGI)', 'Medan', 'Sumut 1', NULL),
(290, 'Unit Layanan Transmisi dan Gardu Induk (ULTG) Pangkalan Berandan', 'Medan', 'Sumut 1', NULL),
(291, 'Unit Layanan Transmisi dan Gardu Induk (ULTG) Tamora', 'Medan', 'Sumut 1', NULL),
(292, 'Gas Insulated Switchyard MABAR', 'Medan', 'Sumut 1', NULL),
(293, 'Unit Layanan Transmisi dan Gardu Induk (ULTG) KIM', 'Medan', 'Sumut 1', NULL),
(294, 'Unit Layanan Transmisi dan Gardu Induk (ULTG) Lamhotma', 'Medan', 'Sumut 1', NULL),
(295, 'Unit Layanan Transmisi dan Gardu Induk (ULTG) Labuhan', 'Medan', 'Sumut 1', NULL),
(296, 'Unit Layanan Transmisi dan Gardu Induk (ULTG) Perbaungan', 'Medan', 'Sumut 1', NULL),
(297, 'Unit Layanan Transmisi dan Gardu Induk (ULTG) Denai', 'Medan', 'Sumut 1', NULL),
(298, 'Unit Layanan Transmisi dan Gardu Induk (ULTG) Belawan', 'Medan', 'Sumut 1', NULL),
(299, 'Gas Insulated Switchyard Listrik', 'Medan', 'Sumut 1', NULL),
(300, 'Unit Layanan Transmisi dan Gardu Induk (ULTG) Namorambe', 'Medan', 'Sumut 1', NULL),
(301, 'Unit Layanan Transmisi dan Gardu Induk (ULTG) Kualanamu', 'Medan', 'Sumut 1', NULL),
(302, 'Unit Layanan Transmisi dan Gardu Induk (ULTG) Binjai 275 kV', 'Medan', 'Sumut 1', NULL),
(303, 'Unit Layanan Transmisi dan Gardu Induk (ULTG) Pangkalan Susu', 'Medan', 'Sumut 1', NULL),
(304, 'Unit Layanan Transmisi dan Gardu Induk (ULTG) GALANG', 'Medan', 'Sumut 1', NULL),
(305, 'Unit Layanan Transmisi dan Gardu Induk (ULTG) GUNUNG SITOLI', 'Medan', 'Sumut 1', NULL),
(306, 'Unit Layanan Transmisi dan Gardu Induk (ULTG) TELUK DALAM', 'Medan', 'Sumut 1', NULL),
(307, 'Unit Pelaksana Transmisi (UPT) Pematang Siantar', 'Medan', 'Sumut 1', NULL),
(308, 'GI BRASTAGI', 'Medan', 'Sumut 1', NULL),
(309, 'GI TEBING TINGGI', 'Medan', 'Sumut 1', NULL),
(310, 'GUDANG UPT PEMATANG SIANTAR', 'Medan', 'Sumut 1', NULL),
(311, 'GIS RENUN', 'Medan', 'Sumut 1', NULL),
(312, 'GI TELE', 'Medan', 'Sumut 1', NULL),
(313, 'GI TARUTUNG', 'Medan', 'Sumut 1', NULL),
(314, 'GI SIPAN 2', 'Medan', 'Sumut 1', NULL),
(315, 'GI SIPAN 1', 'Medan', 'Sumut 1', NULL),
(316, 'GI SIMANGKUK', 'Medan', 'Sumut 1', NULL),
(317, 'GI SIMANGKE', 'Medan', 'Sumut 1', NULL),
(318, 'GI SIDIKALANG', 'Medan', 'Sumut 1', NULL),
(319, 'GI SALAK', 'Medan', 'Sumut 1', NULL),
(320, 'GI RANTAU PRAPAT', 'Medan', 'Sumut 1', NULL),
(321, 'GI PORSEA', 'Medan', 'Sumut 1', NULL),
(322, 'GI PLTA ASAHAN I', 'Medan', 'Sumut 1', NULL),
(323, 'GI PEMATANG SIANTAR', 'Medan', 'Sumut 1', NULL),
(324, 'GI MARTABE', 'Medan', 'Sumut 1', NULL),
(325, 'GI LABUHAN ANGIN', 'Medan', 'Sumut 1', NULL),
(326, 'GI KUALA TANJUNG', 'Medan', 'Sumut 1', NULL),
(327, 'GI KISARAN', 'Medan', 'Sumut 1', NULL),
(328, 'GI GUNUNG TUA', 'Medan', 'Sumut 1', NULL),
(329, 'GI GUNUNG PARA', 'Medan', 'Sumut 1', NULL),
(330, 'GI DOLOK SANGGUL', 'Medan', 'Sumut 1', NULL),
(331, 'GI AEK KANOPAN', 'Medan', 'Sumut 1', NULL),
(332, 'GI SIBOLGA', 'Medan', 'Sumut 1', NULL),
(333, 'GI PADANG SIDEMPUAN', 'Medan', 'Sumut 1', NULL),
(334, 'GI PANGURURAN', 'Medan', 'Sumut 1', NULL),
(335, 'GITET SARULLA', 'Medan', 'Sumut 1', NULL),
(336, 'GITET NEW Padang sidempuan', 'Medan', 'Sumut 1', NULL),
(337, 'Unit Induk Pembangunan Sumatera Bagian Utara', 'Medan', 'Sumut 1', NULL),
(338, 'Unit Induk Pelaksana Proyek Jaringan Sumatera Utara 1', 'Medan', 'Sumut 1', NULL),
(339, 'UPP JARSUM 2', 'Medan', 'Sumut 1', NULL),
(340, 'Unit Induk Pembangunan Pembangkit Sumatera', 'Medan', 'Sumut 1', NULL),
(341, 'Unit Pelaksana Proyek Pembangkit Sumatera 2', 'Medan', 'Sumut 1', NULL),
(342, 'PLTU SUMUT 2', 'Medan', 'Sumut 1', NULL),
(343, 'Unit Pelaksana Proyek Pembangkit Sumatera 6', 'Medan', 'Sumut 1', NULL),
(344, 'PLTA ASAHAN 3', 'Medan', 'Sumut 1', NULL),
(345, 'MPP NIAS', 'Medan', 'Sumut 1', NULL),
(346, 'Unit Pelaksana Manajemen Konstruksi IV', 'Medan', 'Sumut 1', NULL),
(347, 'UPDL Tuntungan', 'Medan', 'Sumut 1', NULL),
(348, 'Unit Layanan Transmisi dan Gardu Induk (ULTG) Gunung Sitoli', 'Gunung Sitoli', 'Sumut 1', NULL),
(349, 'GI Gunung Sitoli', 'Gunung Sitoli', 'Sumut 1', NULL),
(350, 'GI Teluk Dalam', 'Teluk Dalam', 'Sumut 1', NULL);

-- --------------------------------------------------------

--
-- Table structure for table `users`
--

CREATE TABLE `users` (
  `id_users` int(11) NOT NULL,
  `username` varchar(25) NOT NULL,
  `password` text NOT NULL,
  `id_role` int(11) NOT NULL
) ENGINE=InnoDB DEFAULT CHARSET=latin1;

--
-- Dumping data for table `users`
--

INSERT INTO `users` (`id_users`, `username`, `password`, `id_role`) VALUES
(1, 'ikhsanaja', 'UlZsSVorN0ZiZDE2UWZ0UUE5aVdsUT09', 4),
(7, 'ikhsan', 'bUZ6M002ZVg5OXN5WmVNZUtiUFFjZz09', 2),
(8, 'admin', 'ajh4Z0QyT3dhVjFJd0xtakg0NVJBUT09', 1),
(9, 'iwan.hermawan', 'SVJxOTR1cm0rcXNqbUlxblhuWkJmQT09', 1),
(10, 'stisumut1', 'SWFQZ2F3UlJPOUVPZEMvZ2xETCtSaThQWTVvcUdrN0s1SmZ0K0JnZ1Bucz0=', 1),
(11, 'itsupport', 'dGlaSEhmRlhaeUxUbWFBZHZoYy9yUT09', 3);

-- --------------------------------------------------------

--
-- Table structure for table `vendor`
--

CREATE TABLE `vendor` (
  `id_vendor` int(11) NOT NULL,
  `nama_vendor` varchar(100) DEFAULT NULL,
  `alamat_vendor` varchar(100) DEFAULT NULL,
  `telepon` varchar(13) DEFAULT NULL
) ENGINE=InnoDB DEFAULT CHARSET=latin1;

--
-- Dumping data for table `vendor`
--

INSERT INTO `vendor` (`id_vendor`, `nama_vendor`, `alamat_vendor`, `telepon`) VALUES
(1, 'ICON+', 'Jl.Gatot Subroto', '08572346522'),
(3, 'Astra Graphia', 'Medan', '098765468575'),
(4, 'Tricom', 'Medan', '085272722832'),
(5, 'Tekno Media', 'Medan', '085372816439');

-- --------------------------------------------------------

--
-- Table structure for table `vicon`
--

CREATE TABLE `vicon` (
  `id_vicon` int(11) NOT NULL,
  `id_merek` int(11) DEFAULT NULL,
  `type` varchar(50) DEFAULT NULL,
  `tahun` int(4) DEFAULT NULL,
  `no_seri` varchar(100) DEFAULT NULL,
  `ip_address` varchar(50) DEFAULT NULL,
  `mac_address` varchar(50) DEFAULT NULL,
  `id_unit` int(11) DEFAULT NULL
) ENGINE=InnoDB DEFAULT CHARSET=latin1;

--
-- Dumping data for table `vicon`
--

INSERT INTO `vicon` (`id_vicon`, `id_merek`, `type`, `tahun`, `no_seri`, `ip_address`, `mac_address`, `id_unit`) VALUES
(1, 86, 'EVC900', 0, '5200777700056', '10.16.111.15', '00181AE029C4', 1),
(2, 86, 'AVER Comm H Series', 0, '5302474200105', '10.16.22.22', '00:18:1A:E0:04:62', 6),
(3, 86, 'V2D1', 0, '530247420002200    ', '10.16.83.15', '64:A0:E7:OC:48:45', 4),
(4, 86, 'V2D1', 0, '530251 2900027', '10.16.35.15', '00-18-1a-e0-01-6f', 2),
(5, 86, 'V2D2', 0, '', '10.16.14.15', '', 3),
(6, 86, 'Avercomm H100', 0, '5200435200002', '10.16.4.247', '00-18-1A-E0-03-39', 9),
(7, 86, 'Avercomm H100', 0, '5200435200012', '10.16.7.15', '', 10),
(8, 86, 'V2D1', 0, '5302476700017', '10.16.55.15', '', 11),
(9, 88, 'DLP Texas Instruments', 2014, 'BQVJ42100423', '10.16.60.15', '', 8),
(10, 86, 'V2D1', 0, '5302512900019', '10.16.206.99', '00-18-1A-E0-04-58', 7),
(11, 87, 'C20', 2016, 'F1AN09F00030', '10.43.10.152', '00:50:60:0D:C6:1D', 103);

--
-- Indexes for dumped tables
--

--
-- Indexes for table `aplikasi_lokal`
--
ALTER TABLE `aplikasi_lokal`
  ADD KEY `id_laptop` (`id_aplikasi_lokal`);

--
-- Indexes for table `data_network`
--
ALTER TABLE `data_network`
  ADD PRIMARY KEY (`data_id`);

--
-- Indexes for table `hi`
--
ALTER TABLE `hi`
  ADD PRIMARY KEY (`id_hi`);

--
-- Indexes for table `hi_standard`
--
ALTER TABLE `hi_standard`
  ADD PRIMARY KEY (`id_hi_standard`);

--
-- Indexes for table `it_support`
--
ALTER TABLE `it_support`
  ADD PRIMARY KEY (`id`);

--
-- Indexes for table `komputer`
--
ALTER TABLE `komputer`
  ADD KEY `id_laptop` (`id_komputer`);

--
-- Indexes for table `kpi`
--
ALTER TABLE `kpi`
  ADD KEY `kpi_id` (`kpi_id`);

--
-- Indexes for table `laptop`
--
ALTER TABLE `laptop`
  ADD UNIQUE KEY `serial` (`serial_number`,`id_laptop`),
  ADD KEY `id_laptop` (`id_laptop`) USING BTREE;

--
-- Indexes for table `log_gangguan`
--
ALTER TABLE `log_gangguan`
  ADD KEY `log_id` (`log_id`);

--
-- Indexes for table `merek`
--
ALTER TABLE `merek`
  ADD KEY `id_merek` (`id_merek`);

--
-- Indexes for table `monitor`
--
ALTER TABLE `monitor`
  ADD KEY `id_laptop` (`id_monitor`);

--
-- Indexes for table `network_device`
--
ALTER TABLE `network_device`
  ADD KEY `id_laptop` (`id_network_device`);

--
-- Indexes for table `pegawai`
--
ALTER TABLE `pegawai`
  ADD PRIMARY KEY (`pegawai_id`);

--
-- Indexes for table `printer`
--
ALTER TABLE `printer`
  ADD KEY `id_laptop` (`id_printer`);

--
-- Indexes for table `report_kerusakan`
--
ALTER TABLE `report_kerusakan`
  ADD PRIMARY KEY (`id_report`);

--
-- Indexes for table `role`
--
ALTER TABLE `role`
  ADD KEY `id_role` (`id_role`);

--
-- Indexes for table `server`
--
ALTER TABLE `server`
  ADD KEY `id_laptop` (`id_server`);

--
-- Indexes for table `tambak`
--
ALTER TABLE `tambak`
  ADD PRIMARY KEY (`id_tambak`);

--
-- Indexes for table `unit`
--
ALTER TABLE `unit`
  ADD PRIMARY KEY (`id_unit`);

--
-- Indexes for table `users`
--
ALTER TABLE `users`
  ADD PRIMARY KEY (`id_users`),
  ADD KEY `ID_ROLE` (`id_role`);

--
-- Indexes for table `vendor`
--
ALTER TABLE `vendor`
  ADD KEY `id_vendor` (`id_vendor`);

--
-- Indexes for table `vicon`
--
ALTER TABLE `vicon`
  ADD KEY `id_vicon` (`id_vicon`);

--
-- AUTO_INCREMENT for dumped tables
--

--
-- AUTO_INCREMENT for table `aplikasi_lokal`
--
ALTER TABLE `aplikasi_lokal`
  MODIFY `id_aplikasi_lokal` int(11) NOT NULL AUTO_INCREMENT, AUTO_INCREMENT=31;

--
-- AUTO_INCREMENT for table `data_network`
--
ALTER TABLE `data_network`
  MODIFY `data_id` int(11) NOT NULL AUTO_INCREMENT, AUTO_INCREMENT=5;

--
-- AUTO_INCREMENT for table `hi`
--
ALTER TABLE `hi`
  MODIFY `id_hi` int(11) NOT NULL AUTO_INCREMENT, AUTO_INCREMENT=12;

--
-- AUTO_INCREMENT for table `hi_standard`
--
ALTER TABLE `hi_standard`
  MODIFY `id_hi_standard` int(11) NOT NULL AUTO_INCREMENT, AUTO_INCREMENT=12;

--
-- AUTO_INCREMENT for table `it_support`
--
ALTER TABLE `it_support`
  MODIFY `id` int(11) NOT NULL AUTO_INCREMENT, AUTO_INCREMENT=3;

--
-- AUTO_INCREMENT for table `komputer`
--
ALTER TABLE `komputer`
  MODIFY `id_komputer` int(11) NOT NULL AUTO_INCREMENT, AUTO_INCREMENT=1632;

--
-- AUTO_INCREMENT for table `kpi`
--
ALTER TABLE `kpi`
  MODIFY `kpi_id` int(11) NOT NULL AUTO_INCREMENT, AUTO_INCREMENT=32;

--
-- AUTO_INCREMENT for table `laptop`
--
ALTER TABLE `laptop`
  MODIFY `id_laptop` int(11) NOT NULL AUTO_INCREMENT, AUTO_INCREMENT=374;

--
-- AUTO_INCREMENT for table `log_gangguan`
--
ALTER TABLE `log_gangguan`
  MODIFY `log_id` int(11) NOT NULL AUTO_INCREMENT, AUTO_INCREMENT=18;

--
-- AUTO_INCREMENT for table `merek`
--
ALTER TABLE `merek`
  MODIFY `id_merek` int(11) NOT NULL AUTO_INCREMENT, AUTO_INCREMENT=91;

--
-- AUTO_INCREMENT for table `monitor`
--
ALTER TABLE `monitor`
  MODIFY `id_monitor` int(11) NOT NULL AUTO_INCREMENT;

--
-- AUTO_INCREMENT for table `network_device`
--
ALTER TABLE `network_device`
  MODIFY `id_network_device` int(11) NOT NULL AUTO_INCREMENT, AUTO_INCREMENT=143;

--
-- AUTO_INCREMENT for table `pegawai`
--
ALTER TABLE `pegawai`
  MODIFY `pegawai_id` int(11) NOT NULL AUTO_INCREMENT, AUTO_INCREMENT=3;

--
-- AUTO_INCREMENT for table `printer`
--
ALTER TABLE `printer`
  MODIFY `id_printer` int(11) NOT NULL AUTO_INCREMENT, AUTO_INCREMENT=438;

--
-- AUTO_INCREMENT for table `report_kerusakan`
--
ALTER TABLE `report_kerusakan`
  MODIFY `id_report` int(13) NOT NULL AUTO_INCREMENT, AUTO_INCREMENT=3;

--
-- AUTO_INCREMENT for table `role`
--
ALTER TABLE `role`
  MODIFY `id_role` int(11) NOT NULL AUTO_INCREMENT, AUTO_INCREMENT=5;

--
-- AUTO_INCREMENT for table `server`
--
ALTER TABLE `server`
  MODIFY `id_server` int(11) NOT NULL AUTO_INCREMENT, AUTO_INCREMENT=48;

--
-- AUTO_INCREMENT for table `tambak`
--
ALTER TABLE `tambak`
  MODIFY `id_tambak` int(11) NOT NULL AUTO_INCREMENT, AUTO_INCREMENT=50;

--
-- AUTO_INCREMENT for table `unit`
--
ALTER TABLE `unit`
  MODIFY `id_unit` int(11) NOT NULL AUTO_INCREMENT, AUTO_INCREMENT=351;

--
-- AUTO_INCREMENT for table `users`
--
ALTER TABLE `users`
  MODIFY `id_users` int(11) NOT NULL AUTO_INCREMENT, AUTO_INCREMENT=12;

--
-- AUTO_INCREMENT for table `vendor`
--
ALTER TABLE `vendor`
  MODIFY `id_vendor` int(11) NOT NULL AUTO_INCREMENT, AUTO_INCREMENT=6;

--
-- AUTO_INCREMENT for table `vicon`
--
ALTER TABLE `vicon`
  MODIFY `id_vicon` int(11) NOT NULL AUTO_INCREMENT, AUTO_INCREMENT=12;
COMMIT;

/*!40101 SET CHARACTER_SET_CLIENT=@OLD_CHARACTER_SET_CLIENT */;
/*!40101 SET CHARACTER_SET_RESULTS=@OLD_CHARACTER_SET_RESULTS */;
/*!40101 SET COLLATION_CONNECTION=@OLD_COLLATION_CONNECTION */;
